pl_name,hostname,pl_orbsmax,pl_orbper,pl_orbeccen,pl_bmasse,pl_rade,st_mass,st_rad,st_teff
"Kepler-1753 b","Kepler-1753",0.1179000000,16.00460052000,0.000000,5.59000000,2.22678077,0.860000,0.769000,5180.00
"K2-126 b","K2-126",0.0656000000,7.38565500000,0.060000,4.54000000,1.97000000,0.690000,0.650000,4339.00
"Kepler-1263 b","Kepler-1263",0.0499000000,4.55139967000,0.000000,1.55000000,1.14000000,0.840000,0.800000,5213.00
"Kepler-1416 b","Kepler-1416",0.0257000000,1.49514952000,0.000000,0.61500000,0.88000000,1.090000,1.150000,6019.00
"Kepler-1542 c","Kepler-1542",0.0387000000,2.89223021000,0.000000,0.20800000,0.65000000,0.940000,0.990000,5564.00
"K2-85 b","K2-85",0.0130000000,0.68453862616,0.240000,3.20000000,1.40000000,0.700000,0.710000,4232.00
"Kepler-770 b","Kepler-770",0.1694000000,18.92540274000,0.000000,5.90000000,2.30000000,0.940000,0.920000,5598.00
"Kepler-1399 b","Kepler-1399",0.0276000000,1.63865305800,0.000000,2.10000000,1.25000000,0.970000,0.960000,5735.00
"K2-80 c","K2-80",0.0596000000,5.60500000000,,2.76000000,1.47000000,0.900000,0.870000,5441.00
"Kepler-65 c","Kepler-65",0.0680000000,5.85994400000,0.020000,5.40000000,2.58000000,1.250000,1.410000,6211.00
"Kepler-939 b","Kepler-939",0.1153000000,14.87829600000,0.000000,3.71000000,1.75000000,0.880000,0.850000,5471.00
"Kepler-1028 b","Kepler-1028",0.0354000000,2.51462432000,0.000000,2.33000000,1.33000000,0.900000,0.870000,5522.00
"Kepler-768 b","Kepler-768",0.0920000000,11.39100250000,0.000000,3.86000000,1.79000000,0.820000,0.780000,5108.00
"Kepler-796 b","Kepler-796",0.0731700000,6.40087618000,0.000000,2.24000000,1.30000000,0.930000,1.090000,5475.00
"Kepler-110 b","Kepler-110",0.1070000000,12.69111200000,0.000000,4.01000000,1.83000000,0.989000,1.149000,5960.00
"Kepler-1042 b","Kepler-1042",0.0756000000,10.13202575000,0.000000,5.43000000,2.19000000,0.750000,0.720000,4815.00
"Kepler-334 c","Kepler-334",0.1070000000,12.75800500000,0.000000,2.63000000,1.43000000,1.022000,1.068000,5828.00
"Kepler-1117 b","Kepler-1117",0.0548500000,4.79028459000,0.000000,1.41000000,1.11000000,0.950000,0.930000,5612.00
"Kepler-1831 b","Kepler-1831",0.0655000000,5.78387022000,0.000000,4.54000000,1.97019818,1.117000,1.012000,6063.00
"Kepler-1245 b","Kepler-1245",0.0484000000,4.35409304000,0.000000,2.67000000,1.44000000,0.860000,0.830000,5306.00
"Kepler-114 b","Kepler-114",0.0530000000,5.18854900000,0.000000,1.09000000,1.26000000,0.770000,0.667000,4605.00
"Kepler-1105 b","Kepler-1105",0.0471000000,4.42157218200,0.000000,4.70000000,2.01000000,0.710000,0.680000,4299.00
"Kepler-187 b","Kepler-187",0.0590000000,4.93886400000,0.000000,2.57000000,1.41000000,1.081000,1.287000,6105.00
"Kepler-1379 b","Kepler-1379",0.0171000000,0.88184114600,0.000000,2.24000000,1.30000000,0.830000,0.790000,5188.00
"Kepler-304 c","Kepler-304",0.0540000000,5.31594600000,0.000000,5.35000000,2.17000000,0.737000,0.687000,4731.00
"Kepler-1291 b","Kepler-1291",0.0779000000,8.63043276000,0.000000,3.39000000,1.66000000,0.840000,0.800000,5216.00
"Kepler-304 e","Kepler-304",0.0231700000,1.49914695300,0.000000,1.87000000,1.20000000,0.800000,0.730000,4817.00
"Kepler-1894 b","Kepler-1894",0.0385000000,2.76266002700,0.000000,1.87000000,1.20117759,0.999000,0.901000,5772.00
"Kepler-1893 b","Kepler-1893",0.0504000000,4.17936992600,0.000000,3.55000000,1.70557445,0.973000,1.162000,5633.00
"Kepler-1601 b","Kepler-1601",0.0328100000,2.20921951000,0.000000,0.47700000,0.82000000,1.040000,1.070000,5869.00
"Kepler-1922 b","Kepler-1922",0.1077000000,13.22259998000,0.000000,5.86000000,2.29064904,0.953000,0.863000,5931.00
"HD 80653 b","HD 80653",0.0165700000,0.71957926000,0.000000,5.61000000,1.62100000,1.150000,1.199000,5959.00
"Kepler-1542 d","Kepler-1542",0.0629000000,5.99273738000,0.000000,0.59000000,0.87000000,0.940000,0.990000,5564.00
"Kepler-595 c","Kepler-595",0.0983000000,12.38602000000,0.000000,3.30000000,1.00900000,0.930000,0.821000,5138.50
"PSR B1257+12 b","PSR B1257+12",0.1900000000,25.26200000000,0.000000,0.02000000,0.33800000,1.400000,,
"PSR B1257+12 c","PSR B1257+12",0.3600000000,66.54190000000,0.018600,4.30000000,1.91000000,1.400000,,
"K2-269 b","K2-269",0.0531000000,4.14496500000,,3.09000000,1.57000000,1.160000,1.450000,6209.00
"Kepler-1031 b","Kepler-1031",0.0218000000,1.22621732000,0.000000,0.59000000,0.87000000,1.090000,1.120000,6011.00
"Kepler-948 b","Kepler-948",0.0749000000,7.76846622000,0.000000,4.08000000,1.85000000,0.960000,0.940000,5679.00
"Kepler-1882 b","Kepler-1882",0.1163600000,13.78730011000,0.000000,2.81000000,1.48674404,1.068000,1.458000,5691.00
"Kepler-1573 b","Kepler-1573",0.0364000000,2.61575540000,0.000000,1.87000000,1.20000000,1.010000,1.000000,5808.00
"Kepler-1440 b","Kepler-1440",0.2343100000,39.85948400000,0.000000,2.13000000,1.26000000,0.980000,0.960000,5698.00
"Kepler-1964 b","Kepler-1964",0.0322000000,2.44082999200,0.000000,3.83000000,1.78105870,0.752000,0.698000,4803.00
"Wolf 327 b","Wolf 327",0.0100000000,0.57347450000,0.000000,2.53000000,1.24000000,0.405000,0.406000,3542.00
"TOI-5789 c","TOI-5789",0.1009000000,12.92774800000,0.067000,5.00000000,2.86000000,0.821000,0.833000,5185.00
"Kepler-132 b","Kepler-132",0.0670000000,6.17819600000,0.000000,1.92000000,1.21000000,0.929000,1.178000,6003.00
"PSR B0329+54 b","PSR B0329+54",10.2600000000,10140.00000000000,0.236000,1.97000000,1.22000000,1.440000,,
"Kepler-1503 b","Kepler-1503",0.3771000000,96.16987000000,0.000000,5.77000000,2.27000000,0.770000,0.740000,5069.00
"Kepler-1124 b","Kepler-1124",0.0305000000,2.85234897500,0.000000,2.18000000,1.28000000,0.350000,0.340000,3658.00
"Kepler-1581 b","Kepler-1581",0.0686500000,6.28385491000,0.000000,0.43700000,0.80000000,1.120000,1.230000,6022.00
"LHS 1815 b","LHS 1815",0.0404000000,3.81433400000,0.000000,1.58000000,1.08800000,0.502000,0.501000,3643.00
"Kepler-1580 b","Kepler-1580",0.3357100000,56.64492790000,0.000000,5.10000000,2.11000000,1.470000,2.150000,6228.00
"Kepler-198 d","Kepler-198",0.0234200000,1.31184443000,0.000000,2.96000000,1.53000000,0.970000,0.930000,5636.00
"Kepler-1697 b","Kepler-1697",0.2008000000,33.49690000000,0.000000,2.12000000,1.25954761,0.747000,0.772344,4681.53
"Kepler-674 b","Kepler-674",0.0280000000,2.24338184700,0.000000,3.50000000,1.69000000,0.600000,0.570000,4192.00
"Kepler-783 b","Kepler-783",0.0495800000,4.29264638000,0.000000,0.39900000,0.78000000,0.930000,0.890000,5521.00
"Kepler-1955 b","Kepler-1955",0.1195900000,14.26519966000,0.000000,1.69000000,1.16654878,1.049000,1.291000,5825.00
"Kepler-322 c","Kepler-322",0.0510000000,4.33723400000,0.000000,3.43000000,1.67000000,0.908000,0.890000,5388.00
"Kepler-399 c","Kepler-399",0.1550000000,26.67569000000,0.000000,2.63000000,1.43000000,0.902000,0.680000,5502.00
"Kepler-1292 b","Kepler-1292",0.0443000000,3.27646405000,0.000000,3.97000000,1.82000000,0.950000,0.930000,5556.00
"Kepler-160 b","Kepler-160",0.0551100000,4.30939700000,0.000000,3.59000000,1.71500000,1.003000,1.118000,5471.00
"Kepler-1365 b","Kepler-1365",0.0783900000,7.69993485000,0.000000,0.72100000,0.92000000,1.000000,1.050000,5770.00
"Kepler-1489 b","Kepler-1489",0.3679000000,82.29475100000,0.000000,3.78000000,1.77000000,0.930000,0.900000,5655.00
"Kepler-1126 b","Kepler-1126",0.4125100000,108.59332900000,0.000000,3.64000000,1.73000000,0.920000,0.930000,5798.00
"Kepler-1303 b","Kepler-1303",0.0751000000,7.56127224000,0.000000,2.60000000,1.42000000,1.010000,1.000000,5771.00
"Kepler-1016 b","Kepler-1016",0.0304400000,1.95452434200,0.000000,5.39000000,2.18000000,0.990000,1.000000,5821.00
"L 363-38 b","L 363-38",0.0480000000,8.78100000000,,4.67000000,2.00000000,0.210000,0.274000,3129.00
"Kepler-1992 b","Kepler-1992",0.1169000000,15.61122380000,0.000000,0.69300000,0.91000000,0.874000,0.842000,5383.00
"Kepler-134 b","Kepler-134",0.0600000000,5.31742900000,0.000000,4.66000000,2.00000000,0.956000,1.176000,5983.00
"TOI-912 b","TOI-912",0.0410000000,4.67806910000,0.580000,5.10000000,1.93000000,0.418000,0.419000,3572.00
"Kepler-1426 b","Kepler-1426",0.1187000000,14.25632270000,0.000000,3.05000000,1.56000000,1.020000,1.020000,5831.00
"Kepler-156 b","Kepler-156",0.0540000000,4.97345600000,0.000000,5.90000000,2.30000000,0.864000,0.807000,5094.00
"TOI-2322 b","TOI-2322",0.0924000000,11.30717000000,0.000000,2.31000000,0.99400000,0.703000,0.662000,4664.00
"Kepler-524 c","Kepler-524",0.0304600000,1.88897906000,0.000000,0.84000000,0.96000000,1.090000,1.100000,6014.00
"Kepler-398 c","Kepler-398",0.0870000000,11.41941200000,0.000000,1.01000000,1.01000000,0.649000,0.613000,4493.00
"HD 108236 f","HD 108236",0.1758000000,29.54115000000,0.051000,4.72000000,2.01700000,0.869000,0.877000,5660.00
"Kepler-1617 b","Kepler-1617",0.1770700000,27.47855720000,0.000000,1.87000000,1.20000000,1.150000,1.220000,6167.00
"TOI-4527.01","TOI-4527",0.0083323530,0.39944450000,,0.68900000,0.90866170,0.483901,0.485948,3702.00
"HD 224018 b","HD 224018",0.0952000000,10.64130000000,0.060000,4.10000000,0.91000000,1.013000,1.147000,5784.00
"Kepler-1334 b","Kepler-1334",0.1229000000,15.64591713000,0.000000,5.86000000,2.29000000,0.940000,0.910000,5614.00
"Kepler-1382 b","Kepler-1382",0.1402300000,16.35830550000,0.000000,4.19000000,1.88000000,1.360000,1.720000,6161.00
"TOI-2068 b","TOI-2068",0.0632000000,7.76891500000,,3.97000000,1.82100000,0.559000,0.535000,3710.00
"TOI-286 c","TOI-286",0.2130000000,39.36182600000,0.000000,3.72000000,1.88000000,0.832000,0.780000,5152.00
"TOI-4443.01","TOI-4443",0.0299626450,1.84985670000,,3.60000000,1.71932650,1.049133,1.017330,5834.00
"GJ 1132 c","GJ 1132",0.0476000000,8.92900000000,0.190000,2.91000000,1.52000000,0.198000,0.226000,3090.00
"GJ 1132 b","GJ 1132",0.0157000000,1.62892911000,0.011800,1.83704819,1.19151465,0.194500,0.221100,3229.00
"TRAPPIST-1 b","TRAPPIST-1",0.0115400000,1.51082600000,0.006220,1.37400000,1.11600000,0.089800,0.119200,2566.00
"TRAPPIST-1 c","TRAPPIST-1",0.0158000000,2.42193700000,0.006540,1.30800000,1.09700000,0.089800,0.119200,2566.00
"TRAPPIST-1 d","TRAPPIST-1",0.0222700000,4.04921900000,0.008370,0.38800000,0.78800000,0.089800,0.119200,2566.00
"HIP 41378 c","HIP 41378",0.2093000000,31.70591000000,0.044000,5.97000000,2.74000000,1.220000,1.300000,6290.00
"HD 3167 b","HD 3167",0.0181400000,0.95965451000,0.000000,4.84400000,1.60100000,0.864000,0.871000,5338.00
"TRAPPIST-1 e","TRAPPIST-1",0.0292500000,6.10101300000,0.005100,0.69200000,0.92000000,0.089800,0.119200,2566.00
"TRAPPIST-1 f","TRAPPIST-1",0.0384900000,9.20754000000,0.010070,1.03900000,1.04500000,0.089800,0.119200,2566.00
"TRAPPIST-1 g","TRAPPIST-1",0.0468300000,12.35244600000,0.002080,1.32100000,1.12900000,0.089800,0.119200,2566.00
"TRAPPIST-1 h","TRAPPIST-1",0.0618900000,18.77286600000,0.005670,0.32600000,0.75500000,0.089800,0.119200,2566.00
"LHS 1140 b","LHS 1140",0.0946000000,24.73723000000,0.043000,5.60000000,1.73000000,0.184400,0.215900,3096.00
"GJ 9827 b","GJ 9827",0.0189000000,1.20897400000,0.000000,4.28000000,1.44000000,0.620000,0.580000,4236.00
"GJ 9827 c","GJ 9827",0.0395000000,3.64810300000,0.000000,1.86000000,1.13000000,0.620000,0.580000,4236.00
"GJ 9827 d","GJ 9827",0.0530000000,6.20183000000,0.000000,3.02000000,1.98000000,0.620000,0.580000,4236.00
"K2-141 b","K2-141",0.0074700000,0.28032440000,0.000000,4.97000000,1.51000000,0.708000,0.681000,4570.00
"LHS 1140 c","LHS 1140",0.0270000000,3.77794000000,0.050000,1.91000000,1.27200000,0.184400,0.215900,3096.00
"LHS 3844 b","LHS 3844",0.0062400000,0.46292970900,0.000000,2.37000000,1.28600000,0.151000,0.189000,3080.00
"L 98-59 b","L 98-59",0.0223000000,2.25311400000,0.031000,0.46000000,0.83700000,0.292300,0.315500,3415.00
"L 98-59 c","L 98-59",0.0309000000,3.69067640000,0.002000,2.00000000,1.32900000,0.292300,0.315500,3415.00
"L 98-59 d","L 98-59",0.0494000000,7.45072900000,0.006000,1.64000000,1.62700000,0.292300,0.315500,3415.00
"TOI-270 b","TOI-270",0.0319700000,3.35992000000,0.016700,1.48000000,1.28000000,0.386000,0.380000,3506.00
"TOI-270 d","TOI-270",0.0721000000,11.38194000000,0.006600,4.20000000,2.00000000,0.386000,0.380000,3506.00
"GJ 357 b","GJ 357",0.0360000000,3.93060000000,,1.83000000,1.20000000,0.342000,0.337000,3505.00
"GJ 357 c","GJ 357",0.0610000000,9.12470000000,,3.40000000,1.66000000,0.342000,0.337000,3505.00
"LTT 1445 A b","LTT 1445 A",0.0381000000,5.35876350000,0.180000,2.73000000,1.34000000,0.257000,0.271000,3562.00
"V1298 Tau c","V1298 Tau",0.0824000000,8.24916400000,0.009400,4.70000000,5.08000000,1.100000,1.320000,4970.00
"LP 791-18 b","LP 791-18",0.0097800000,0.94799810000,0.000000,1.94000000,1.21200000,0.139000,0.182000,2960.00
"L 168-9 b","L 168-9",0.0208000000,1.40152604000,0.000000,4.07000000,1.63000000,0.614000,0.604000,3842.00
"LTT 3780 b","LTT 3780",0.0119500000,0.76837931000,0.000000,2.46000000,1.32500000,0.381000,0.380000,3358.00
"TOI-700 b","TOI-700",0.0677000000,9.97721900000,0.075000,0.70400000,0.91400000,0.415000,0.421000,3459.00
"TOI-700 d","TOI-700",0.1633000000,37.42396000000,0.042000,1.25000000,1.07300000,0.415000,0.421000,3459.00
"GJ 3473 b","GJ 3473",0.0158900000,1.19800350000,0.000000,1.86000000,1.26400000,0.360000,0.364000,3347.00
"TOI-776 b","TOI-776",0.0653000000,8.24662000000,0.052000,5.00000000,1.79800000,0.542000,0.547000,3725.00
"TOI-561 b","TOI-561",0.0106400000,0.44656970000,0.000000,2.02000000,1.39700000,0.806000,0.843000,5342.00
"TOI-561 c","TOI-561",0.0889000000,10.77883800000,0.023000,5.93000000,2.86500000,0.806000,0.843000,5342.00
"TOI-451 b","TOI-451",0.0274000000,1.85870330000,0.000000,4.70000000,1.84000000,0.930000,0.850000,5490.00
"TOI-451 c","TOI-451",0.0795000000,9.19246300000,0.000000,3.70000000,2.93000000,0.930000,0.850000,5490.00
"TOI-178 b","TOI-178",0.0260700000,1.91456010000,,0.96000000,1.20000000,0.647000,0.662000,4316.00
"TOI-178 c","TOI-178",0.0370000000,3.23848600000,0.000320,4.64000000,1.75400000,0.647000,0.662000,4316.00
"TOI-178 d","TOI-178",0.0592000000,6.55756900000,0.006800,5.20000000,2.69500000,0.647000,0.662000,4316.00
"TOI-178 e","TOI-178",0.0783000000,9.96318000000,0.000380,3.48000000,2.30100000,0.647000,0.662000,4316.00
"TOI-178 f","TOI-178",0.1039000000,15.23335000000,0.000450,5.63000000,2.41700000,0.647000,0.662000,4316.00
"TOI-178 g","TOI-178",0.1275000000,20.71663000000,0.000430,4.40000000,2.93900000,0.647000,0.662000,4316.00
"GJ 486 b","GJ 486",0.0171400000,1.46712127000,0.000860,2.77000000,1.28900000,0.312000,0.324300,3317.00
"LHS 1478 b","LHS 1478",0.0184800000,1.94953780000,,2.33000000,1.24200000,0.236000,0.246000,3381.00
"TOI-1685 b","TOI-1685",0.0116400000,0.66913923000,0.000000,3.07000000,1.42100000,0.466000,0.462000,3470.00
"TOI-1807 b","TOI-1807",0.0122000000,0.54937097000,0.000000,2.44000000,1.49681583,0.804800,0.746000,4914.00
"TOI-431 b","TOI-431",0.0113000000,0.49004700000,0.000000,3.07000000,1.28000000,0.780000,0.731000,4850.00
"TOI-431 c","TOI-431",0.0520000000,4.84940000000,0.000000,2.83000000,1.49000000,0.780000,0.731000,4850.00
"L 98-59 e","L 98-59",0.0712000000,12.82780000000,0.012000,2.82000000,1.49000000,0.292300,0.315500,3415.00
"GJ 367 b","GJ 367",0.0071000000,0.32192260000,0.000000,0.50300000,0.73600000,0.451000,0.457000,3535.00
"LTT 1445 A c","LTT 1445 A",0.0266100000,3.12390350000,0.223000,1.54000000,1.14700000,0.257000,0.265000,3340.00
"TOI-500 b","TOI-500",0.0118900000,0.54817700000,0.063000,1.42000000,1.16600000,0.740000,0.678000,4440.00
"TOI-1442 b","TOI-1442",0.0071000000,0.40906770000,,1.71000000,1.17000000,0.290000,0.310000,3330.00
"TOI-2260 b","TOI-2260",0.0097000000,0.35247280000,,3.26000000,1.62000000,0.990000,0.940000,5534.00
"TOI-2445 b","TOI-2445",0.0064000000,0.37112810000,,2.10000000,1.25000000,0.250000,0.270000,3333.00
"GJ 3929 b","GJ 3929",0.0252000000,2.61623500000,0.000000,1.75000000,1.09000000,0.313000,0.320000,3384.00
"TOI-500 c","TOI-500",,6.63560000000,0.072000,5.03000000,2.09000000,0.740000,0.678000,4440.00
"HD 260655 b","HD 260655",0.0293300000,2.76953000000,0.039000,2.14000000,1.24000000,0.439000,0.439000,3803.00
"HD 260655 c","HD 260655",0.0474900000,5.70588000000,0.038000,3.09000000,1.53300000,0.439000,0.439000,3803.00
"GJ 3929 c","GJ 3929",0.0810000000,15.04000000000,0.000000,5.71000000,2.26000000,0.313000,0.320000,3384.00
"GJ 3090 b","GJ 3090",0.0316000000,2.85310198000,0.250000,4.52000000,2.18000000,0.519000,0.516000,3707.00
"TOI-700 e","TOI-700",0.1340000000,27.80978000000,0.059000,0.81800000,0.95300000,0.415000,0.421000,3459.00
"TOI-771 b","TOI-771",0.0208000000,2.32601550000,0.055000,2.47000000,1.36000000,0.220000,0.232000,3370.00
"TOI-836 b","TOI-836",0.0422000000,3.81673000000,0.053000,4.53000000,1.70400000,0.678000,0.665000,4552.00
"LHS 475 b","LHS 475",0.0203700000,2.02908800000,0.000000,0.94100000,0.99100000,0.262000,0.278900,3300.00
"TOI-1416 b","TOI-1416",0.0190000000,1.06975680000,0.000000,3.48000000,1.62000000,0.798000,0.793000,4884.00
"TOI-1468 c","TOI-1468",0.0860800000,15.53247700000,0.111000,4.10000000,2.12600000,0.352700,0.371400,3376.00
"TOI-1468 b","TOI-1468",0.0210700000,1.88052010000,0.009900,3.04000000,1.40100000,0.352700,0.371400,3376.00
"TOI-1801 b","TOI-1801",0.0750000000,10.64387000000,0.000000,5.73800000,2.07900000,0.556000,0.547000,3863.00
"TOI-4336 A b","TOI-4336 A",0.0849000000,16.33635100000,0.000000,3.33000000,2.13700000,0.306000,0.326000,3307.00
"Kepler-167 c","Kepler-167",0.0684000000,7.40610600000,0.000000,3.44000000,1.67400000,0.777000,0.749000,4884.00
"TOI-1136 b","TOI-1136",0.0510600000,4.17270000000,0.027000,3.50000000,1.90000000,1.022000,0.968000,5770.00
"TOI-1136 g","TOI-1136",0.2290000000,39.54500000000,0.040000,5.60000000,2.53000000,1.022000,0.968000,5770.00
"TOI-6255 b","TOI-6255",,0.23818244000,0.000000,1.44000000,1.07900000,0.353000,0.370000,3421.00
"LP 791-18 d","LP 791-18",0.0199200000,2.75485000000,0.001100,0.91000000,1.03200000,0.139000,0.182000,2960.00
"TOI-6324 b","TOI-6324",,0.27922100000,0.000000,1.17000000,1.05900000,0.269000,0.293000,3247.00
"GJ 367 c","GJ 367",,11.53010000000,0.090000,4.13000000,1.86000000,0.455000,0.458000,3522.00
"AU Mic d","AU Mic",,12.73596000000,0.003050,1.05300000,1.02000000,0.510000,0.744000,3678.00
"GJ 806 b","GJ 806",0.0140600000,0.92632370000,,1.90000000,1.33100000,0.413000,0.414400,3600.00
"GJ 806 c","GJ 806",0.0523000000,6.64064000000,,5.80000000,2.28000000,0.413000,0.414400,3600.00
"HD 110067 b","HD 110067",0.0793000000,9.11367800000,,5.69000000,2.20000000,0.798000,0.788000,5266.00
"HD 110067 e","HD 110067",0.1785000000,30.79309100000,,3.90000000,1.94000000,0.798000,0.788000,5266.00
"HD 110067 f","HD 110067",0.2163000000,41.05854000000,,5.04000000,2.60100000,0.798000,0.788000,5266.00
"GJ 341 b","GJ 341",,7.57686000000,0.000000,4.00000000,0.88000000,0.480000,0.506600,3770.00
"Kepler-51 e","Kepler-51",,264.28400000000,0.020000,5.40000000,2.18000000,0.960000,0.870000,5674.00
"TOI-771 c","TOI-771",0.0460000000,7.61000000000,0.065000,2.87000000,1.50000000,0.220000,0.232000,3370.00
"TOI-2076 e","TOI-2076",0.0386300000,3.02237530000,0.000000,4.70000000,1.30100000,0.849000,0.758000,5187.00
"L 98-59 f","L 98-59",0.1052000000,23.06400000000,0.044000,2.80000000,1.48000000,0.292300,0.315500,3415.00
"55 Cnc B b","55 Cnc B",0.0440000000,6.79940000000,0.000000,3.50000000,1.69000000,0.260000,0.274000,3286.00
"55 Cnc B c","55 Cnc B",0.1300000000,33.74700000000,0.000000,5.30000000,2.16000000,0.260000,0.274000,3286.00
"TOI-4336 A c","TOI-4336 A",0.0509200000,7.58726600000,0.000000,1.55000000,1.25100000,0.306000,0.326000,3307.00
"TOI-260 b","TOI-260",0.0943000000,13.47585300000,0.000000,4.23000000,1.71000000,0.616000,0.607000,4026.00
"Kepler-167 d","Kepler-167",0.1404000000,21.80379000000,0.000000,2.06000000,1.23800000,0.777000,0.749000,4884.00
"Kepler-51 c","Kepler-51",0.3840000000,85.31200000000,0.014000,4.00000000,9.00000000,1.040000,0.940000,6018.00
"Kepler-51 b","Kepler-51",0.2514000000,45.15400000000,0.040000,2.10000000,7.10000000,1.040000,0.940000,6018.00
"Kepler-167 b","Kepler-167",0.0482500000,4.39315390000,0.000000,3.60000000,1.71800000,0.777000,0.749000,4884.00
"K2-136 b","K2-136",0.0707000000,7.97525000000,0.140000,4.30000000,1.01400000,0.742000,0.677000,4500.00
"Kepler-889 b","Kepler-889",0.0497500000,3.74443900000,0.000000,1.32000000,1.09000000,1.140000,1.250000,5961.00
"Kepler-1804 b","Kepler-1804",0.1017000000,12.28849983000,0.000000,3.18000000,1.59615726,0.929000,1.671000,5109.00
"Kepler-1188 b","Kepler-1188",0.1350000000,17.13695430000,0.000000,4.98000000,2.08000000,1.040000,1.060000,5913.00
"Kepler-1281 b","Kepler-1281",0.0415000000,3.11602791000,0.000000,3.33000000,1.64000000,0.870000,0.830000,5353.00
"Kepler-128 b","Kepler-128",0.1254500000,15.00000000000,0.000000,3.79000000,1.42100000,1.184000,1.659000,6072.00
"Kepler-1693 b","Kepler-1693",0.1011000000,12.09990000000,0.000000,2.21000000,1.28938413,0.950000,0.878295,5432.34
"Kepler-1191 b","Kepler-1191",0.0587000000,5.60014851000,0.000000,2.89000000,1.51000000,0.850000,0.810000,5308.00
"Kepler-1825 b","Kepler-1825",0.0187000000,1.02586996600,0.000000,2.61000000,1.42200732,0.828000,0.847000,5123.00
"Kepler-1074 b","Kepler-1074",0.0536000000,5.94566534000,0.000000,2.10000000,1.25000000,0.600000,0.570000,4002.00
"pi Men c","HD 39091",0.0683900000,6.26783990000,0.000000,3.63000000,2.01890000,1.070000,1.170000,5998.00
"GJ 1061 d","GJ 1061",0.0540000000,13.06600000000,0.040000,1.67000000,1.16000000,0.120000,0.156000,2953.00
"Kepler-144 c","Kepler-144",0.0940000000,10.10466500000,0.000000,2.39000000,1.35000000,1.154000,1.235000,6075.00
"Kepler-431 c","Kepler-431",0.0847000000,8.70300000000,0.000000,0.22900000,0.66800000,1.071000,1.092000,6004.00
"TOI-5720 b","TOI-5720",0.0182880000,1.43445550000,,4.30000000,1.09000000,0.383000,0.383000,3325.00
"Kepler-230 c","Kepler-230",0.3800000000,91.77324200000,0.000000,4.82000000,2.04000000,0.784000,0.817000,5588.00
"Kepler-1091 b","Kepler-1091",0.0252000000,1.43474156400,0.000000,2.73000000,1.46000000,1.010000,1.030000,5851.00
"Kepler-1275 b","Kepler-1275",0.0488000000,3.65691115000,0.000000,2.79000000,1.48000000,1.230000,1.360000,6296.00
"K2-386 b","K2-386",,7.47322300000,,5.99000000,2.32000000,0.911000,0.970000,5749.00
"Kepler-1342 b","Kepler-1342",0.0313000000,2.21571035800,0.000000,3.39000000,1.66000000,0.930000,0.900000,5527.00
"Kepler-1713 b","Kepler-1713",0.1418500000,18.01160049000,0.000000,3.59000000,1.71673535,1.300000,1.459000,6477.00
"Kepler-1121 b","Kepler-1121",0.1181800000,13.15141081000,0.000000,4.31000000,1.91000000,1.290000,1.590000,6231.00
"Kepler-197 c","Kepler-197",0.0900000000,10.34969500000,0.080000,5.30000000,1.23000000,0.857000,1.120000,6004.00
"Kepler-1195 b","Kepler-1195",0.0726000000,8.49642241000,0.000000,4.98000000,2.08000000,0.740000,0.710000,4965.00
"Kepler-1783 b","Kepler-1783",0.0759500000,8.27744007100,0.000000,2.30000000,1.31946731,0.887000,1.781000,5129.00
"Kepler-235 b","Kepler-235",0.0370000000,3.34022200000,0.000000,5.60000000,2.23000000,0.581000,0.554000,4255.00
"Kepler-625 b","Kepler-625",0.0813700000,7.75192492000,0.000000,4.62000000,1.99000000,1.040000,0.960000,5789.00
"Kepler-1178 b","Kepler-1178",0.1596000000,31.80634000000,0.000000,1.24000000,1.07000000,0.800000,0.750000,4990.00
"K2-407 b","K2-407",,4.94190700000,,2.19000000,1.28300000,0.881000,0.927000,5563.00
"KOI-351 b","KOI-351",0.0740000000,7.00815100000,0.000000,2.27000000,1.31000000,1.200000,1.200000,6080.00
"GJ 1002 b","GJ 1002",0.0457000000,10.34650000000,,1.08000000,1.03000000,0.120000,0.137000,3024.00
"Kepler-60 b","Kepler-60",0.0725500000,7.13340000000,0.000000,4.19000000,1.71000000,1.041000,1.257000,5905.00
"Kepler-85 c","Kepler-85",0.1036300000,12.51000000000,0.027000,2.15000000,1.97800000,0.928000,0.875000,5505.20
"TOI-2081 b","TOI-2081",0.0752000000,10.50534000000,,4.82000000,2.04000000,0.540000,0.534000,3800.00
"Kepler-1818 b","Kepler-1818",0.0550000000,4.64490985900,0.000000,3.58000000,1.71360684,1.021000,1.129000,6047.00
"TOI-871 b","TOI-871",0.1054000000,14.36256500000,,3.41000000,1.66400000,0.758000,0.719000,4929.00
"GJ 251 c","GJ 251",0.1960000000,53.64700000000,0.000000,3.88000000,1.80000000,0.350000,0.360000,3342.00
"Kepler-101 c","Kepler-101",0.0684000000,6.02976000000,0.000000,3.78000000,1.25000000,1.170000,1.560000,5667.00
"Kepler-1200 b","Kepler-1200",0.0188000000,1.11854971700,0.000000,1.20000000,1.06000000,0.740000,0.700000,4612.00
"Kepler-1630 b","Kepler-1630",1.1218000000,509.99740200000,0.000000,5.43000000,2.19000000,0.660000,0.630000,4736.00
"Kepler-887 c","Kepler-887",0.0801000000,7.63846023000,0.000000,1.51000000,1.13000000,1.190000,1.290000,6194.00
"Kepler-1947 b","Kepler-1947",0.0737500000,6.96363019900,0.000000,1.01000000,1.01016660,0.984000,1.686000,6040.00
"Kepler-81 d","Kepler-81",0.1280000000,20.83784600000,0.000000,1.92000000,1.21000000,0.648000,0.595000,4500.00
"Kepler-1827 b","Kepler-1827",0.0464700000,3.70061993600,0.000000,4.10000000,1.85644292,0.915000,1.404000,5423.00
"K2-401 b","K2-401",,6.29309900000,,5.74000000,2.26200000,0.870000,0.675000,4213.00
"Kepler-931 b","Kepler-931",0.0719000000,8.03755877000,0.000000,2.33000000,1.33000000,0.860000,0.810000,5241.00
"TOI-286 b","TOI-286",0.0503000000,4.51172440000,0.000000,4.53000000,1.42000000,0.832000,0.780000,5152.00
"Kepler-520 b","Kepler-520",0.1462800000,19.67416124000,0.000000,3.39000000,1.66000000,1.100000,1.090000,6112.00
"Kepler-371 c","Kepler-371",0.3130000000,67.96801500000,0.000000,3.82000000,1.78000000,0.876000,0.992000,5666.00
"K2-338 b","K2-338",,3.85061400000,,1.08000000,1.03000000,0.660000,0.630000,4558.00
"K2-414 c","K2-414",0.0552000000,6.66900000000,,4.38000000,1.92870000,0.814000,0.732000,4343.00
"K2-86 b","K2-86",0.0770000000,8.77683000000,,4.50000000,1.96000000,0.790000,0.760000,5482.00
"Kepler-878 b","Kepler-878",0.1650000000,25.94220330000,0.000000,4.38000000,1.93000000,0.810000,0.770000,5044.00
"Kepler-1948 b","Kepler-1948",0.1022000000,15.57129955000,0.000000,1.09000000,1.03283226,0.585000,0.557000,3872.00
"Kepler-444 c","Kepler-444",0.0488100000,4.54588410000,0.310000,0.07930000,0.49700000,0.758000,0.752000,5046.00
"Kepler-1173 b","Kepler-1173",0.0156000000,0.76985360000,0.000000,0.64000000,0.89000000,0.860000,0.820000,5252.00
"Kepler-1608 b","Kepler-1608",0.1126000000,16.47356860000,0.000000,3.64000000,1.73000000,0.750000,0.720000,4992.00
"EPIC 212499991 b","EPIC 212499991",,34.88500000000,,3.19000000,1.60000000,0.912000,0.757541,4982.79
"Kepler-759 b","Kepler-759",0.2329000000,41.80598500000,0.000000,5.77000000,2.27000000,1.040000,1.040000,5860.00
"Kepler-296 f","Kepler-296",0.2550000000,63.33627000000,0.330000,3.89000000,1.80000000,0.498000,0.480000,3740.00
"Kepler-534 b","Kepler-534",0.1272000000,15.95994513000,0.000000,5.65000000,2.24000000,1.050000,0.980000,5884.00
"TOI-512 b","TOI-512",,7.18886000000,0.020000,3.57000000,1.54000000,0.740000,0.890000,5277.00
"Kepler-1340 b","Kepler-1340",0.0152300000,0.66502691600,0.000000,3.02000000,1.55000000,1.270000,1.420000,6331.00
"Kepler-1115 b","Kepler-1115",0.2134000000,23.55407250000,0.000000,3.53000000,1.70000000,1.600000,1.730000,8480.00
"Kepler-1859 c","Kepler-1859",0.0473000000,3.59645081000,0.000000,3.39000000,1.66000000,1.090000,1.235000,5887.00
"Kepler-1201 b","Kepler-1201",0.1183000000,15.18725932000,0.000000,5.86000000,2.29000000,1.150000,1.240000,6177.00
"tau Cet g","tau Cet",0.1330000000,20.00000000000,0.060000,1.75000000,1.18000000,0.783000,0.830000,5310.00
"GJ 887 e","GJ 887",0.0417000000,4.42490000000,,1.46000000,1.12000000,0.495000,0.468000,3688.00
"GJ 676 A d","GJ 676 A",0.0390000000,3.60076000000,0.192000,3.81394088,1.78000000,0.626000,0.690000,3734.00
"Kepler-349 c","Kepler-349",0.1050000000,12.24762900000,0.000000,4.50000000,1.96000000,1.083000,0.927000,5956.00
"Kepler-1231 b","Kepler-1231",0.0914000000,10.41725184000,0.000000,2.60000000,1.42000000,1.010000,1.000000,5778.00
"Kepler-274 b","Kepler-274",0.1010000000,11.63478800000,0.000000,2.99000000,1.54000000,0.883000,1.007000,6023.00
"Kepler-832 b","Kepler-832",0.0750000000,7.13969410000,0.000000,4.90000000,2.06000000,0.920000,0.900000,5596.00
"Kepler-988 b","Kepler-988",0.1085000000,17.76080053000,0.000000,4.94000000,2.07000000,0.550000,0.530000,4005.00
"Kepler-444 f","Kepler-444",0.0811000000,9.74048600000,0.290000,0.33200000,0.74100000,0.758000,0.752000,5046.00
"Kepler-524 b","Kepler-524",0.0795500000,7.97419807000,0.000000,4.31000000,1.91000000,1.090000,1.100000,6014.00
"Kepler-1075 b","Kepler-1075",0.0208000000,1.52372816000,0.000000,2.60000000,1.42000000,0.560000,0.540000,3959.00
"Kepler-115 b","Kepler-115",0.0360000000,2.40367900000,0.000000,1.32000000,1.09000000,1.042000,1.205000,5979.00
"Kepler-1735 b","Kepler-1735",0.0621000000,7.71792984000,0.000000,1.84000000,1.19429134,0.535000,0.509000,3975.00
"Kepler-1130 c","Kepler-1130",0.0423800000,3.26663994800,0.000000,0.42200000,0.79239584,0.944000,0.842000,5450.00
"Kepler-1376 b","Kepler-1376",0.0598000000,5.30880656000,0.000000,1.16000000,1.05000000,0.980000,0.970000,5659.00
"Kepler-1190 b","Kepler-1190",0.0845000000,10.45843441000,0.000000,2.33000000,1.33000000,0.760000,0.720000,4730.00
"Kepler-758 d","Kepler-758",0.1527000000,20.49661970000,0.000000,5.14000000,2.12000000,1.160000,1.420000,6228.00
"TOI-2211.01","TOI-2211",0.0401100000,3.09268675700,,3.06000000,1.56100000,0.900000,0.834000,5253.00
"Kepler-124 b","Kepler-124",0.0390000000,3.41049300000,0.000000,0.31500000,0.73000000,0.706000,0.636000,4984.00
"Kepler-1259 b","Kepler-1259",0.0141000000,0.66308525800,0.000000,2.63000000,1.43000000,0.800000,0.770000,5053.00
"Kepler-1008 b","Kepler-1008",0.0975500000,12.43931193000,0.000000,2.18000000,1.28000000,0.810000,0.780000,5066.00
"Kepler-331 d","Kepler-331",0.1590000000,32.13432800000,0.000000,3.33000000,1.64000000,0.653000,0.492000,4347.00
"Kepler-1197 b","Kepler-1197",0.0286900000,2.03231845000,0.000000,2.10000000,1.25000000,0.780000,0.720000,4708.00
"Kepler-1939 b","Kepler-1939",0.0334000000,2.79065990400,0.000000,1.68000000,1.16480773,0.648000,0.603000,4353.00
"Kepler-621 b","Kepler-621",0.0310000000,2.62811374600,0.000000,5.90000000,2.30000000,0.720000,0.680000,4521.00
"Kepler-142 b","Kepler-142",0.0320000000,2.02415200000,0.000000,4.62000000,1.99000000,0.978000,1.269000,5790.00
"Kepler-662 b","Kepler-662",0.1408000000,21.67697486000,0.000000,5.39000000,2.18000000,0.790000,0.740000,4897.00
"Kepler-1336 c","Kepler-1336",0.0627200000,5.77721211000,0.000000,3.57000000,1.71000000,0.940000,1.300000,5512.00
"Kepler-236 c","Kepler-236",0.1320000000,23.96812700000,0.000000,4.66000000,2.00000000,0.596005,0.510000,3750.00
"Kepler-1210 b","Kepler-1210",0.0753000000,8.07124073000,0.000000,3.53000000,1.70000000,0.940000,0.920000,5568.00
"Kepler-1766 b","Kepler-1766",0.4161000000,105.01499940000,0.000000,5.81000000,2.27904508,0.915000,1.042000,5868.00
"K2-170 c","K2-170",,12.40004700000,,3.90000000,1.80176470,0.963657,0.981614,5748.00
"Kepler-1061 b","Kepler-1061",0.0388000000,2.75798266600,0.000000,4.58000000,1.98000000,1.090000,1.070000,6067.00
"Kepler-1904 b","Kepler-1904",0.0436000000,4.57702016800,0.000000,2.51000000,1.39049940,0.526000,0.497000,3805.00
"Kepler-1751 b","Kepler-1751",0.0712000000,7.01731014300,0.000000,3.98000000,1.82417378,0.974000,0.967000,6052.00
"Kepler-1067 b","Kepler-1067",0.0164000000,0.76212926100,0.000000,0.43700000,0.80000000,0.950000,0.930000,5592.00
"Kepler-624 b","Kepler-624",0.1163800000,14.58649607000,0.000000,5.95000000,2.31000000,1.100000,1.180000,6117.00
"Kepler-1039 b","Kepler-1039",0.0171400000,0.93488424200,0.000000,2.73000000,1.46000000,0.790000,0.740000,4870.00
"K2-385 b","K2-385",,2.38086700000,,2.98000000,1.53900000,0.927000,0.761000,4844.00
"Kepler-1432 b","Kepler-1432",0.1696000000,23.91090110000,0.000000,5.56000000,2.22000000,1.090000,1.130000,6031.00
"Kepler-135 c","Kepler-135",0.1030000000,11.44870800000,0.000000,1.65000000,1.16000000,1.047000,1.275000,6090.00
"Kepler-1459 b","Kepler-1459",0.2829000000,62.86916110000,0.000000,2.42000000,1.36000000,0.780000,0.740000,4828.00
"Kepler-1358 b","Kepler-1358",0.0656000000,7.06317341000,0.000000,1.46000000,1.12000000,0.820000,0.790000,5181.00
"Kepler-1048 b","Kepler-1048",0.0590000000,6.92101021000,0.000000,3.22000000,1.61000000,0.750000,0.700000,4651.00
"Barnard d","Barnard's star",0.0188000000,2.34020000000,0.040000,0.26300000,0.69400000,0.162000,0.185000,3195.00
"Kepler-1305 b","Kepler-1305",0.1109000000,13.56309720000,0.000000,4.19000000,1.88000000,0.970000,0.960000,5701.00
"Kepler-598 b","Kepler-598",0.0448700000,3.70175428000,0.000000,2.86000000,1.50000000,0.870000,0.860000,5307.00
"Kepler-954 b","Kepler-954",0.1202000000,16.78176602000,0.000000,5.99000000,2.32000000,0.820000,0.760000,4990.00
"EPIC 206042996 c","EPIC 206042996",,0.35488400000,,1.87000000,1.20000000,0.565000,0.500000,4114.00
"Kepler-1388 c","Kepler-1388",0.0519000000,5.53608151000,0.000000,5.73000000,2.26000000,0.630000,0.610000,4098.00
"Gliese 12 b","Gliese 12",0.0670000000,12.76141800000,0.240000,0.95000000,0.93000000,0.255000,0.265000,3328.00
"Kepler-1311 b","Kepler-1311",0.1008200000,11.17269940000,0.000000,2.07000000,1.24000000,1.050000,1.400000,5748.00
"Kepler-2001 b","Kepler-2001",0.0197000000,1.09001100300,0.000000,1.12000000,1.04000000,0.864000,0.770000,5081.00
"Kepler-1406 b","Kepler-1406",0.0987000000,11.62905828000,0.000000,1.37000000,1.10000000,1.050000,1.120000,5892.00
"Kepler-174 d","Kepler-174",0.6770000000,247.35373000000,0.000000,5.43000000,2.19000000,0.602000,0.622000,4880.00
"K2-183 c","K2-183",0.0932000000,10.78799200000,,5.90000000,2.30000000,0.942219,0.870000,5482.00
"Kepler-784 b","Kepler-784",0.2211100000,31.59226460000,0.000000,3.12000000,1.58000000,1.000000,1.320000,5674.00
"Kepler-1037 b","Kepler-1037",0.0198000000,1.06378867300,0.000000,2.18000000,1.28000000,0.820000,0.780000,5105.00
"TIC 294329732 b","TIC 294329732",,9.75658761810,,4.97000000,2.07692266,0.890000,0.920172,5201.93
"Kepler-825 c","Kepler-825",0.0759000000,8.18182460000,0.000000,4.04000000,1.84000000,1.030000,1.080000,5976.00
"Kepler-382 b","Kepler-382",0.0550000000,5.26215500000,0.000000,2.30000000,1.32000000,1.002000,0.945000,5600.00
"Kepler-1962 b","Kepler-1962",0.0783000000,7.99145984600,0.000000,1.95000000,1.21463929,1.003000,1.006000,5700.00
"TOI-1266 d","TOI-1266",0.1513000000,32.50900000000,0.087000,3.68000000,1.74000000,0.437000,0.423200,3563.00
"Kepler-691 b","Kepler-691",0.0649000000,8.11437900000,0.000000,5.02000000,2.09000000,0.530000,0.500000,3715.00
"K2-412 b","K2-412",0.0586000000,5.93820000000,,5.13000000,2.11600000,0.893000,0.977000,5590.00
"Kepler-1441 b","Kepler-1441",0.2346000000,39.44198390000,0.000000,2.27000000,1.31000000,1.000000,1.000000,5802.00
"Kepler-37 c","Kepler-37",0.1390000000,21.30184800000,0.099000,1.30000000,0.75500000,0.790000,0.789000,5357.00
"Kepler-138 c","Kepler-138",0.0913000000,13.78150000000,0.017000,2.30000000,1.51000000,0.535000,0.535000,3841.00
"Kepler-46 d","Kepler-46",0.0670000000,6.76658900000,0.000000,3.33000000,1.64000000,0.883000,0.790000,5309.00
"Teegarden's Star c","Teegarden's Star",0.0455000000,11.41600000000,0.040000,1.05000000,1.02000000,0.097000,0.120000,3034.00
"Kepler-1143 b","Kepler-1143",0.0371000000,2.88890484900,0.000000,3.43000000,1.67000000,0.810000,0.770000,5053.00
"Kepler-79 d","Kepler-79",0.2937000000,52.08970000000,0.051000,5.30000000,7.15000000,1.244000,1.316000,6389.00
"Kepler-190 b","Kepler-190",0.0300000000,2.01999900000,0.000000,3.05000000,1.56000000,0.834000,0.795000,5106.00
"Kepler-354 c","Kepler-354",0.1150000000,16.93440200000,0.000000,2.27000000,1.31000000,0.652000,0.674000,4648.00
"Kepler-1933 b","Kepler-1933",0.0560500000,4.94329023400,0.000000,1.76000000,1.17984089,0.964000,1.008000,5661.00
"TOI-1453 b","TOI-1453",,4.31352250000,0.000000,2.32000000,1.17300000,0.715000,0.720000,4975.00
"Kepler-395 c","Kepler-395",0.1770000000,34.98926200000,0.000000,2.30000000,1.32000000,0.622827,0.556000,4262.00
"Kepler-1965 b","Kepler-1965",0.2297100000,41.86869812000,0.000000,2.40000000,1.35415138,0.928000,0.837000,5852.00
"Kepler-1898 b","Kepler-1898",0.0506300000,4.76562023200,0.000000,0.76000000,0.93353523,0.837000,1.125000,5702.00
"Kepler-1274 b","Kepler-1274",0.0816100000,6.98152703000,0.000000,2.60000000,1.42000000,1.450000,2.170000,6179.00
"G 9-40 b","G 9-40",0.0418000000,5.74599820000,0.000000,4.00000000,1.90000000,0.295200,0.302600,3395.00
"K2-46 b","K2-46",0.1382100000,19.15410000000,,4.86000000,2.05000000,0.960000,1.290000,6256.00
"Kepler-793 b","Kepler-793",0.0491000000,4.24153639000,0.000000,2.45000000,1.37000000,0.980000,0.970000,5745.00
"Kepler-307 c","Kepler-307",0.1089600000,13.07290000000,0.000000,3.64000000,2.20000000,0.907000,0.814000,5367.00
"Kepler-613 b","Kepler-613",0.1232000000,15.77979614000,0.000000,5.86000000,2.29000000,0.980000,0.960000,5723.00
"K2-138 g","K2-138",0.2310900000,41.96797000000,0.059000,4.32000000,3.01300000,0.935000,0.863000,5356.30
"Kepler-445 d","Kepler-445",0.0439000000,8.15275000000,0.000000,2.10000000,1.25000000,0.180000,0.210000,3157.00
"Kepler-1701 b","Kepler-1701",0.5738000000,169.13400000000,0.000000,5.57000000,2.22186207,0.870000,0.840217,5146.00
"Kepler-1852 b","Kepler-1852",0.0762000000,7.97094011300,0.000000,4.22000000,1.88610592,0.927000,0.826000,5237.00
"Kepler-1196 b","Kepler-1196",0.3179000000,66.18490310000,0.000000,5.60000000,2.23000000,0.980000,0.970000,5756.00
"Kepler-1122 b","Kepler-1122",0.2315000000,42.19173570000,0.000000,4.82000000,2.04000000,0.920000,0.890000,5544.00
"Kepler-1826 b","Kepler-1826",0.0213000000,1.61536002200,0.000000,2.78000000,1.47519116,0.490000,0.486000,3821.00
"Kepler-828 b","Kepler-828",0.0122800000,0.56785713600,0.000000,2.89000000,1.51000000,0.810000,0.770000,5039.00
"Kepler-1157 b","Kepler-1157",0.0448000000,4.45743164000,0.000000,1.32000000,1.09000000,0.760000,0.710000,4679.00
"Kepler-1610 b","Kepler-1610",0.0777000000,8.70181574000,0.000000,3.22000000,1.61000000,0.910000,0.870000,5383.00
"Kepler-1245 c","Kepler-1245",0.0372000000,2.93658468100,0.000000,2.67000000,1.44000000,0.860000,0.830000,5306.00
"Kepler-431 b","Kepler-431",0.0719000000,6.80300000000,0.000000,0.37000000,0.76400000,1.071000,1.092000,6004.00
"TOI-1799 b","TOI-1799",0.0725020000,7.09457086500,0.000000,4.00000000,1.64200000,1.010000,0.957000,5690.00
"Kepler-928 b","Kepler-928",0.0444000000,3.93246130200,0.000000,3.15000000,1.59000000,0.730000,0.700000,4700.00
"Kepler-176 d","Kepler-176",0.1630000000,25.75197400000,0.000000,1.72000000,2.51000000,0.860000,0.891000,5232.00
"K2-150 b","K2-150",0.0727000000,10.59357000000,,4.66000000,2.00000000,0.457000,0.436000,3499.00
"Kepler-755 c","Kepler-755",0.0370000000,2.85313364400,0.000000,2.13000000,1.26000000,0.820000,0.770000,5043.00
"TOI-540 b","TOI-540",0.0122300000,1.23914910000,0.000000,0.67400000,0.90300000,0.159000,0.189500,3216.00
"Kepler-1523 b","Kepler-1523",0.0186700000,0.93875077000,0.000000,3.12000000,1.58000000,0.970000,0.960000,5708.00
"Kepler-62 c","Kepler-62",0.0929000000,12.44170000000,0.000000,4.00000000,0.54000000,0.690000,0.640000,4925.00
"Kepler-1174 b","Kepler-1174",0.0732000000,6.89225223000,0.000000,3.15000000,1.59000000,1.040000,1.040000,5936.00
"Kepler-269 c","Kepler-269",0.0810000000,8.12789900000,0.000000,3.50000000,1.69000000,0.920000,0.959000,5847.00
"Kepler-607 b","Kepler-607",0.0137000000,0.63816320400,0.000000,0.59000000,0.87000000,0.840000,0.800000,5196.00
"Kepler-1082 b","Kepler-1082",0.0257100000,1.54320660400,0.000000,1.46000000,1.12000000,1.030000,1.140000,5923.00
"Kepler-431 d","Kepler-431",0.1045000000,11.92200000000,0.000000,1.41000000,1.11000000,1.071000,1.092000,6004.00
"K2-74 b","K2-74",0.1402000000,19.56660000000,,5.95000000,2.31000000,0.960000,0.980000,6060.00
"TOI-1246 d","TOI-1246",0.1320000000,18.65487400000,0.000000,5.40000000,3.43139739,0.888900,0.864900,5213.00
"Kepler-372 d","Kepler-372",0.2010000000,30.09256800000,0.000000,3.50000000,1.69000000,1.202000,1.137000,6509.00
"Kepler-1555 b","Kepler-1555",0.0805000000,8.10501635000,0.000000,3.22000000,1.61000000,1.040000,1.060000,5866.00
"TOI-2104 b","TOI-2104",,5.90437045700,,2.95000000,1.52898127,0.800000,0.723757,4856.13
"G 192-15 b","G 192-15",0.0172300000,2.27476000000,0.000000,1.03000000,1.02000000,0.132000,0.170718,2999.00
"Kepler-1956 b","Kepler-1956",0.0563000000,5.94371986400,0.000000,1.32000000,1.08940238,0.671000,0.682000,4391.00
"K2-335 b","K2-335",,12.28321100000,,5.52000000,2.21000000,1.230000,1.330000,6222.00
"Kepler-352 c","Kepler-352",0.1180000000,16.33299500000,0.000000,2.07000000,1.24000000,0.798000,0.781000,5212.00
"Kepler-1586 b","Kepler-1586",0.1220800000,15.60492120000,0.000000,2.92000000,1.52000000,1.450000,1.750000,6681.00
"Kepler-1285 b","Kepler-1285",0.1275800000,14.79674580000,0.000000,0.87100000,0.97000000,1.200000,1.280000,6170.00
"TOI-5728 b","TOI-5728",,11.49761000000,,2.27000000,1.31000000,0.360000,0.370000,3419.00
"Kepler-568 b","Kepler-568",0.0794000000,11.02347475000,0.000000,5.73000000,2.26000000,0.550000,0.530000,3768.00
"Kepler-1923 b","Kepler-1923",0.2846000000,52.60969925000,0.000000,4.50000000,1.95958179,1.109000,1.294000,5881.00
"Kepler-1208 b","Kepler-1208",0.0901000000,11.08507637000,0.000000,5.99000000,2.32000000,0.800000,0.760000,5001.00
"Kepler-406 c","Kepler-406",0.0553100000,4.62332000000,0.000000,2.71000000,0.85000000,1.070000,1.070000,5538.00
"Kepler-1910 b","Kepler-1910",0.0536000000,5.68876981700,0.000000,1.78000000,1.18400000,0.636000,0.639000,4234.00
"Kepler-1655 b","Kepler-1655",0.1029000000,11.87287870000,0.190000,5.40000000,2.21300000,1.030000,1.030000,6148.00
"Kepler-185 c","Kepler-185",0.1390000000,20.72904200000,0.000000,4.74000000,2.02000000,0.763000,0.806000,5208.00
"Kepler-658 b","Kepler-658",0.0188000000,1.28707676200,0.000000,3.29000000,1.63000000,0.630000,0.600000,4103.00
"HD 235088 b","HD 235088",0.0706000000,7.43413250000,0.000000,4.15000000,1.98200000,0.849000,0.772000,5075.00
"Kepler-93 b","Kepler-93",0.0534300000,4.72673978000,0.000000,4.66000000,1.47800000,0.911000,0.919000,5669.00
"Kepler-1357 b","Kepler-1357",0.0410000000,3.00913240000,0.000000,2.18000000,1.28000000,0.930000,0.900000,5597.00
"GJ 3378 b","GJ 3378",0.0967300000,21.45000000000,0.000000,2.30000000,1.32000000,0.262000,0.275000,3340.00
"Kepler-256 b","Kepler-256",0.0270000000,1.62049300000,0.000000,3.15000000,1.59000000,1.037000,1.301000,5551.00
"Kepler-1062 b","Kepler-1062",0.0748000000,9.30412078000,0.000000,3.75000000,1.76000000,0.750000,0.700000,4597.00
"Kepler-414 b","Kepler-414",0.0543000000,4.70000000000,0.000000,3.50000000,1.71000000,0.890000,0.946000,5536.00
"Kepler-1375 b","Kepler-1375",0.0471000000,3.30041920000,0.000000,3.68000000,1.74000000,1.470000,1.780000,6704.00
"Kepler-1338 b","Kepler-1338",0.0193700000,0.93511805700,0.000000,0.72100000,0.92000000,1.040000,1.050000,5909.00
"KOI-4978 b","KOI-4978",,0.94196700000,,0.27100000,0.70000000,0.859000,0.966000,5050.28
"Kepler-1220 b","Kepler-1220",0.0734000000,7.42693741000,0.000000,2.92000000,1.52000000,1.000000,0.990000,5842.00
"Kepler-192 d","Kepler-192",0.0686000000,6.47027579000,0.000000,1.04000000,1.02000000,0.940000,0.940000,5487.00
"Kepler-825 b","Kepler-825",0.0453000000,3.77360059000,0.000000,2.96000000,1.53000000,1.030000,1.080000,5976.00
"Kepler-1414 b","Kepler-1414",0.0426000000,3.51576315000,0.000000,2.04000000,1.23000000,0.800000,0.750000,4951.00
"Kepler-1150 b","Kepler-1150",0.0382000000,2.78786838600,0.000000,1.04000000,1.02000000,0.760000,0.720000,4754.00
"Kepler-831 b","Kepler-831",0.0598400000,5.62153941000,0.000000,2.15000000,1.27000000,0.990000,0.970000,5732.00
"K2-257 b","K2-257",0.0216000000,1.60588000000,,0.49800000,0.83000000,0.520000,0.500000,3725.00
"HIP 29442 d","TOI-469",0.0673000000,6.42957500000,,5.14000000,1.53800000,0.901000,0.980000,5289.00
"Kepler-196 b","Kepler-196",0.1380000000,20.73988600000,0.000000,4.27000000,1.90000000,0.839000,0.782000,5128.00
"Kepler-806 b","Kepler-806",0.0768400000,8.09219642000,0.000000,1.55000000,1.14000000,0.990000,1.160000,5770.00
"Kepler-389 c","Kepler-389",0.1100000000,14.51143000000,0.000000,2.73000000,1.46000000,0.765000,0.792000,5376.00
"K2-158 c","K2-158",0.0622000000,5.90279000000,,2.18000000,1.28000000,0.920000,0.950000,5503.00
"Kepler-864 c","Kepler-864",0.0382000000,2.42150341000,0.000000,3.26000000,1.62000000,1.270000,1.195000,6213.00
"Kepler-1695 b","Kepler-1695",0.0529000000,4.73290000000,0.000000,1.46000000,1.11948901,0.960000,0.987155,5473.19
"TOI-1782.02","TOI-1782",0.0257390000,1.82902422700,,4.04000000,1.83900000,0.680000,0.669000,4336.00
"Kepler-1902 b","Kepler-1902",0.0385000000,3.82222008700,0.000000,1.74000000,1.17563613,0.520000,0.514000,3729.00
"K2-136 d","K2-136",0.1538000000,25.57500000000,0.071000,3.00000000,1.56500000,0.742000,0.677000,4500.00
"Kepler-789 b","Kepler-789",0.0951000000,8.63847725000,0.000000,5.14000000,2.12000000,1.010000,1.020000,5870.00
"K2-279 b","K2-279",0.0670000000,7.12260500000,,1.92000000,1.21000000,0.790000,0.860000,5558.00
"K2-147 b","K2-147",0.0157500000,0.96193900000,0.380000,2.77000000,1.47286006,0.563000,0.578000,3690.00
"GJ 1061 b","GJ 1061",0.0210000000,3.20730000000,0.050000,1.11000000,1.04000000,0.120000,0.156000,2953.00
"Kepler-102 b","Kepler-102",0.0552100000,5.28696500000,0.100000,1.10000000,0.46000000,0.803000,0.724000,4909.00
"Kepler-915 b","Kepler-915",0.0565500000,4.59489604000,0.000000,2.86000000,1.50000000,1.210000,1.380000,6173.00
"Kepler-1315 b","Kepler-1315",0.0161700000,0.84338011000,0.000000,2.48000000,1.38000000,0.800000,0.750000,4861.00
"Kepler-1912 b","Kepler-1912",0.0648900000,6.05921983700,0.000000,2.41000000,1.35670508,0.977000,0.962000,5734.00
"Kepler-306 e","Kepler-306",0.2270000000,44.84097500000,0.000000,5.77000000,2.27000000,0.750000,0.719000,4954.00
"K2-396 b","K2-396",,0.67386200000,,3.12000000,1.57900000,0.954000,0.920000,5236.00
"Kepler-1800 b","Kepler-1800",0.0509800000,4.56202983900,0.000000,0.96100000,0.99679734,1.330000,2.506000,5343.00
"Kepler-656 c","Kepler-656",0.0602000000,5.25449393000,0.000000,2.57000000,1.41000000,1.050000,0.954000,5550.00
"TOI-128.01","TOI-128",0.0538101900,4.94046810000,,5.56000000,2.21898000,0.851969,1.130000,6086.00
"TOI-262 b","TOI-262",0.1630000000,11.14529000000,,4.94000000,2.07000000,0.913000,0.853000,5310.00
"K2-90 c","K2-90",0.0350000000,2.90070600000,0.190000,2.24000000,1.30000000,0.704613,0.634754,4421.98
"K2-247 c","K2-247",0.0615000000,6.49424000000,,5.43000000,2.19000000,0.740000,0.690000,4667.00
"K2-322 b","K2-322",0.0594000000,8.20500000000,,4.35000000,1.92000000,0.630000,0.602000,4141.00
"Kepler-169 d","Kepler-169",0.0750000000,8.34812500000,0.000000,2.10000000,1.25000000,0.825000,0.763000,4997.00
"Kepler-191 d","Kepler-191",0.0610400000,5.94504101700,0.000000,5.82000000,2.28000000,0.840000,0.800000,5215.00
"Kepler-1464 b","Kepler-1464",0.2006600000,31.77859010000,0.000000,3.39000000,1.66000000,1.020000,1.010000,5828.00
"HR 858 b","HR 858",0.0488800000,3.58528700000,0.000000,3.55000000,2.00400000,1.204000,1.258000,6354.00
"Kepler-1832 b","Kepler-1832",0.0370000000,3.13878989200,0.000000,2.02000000,1.22719556,0.684000,0.722000,5242.00
"TOI-833 b","TOI-833",0.0171000000,1.04187770000,,2.15000000,1.27000000,0.610000,0.600000,3920.00
"Kepler-341 b","Kepler-341",0.0600000000,5.19552800000,0.000000,1.76000000,1.18000000,0.976000,1.024000,6012.00
"Kepler-295 c","Kepler-295",0.1420000000,21.52625800000,0.000000,1.71000000,1.17000000,0.890000,0.898000,5603.00
"Kepler-1802 b","Kepler-1802",0.0662000000,15.45020008000,0.000000,3.43000000,1.67100000,0.649000,0.637000,4245.00
"TOI-6008 b","TOI-6008",0.0107770000,0.85743470000,,4.00000000,1.03000000,0.230000,0.242000,3075.00
"Kepler-1437 b","Kepler-1437",0.0951000000,10.92954610000,0.000000,2.45000000,1.37000000,0.930000,0.900000,5557.00
"Kepler-330 b","Kepler-330",0.0750000000,8.25978000000,0.000000,2.39000000,1.35000000,0.848000,0.722000,5117.00
"K2-377 b","K2-377",,12.83223500000,,3.51000000,1.69300000,0.821000,0.691000,4200.00
"Kepler-208 e","Kepler-208",0.1320000000,16.25945800000,0.000000,2.79000000,1.48000000,1.082000,1.314000,6092.00
"Kepler-1287 b","Kepler-1287",0.0976000000,11.47685909000,0.000000,2.99000000,1.54000000,0.960000,0.940000,5715.00
"Kepler-646 b","Kepler-646",0.1125100000,15.87364565000,0.000000,4.62000000,1.99000000,0.930000,0.910000,5634.00
"Kepler-1880 b","Kepler-1880",0.0540000000,6.30921983700,0.000000,5.13000000,2.11686218,0.524000,0.530000,4380.00
"Kepler-587 b","Kepler-587",0.0952000000,10.94027841000,0.000000,5.60000000,2.23000000,0.920000,0.890000,5549.00
"EPIC 201238110 b","EPIC 201238110",,28.16560000000,,4.16000000,1.87000000,0.410000,0.374000,3587.00
"K2-240 c","K2-240",0.1159000000,20.52300000000,,3.89000000,1.80000000,0.580000,0.540000,3810.00
"Kepler-508 b","Kepler-508",0.1727400000,25.30889748000,0.000000,3.33000000,1.64000000,1.160000,1.250000,6025.00
"K2-413 b","K2-413",0.0117000000,0.80940000000,,0.36300000,0.75990000,0.808000,0.700000,4116.00
"Kepler-1885 b","Kepler-1885",0.0360000000,2.52255988100,0.000000,2.89000000,1.51110555,0.977000,0.860000,5591.00
"Kepler-398 d","Kepler-398",0.0618000000,6.83437001000,0.000000,0.61500000,0.88000000,0.720000,0.670000,4557.00
"HD 158259 b","HD 158259",,2.17800000000,,2.22000000,1.28228000,1.080000,1.210000,5801.89
"Kepler-1966 b","Kepler-1966",0.0763000000,8.61742973300,0.000000,1.39000000,1.10479327,0.797000,0.840000,5009.00
"Kepler-158 b","Kepler-158",0.1110000000,16.70918400000,0.000000,5.14000000,2.12000000,0.655000,0.624000,4623.00
"Kepler-1228 b","Kepler-1228",0.0118600000,0.57736957900,0.000000,2.99000000,1.54000000,0.780000,0.740000,5063.00
"Kepler-1850 b","Kepler-1850",0.0206000000,1.38580000400,0.000000,0.31300000,0.72909663,0.611000,0.600000,4239.00
"TOI-2345 b","TOI-2345",0.0170500000,1.05285730000,,3.49000000,1.50400000,0.727000,0.729000,4687.00
"DMPP-1 e","DMPP-1",0.0651000000,5.51600000000,0.070000,4.13000000,1.86000000,1.210000,1.260000,6196.00
"Kepler-260 c","Kepler-260",0.3320000000,76.05017800000,0.000000,3.68000000,1.74000000,1.013000,0.862000,5250.00
"Kepler-1460 b","Kepler-1460",0.1614000000,29.96332470000,0.000000,4.50000000,1.96000000,0.700000,0.670000,4422.00
"HD 158259 d","HD 158259",,5.19808140000,,5.41000000,2.18000000,1.080000,1.210000,5801.89
"Kepler-158 d","Kepler-158",,0.64508800000,,0.04720000,0.43000000,0.656000,0.668000,4895.97
"Gl 725 A b","Gl 725 A",0.0680000000,11.22010000000,0.000000,2.78000000,1.48000000,0.330000,0.351000,3433.00
"Kepler-1218 b","Kepler-1218",0.1569800000,22.92212660000,0.000000,2.67000000,1.44000000,1.060000,1.100000,5986.00
"Kepler-1891 b","Kepler-1891",0.0473000000,4.02229023000,0.000000,2.93000000,1.52139156,0.873000,0.827000,5516.00
"Kepler-330 c","Kepler-330",0.1160000000,15.95538700000,0.000000,4.46000000,1.95000000,0.848000,0.722000,5117.00
"Kepler-514 b","Kepler-514",0.0655900000,5.65179605000,0.000000,3.61000000,1.72000000,1.280000,1.440000,6106.00
"Kepler-1456 b","Kepler-1456",0.1132000000,18.13738290000,0.000000,1.55000000,1.14000000,0.640000,0.620000,4231.00
"TOI-1411 b","TOI-1411",0.0212200000,1.45205270000,0.000000,2.00000000,1.19880592,0.604500,0.614000,4115.00
"Kepler-1614 b","Kepler-1614",0.0471000000,3.94661410000,0.000000,2.83000000,1.49000000,0.790000,0.760000,5121.00
"K2-62 b","K2-62",0.0636000000,6.67199000000,,4.74000000,2.02000000,0.670000,0.696000,4455.00
"K2-224 b","K2-224",0.0516000000,4.47904000000,,3.05000000,1.56000000,0.910000,0.840000,5620.00
"Kepler-1315 c","Kepler-1315",0.0635000000,6.56606006600,0.000000,4.06000000,1.84398883,0.809000,0.856000,4818.00
"Kepler-1240 b","Kepler-1240",0.0579100000,4.86638150000,0.000000,1.60000000,1.15000000,0.980000,0.960000,5682.00
"Kepler-1323 b","Kepler-1323",0.0191100000,0.92990667800,0.000000,2.92000000,1.52000000,1.180000,1.400000,6169.00
"K2-198 c","K2-198",,3.35960550000,,2.61000000,1.42300000,0.799000,0.757000,5212.90
"Kepler-139 d","Kepler-139",0.0755533961,7.30569992200,0.000000,2.00000000,1.69500000,1.078000,1.045000,5622.00
"K2-154 b","K2-154",0.0405000000,3.67626000000,,4.62000000,1.99000000,0.650000,0.630000,4097.00
"Kepler-240 b","Kepler-240",0.0480000000,4.14449500000,0.000000,2.45000000,1.37000000,0.868000,0.739000,4985.00
"Kepler-144 b","Kepler-144",0.0660000000,5.88527300000,0.000000,2.33000000,1.33000000,1.154000,1.235000,6075.00
"TOI-1846 b","TOI-1846",0.0364600000,3.93067370000,,3.87000000,1.79200000,0.418000,0.397000,3568.00
"Kepler-1957 b","Kepler-1957",0.0299000000,2.18661999700,0.000000,0.79000000,0.94374867,0.745000,0.772000,4904.00
"Kepler-1153 b","Kepler-1153",0.0277000000,1.75583532700,0.000000,3.64000000,1.73000000,0.910000,0.880000,5470.00
"Kepler-327 b","Kepler-327",0.0290000000,2.54957500000,0.000000,1.41000000,1.11000000,0.591913,0.492000,3799.00
"K2-72 b","K2-72",0.0400000000,5.57721200000,0.110000,1.28000000,1.08000000,0.271365,0.330989,3360.47
"Kepler-405 b","Kepler-405",0.0950000000,10.61383900000,0.000000,4.98000000,2.08000000,0.873000,0.893000,5818.00
"Kepler-1421 b","Kepler-1421",0.0757600000,6.91311120000,0.000000,0.74900000,0.93000000,1.250000,1.420000,6335.00
"K2-332 b","K2-332",,17.70632000000,,5.48000000,2.20000000,0.270000,0.280000,3315.00
"Kepler-1288 b","Kepler-1288",0.0413500000,2.76122421000,0.000000,1.46000000,1.12000000,1.200000,1.290000,6132.00
"Kepler-1805 b","Kepler-1805",0.0699000000,8.84794044500,0.000000,3.00000000,1.54502915,0.581000,0.552000,3867.00
"Kepler-370 b","Kepler-370",0.0540000000,4.57953000000,0.000000,3.15000000,1.59000000,0.982000,0.900000,5852.00
"Kepler-1142 b","Kepler-1142",0.1343000000,18.30272480000,0.000000,2.76000000,1.47000000,0.970000,0.960000,5685.00
"Kepler-853 b","Kepler-853",0.0790000000,7.16892463000,0.000000,3.50000000,1.69000000,1.300000,1.550000,6350.00
"KOI-1599.01","KOI-1599",0.1472800000,20.44150000000,0.014000,4.60000000,1.90000000,1.020000,0.972000,5833.00
"Kepler-1759 b","Kepler-1759",0.0429000000,3.72023010300,0.000000,0.67600000,0.90377910,0.760000,0.797000,5017.00
"Kepler-1215 b","Kepler-1215",0.0528000000,4.76703963000,0.000000,1.98000000,1.22000000,0.950000,0.930000,5616.00
"Kepler-1424 b","Kepler-1424",0.1906800000,29.60917440000,0.000000,1.65000000,1.16000000,1.020000,1.070000,5838.00
"Kepler-235 d","Kepler-235",0.1220000000,20.06054800000,0.000000,4.86000000,2.05000000,0.581000,0.554000,4255.00
"Kepler-776 b","Kepler-776",0.0523000000,4.89718784000,0.000000,2.18000000,1.28000000,0.830000,0.780000,5071.00
"K2-352 b","K2-352",,3.66591200000,,2.45000000,1.37000000,0.980000,0.950000,5791.00
"Kepler-1420 b","Kepler-1420",0.0671000000,6.69960006000,0.000000,2.18000000,1.28000000,0.820000,0.790000,5187.00
"Kepler-79 e","Kepler-79",0.3944500000,81.06650000000,0.025000,3.80000000,3.53000000,1.244000,1.316000,6389.00
"Kepler-947 b","Kepler-947",0.1773000000,26.96443170000,0.000000,5.82000000,2.28000000,0.900000,0.870000,5508.00
"Kepler-336 c","Kepler-336",0.0920000000,9.60000100000,0.000000,5.06000000,2.10000000,1.090000,1.304000,5867.00
"Kepler-1365 c","Kepler-1365",0.0570100000,4.77468005000,0.000000,0.43700000,0.80000000,1.000000,1.050000,5770.00
"TIC 437041147 b","TIC 437041147",,3.82301421497,,5.54000000,2.21526814,0.931000,0.961092,5224.36
"Kepler-583 b","Kepler-583",0.0689000000,6.51002530000,0.000000,5.82000000,2.28000000,0.940000,0.910000,5523.00
"Kepler-1649 c","Kepler-1649",0.0649000000,19.53527000000,0.000000,1.20000000,1.06000000,0.197700,0.231700,3240.00
"Kepler-381 d","Kepler-381",0.0836400000,8.25629997300,0.000000,1.23000000,1.06678650,1.198000,2.188000,6197.00
"K2-268 e","K2-268",,6.13124300000,,2.33000000,1.33000000,0.840000,0.780000,5106.00
"Kepler-1254 d","Kepler-1254",0.0575000000,5.72717226000,0.000000,2.27000000,1.31000000,0.780000,0.750000,4985.00
"EPIC 212424622 b","EPIC 212424622",,18.09830000000,,5.35000000,2.17000000,1.106000,1.224700,5782.33
"Kepler-960 b","Kepler-960",0.0380700000,3.12686223000,0.000000,5.86000000,2.29000000,0.770000,0.720000,4755.00
"Kepler-1386 b","Kepler-1386",0.0680000000,6.73972381000,0.000000,2.07000000,1.24000000,1.020000,1.030000,5733.00
"Kepler-1921 c","Kepler-1921",0.0454000000,3.15722086000,0.000000,2.57000000,1.41000000,1.251000,2.000000,6120.00
"Kepler-1225 b","Kepler-1225",0.0771000000,7.01075434000,0.000000,3.97000000,1.82000000,1.130000,1.190000,6140.00
"Kepler-208 b","Kepler-208",0.0540000000,4.22864000000,0.000000,3.29000000,1.63000000,1.082000,1.314000,6092.00
"Kepler-1146 b","Kepler-1146",0.0325000000,2.35226579700,0.000000,2.04000000,1.23000000,0.740000,0.700000,4692.00
"Kepler-1643 b","Kepler-1643",0.0531000000,5.34265700000,0.000000,5.99000000,2.32000000,0.845000,0.855000,4916.00
"K2-259 b","K2-259",0.1271000000,15.48043000000,,5.99000000,2.32000000,1.140000,1.130000,6059.00
"Kepler-401 c","Kepler-401",0.2690000000,47.31821800000,0.000000,5.27000000,2.15000000,1.173000,1.333000,6117.00
"Kepler-888 b","Kepler-888",0.3148100000,70.69790610000,0.000000,3.75000000,1.76000000,0.970000,0.900000,5875.00
"Kepler-1322 c","Kepler-1322",0.0652000000,6.45998001100,0.000000,5.29000000,2.15492527,0.897000,0.804000,5704.00
"TOI-1798.02","TOI-1798",0.0107890000,0.43781182200,0.000000,5.60000000,1.46400000,0.870000,0.780000,5165.00
"Kepler-1394 b","Kepler-1394",0.0547400000,3.93766373000,0.000000,2.51000000,1.39000000,1.640000,2.550000,6481.00
"Kepler-404 c","Kepler-404",0.1180000000,14.75116600000,0.000000,3.61000000,1.72000000,0.860000,0.884000,5654.00
"Kepler-1254 b","Kepler-1254",0.0833000000,9.99113313000,0.000000,3.02000000,1.55000000,0.780000,0.750000,4985.00
"Kepler-1615 b","Kepler-1615",0.2788000000,47.31261920000,0.000000,4.90000000,2.06000000,1.040000,1.050000,5865.00
"Kepler-327 d","Kepler-327",0.0900000000,13.96945700000,0.000000,3.64000000,1.73000000,0.591913,0.492000,3799.00
"Kepler-1301 b","Kepler-1301",0.0815000000,9.08237046000,0.000000,2.54000000,1.40000000,0.850000,0.810000,5188.00
"Kepler-784 c","Kepler-784",0.1309000000,17.15723600000,0.000000,3.02000000,1.55000000,1.016000,1.487000,5676.00
"Kepler-1553 b","Kepler-1553",0.0481000000,4.24261881000,0.000000,1.60000000,1.15000000,0.850000,0.810000,5288.00
"Kepler-1862 b","Kepler-1862",0.1199000000,16.05730057000,0.000000,5.49000000,2.20300000,0.900000,0.806000,5644.00
"Kepler-1537 b","Kepler-1537",0.0245000000,1.44445379800,0.000000,1.76000000,1.18000000,0.810000,0.770000,5079.00
"Kepler-130 d","Kepler-130",0.3770000000,87.51790500000,0.800000,3.33000000,1.64000000,0.927000,1.127000,5884.00
"Kepler-1404 b","Kepler-1404",0.1143000000,15.93147390000,0.000000,4.70000000,2.01000000,0.840000,0.800000,5261.00
"Kepler-1207 b","Kepler-1207",0.1156000000,13.68237119000,0.000000,3.26000000,1.62000000,1.060000,1.060000,5909.00
"Kepler-1795 b","Kepler-1795",0.1002000000,13.36019993000,0.000000,3.40000000,1.66301611,0.768000,0.688000,4500.00
"TOI-4364 b","TOI-4364",0.0475300000,5.42401900000,0.290000,4.70000000,2.01000000,0.487000,0.468400,3528.00
"Kepler-247 b","Kepler-247",0.0420000000,3.33616000000,0.000000,3.33000000,1.64000000,0.887000,0.768000,5100.00
"EPIC 201427007 b","EPIC 201427007",,0.72091000000,,2.86000000,1.50000000,0.930000,0.940000,5633.00
"K2-268 b","K2-268",0.0308000000,2.15167600000,,2.86000000,1.50000000,0.840000,0.780000,5106.00
"Kepler-1096 b","Kepler-1096",0.0340000000,2.89221750600,0.000000,2.07000000,1.24000000,0.660000,0.630000,4306.00
"HD 35843 b","HD 35843",0.0880000000,9.89910000000,0.000000,5.84000000,2.29000000,0.940000,0.897000,5666.00
"TOI-2266 b","TOI-2266",0.0200000000,2.32631800000,,2.99000000,1.54000000,0.230000,0.240000,3200.00
"Kepler-1547 b","Kepler-1547",0.0155600000,0.69297967600,0.000000,0.66600000,0.90000000,1.120000,1.180000,6078.00
"GJ 15 A b","GJ 15 A",0.0720000000,11.44070000000,0.094000,3.03000000,1.55000000,0.380000,0.380000,3607.00
"Kepler-100 b","Kepler-100",0.0730900000,6.88734000000,0.130000,4.01000000,1.34000000,1.130000,1.510000,5837.00
"Kepler-1258 b","Kepler-1258",0.0182400000,0.98494016700,0.000000,0.56600000,0.86000000,0.990000,0.990000,5839.00
"TOI-1266 b","TOI-1266",0.0730000000,10.89450000000,0.039000,4.46000000,2.52000000,0.437000,0.423200,3563.00
"Kepler-364 c","Kepler-364",0.3120000000,59.98062700000,0.000000,5.27000000,2.15000000,1.076000,1.284000,6108.00
"HD 20794 f","HD 20794",1.3541000000,647.60000000000,0.450000,5.82000000,2.28000000,0.790000,0.930000,5368.00
"Kepler-1595 b","Kepler-1595",0.0510000000,4.56380468000,0.000000,2.04000000,1.23000000,0.840000,0.800000,5203.00
"Kepler-526 b","Kepler-526",0.0651800000,5.45849831600,0.000000,4.62000000,1.99000000,1.150000,1.140000,5894.00
"TOI-1743 b","TOI-1743",0.0358900000,4.26604600000,,4.01000000,1.83000000,0.339000,0.338000,3277.00
"Kepler-1837 b","Kepler-1837",0.0650000000,5.90608978300,0.000000,4.92000000,2.06673842,1.049000,0.961000,5966.00
"Kepler-1986 b","Kepler-1986",0.1307000000,19.54896660000,0.000000,4.23000000,1.89000000,0.776000,0.732000,5549.00
"Kepler-1497 b","Kepler-1497",0.0817000000,8.74199772000,0.000000,3.39000000,1.66000000,0.960000,0.950000,5675.00
"EPIC 212624936 b","EPIC 212624936",,0.57865700000,,1.87000000,1.20000000,1.000000,0.930000,5765.00
"Kepler-194 b","Kepler-194",0.0320000000,2.09228100000,0.000000,2.89000000,1.51000000,0.940000,1.025000,6089.00
"Kepler-529 c","Kepler-529",0.1075000000,12.83450220000,0.000000,4.66000000,2.00000000,1.070000,1.140000,6087.00
"Kepler-1412 b","Kepler-1412",0.0460800000,3.61460510000,0.000000,0.49800000,0.83000000,1.060000,1.270000,5880.00
"Kepler-760 c","Kepler-760",0.0348900000,2.46697439000,0.000000,2.79000000,1.48000000,0.890000,0.850000,5322.00
"Kepler-225 c","Kepler-225",0.1110000000,18.79423400000,0.000000,4.04000000,1.84000000,0.593000,0.480000,3682.00
"Kepler-180 b","Kepler-180",0.1090000000,13.81712400000,0.000000,2.86000000,1.50000000,0.950000,1.063000,5731.00
"Kepler-1349 b","Kepler-1349",0.0342100000,2.12823928000,0.000000,0.27100000,0.70000000,1.160000,1.280000,6086.00
"Kepler-1306 b","Kepler-1306",0.1230000000,16.29595382000,0.000000,4.31000000,1.91000000,0.980000,0.970000,5727.00
"Kepler-345 b","Kepler-345",0.0660000000,7.41556300000,0.000000,0.48000000,0.74000000,0.610000,0.623000,4504.00
"Kepler-467 b","Kepler-467",0.1684800000,24.99324193000,0.000000,5.69000000,2.25000000,1.050000,1.370000,5809.00
"Kepler-964 b","Kepler-964",0.1073000000,13.52251060000,0.000000,5.14000000,2.12000000,0.930000,0.840000,5427.00
"Kepler-1262 b","Kepler-1262",0.0830000000,8.67900242000,0.000000,3.97000000,1.82000000,0.990000,0.980000,5771.00
"Kepler-1809 b","Kepler-1809",0.0444400000,3.75729990000,0.000000,2.90000000,1.51300000,0.807000,0.716000,4901.00
"Kepler-649 b","Kepler-649",0.1752200000,29.90722674000,0.000000,5.73000000,2.26000000,0.970000,0.940000,5871.00
"Kepler-1111 b","Kepler-1111",0.0872000000,8.79617863000,0.000000,4.66000000,2.00000000,1.100000,1.150000,6077.00
"Kepler-1794 b","Kepler-1794",0.0821000000,9.76298046100,0.000000,3.87000000,1.79426276,0.773000,0.816000,5052.00
"Kepler-884 b","Kepler-884",0.0611600000,5.69919514000,0.000000,2.04000000,1.23000000,1.000000,0.940000,5715.00
"Kepler-1019 b","Kepler-1019",0.0221000000,1.41122984700,0.000000,2.73000000,1.46000000,0.700000,0.670000,4433.00
"TOI-4552 b","TOI-4552",0.0056255000,0.30110032000,0.000000,1.83000000,1.11000000,0.261900,0.286900,3258.00
"Kepler-683 b","Kepler-683",0.0355000000,2.53918317900,0.000000,4.54000000,1.97000000,0.960000,0.950000,5703.00
"Kepler-1977 b","Kepler-1977",0.0486000000,4.53702121000,0.000000,3.39000000,1.66000000,0.769000,0.688000,4805.00
"Kepler-1136 b","Kepler-1136",0.0299000000,2.36172432900,0.000000,3.33000000,1.64000000,0.720000,0.680000,4512.00
"GJ 667 C f","GJ 667 C",0.1560000000,39.02600000000,0.030000,2.70000000,1.45000000,0.330000,,3350.00
"Kepler-1496 b","Kepler-1496",0.3211000000,64.65880170000,0.000000,5.56000000,2.22000000,1.180000,1.270000,6182.00
"Kepler-366 c","Kepler-366",0.1100000000,12.51616000000,0.000000,3.86000000,1.79000000,1.088000,1.048000,6209.00
"Kepler-537 b","Kepler-537",0.0431700000,3.24755521900,0.000000,2.57000000,1.41000000,1.070000,0.990000,5763.00
"GJ 3323 b","GJ 3323",0.0328200000,5.36360000000,0.230000,2.02000000,1.23000000,0.164000,0.119000,3159.00
"Kepler-1761 b","Kepler-1761",0.0413000000,4.04354000100,0.000000,2.51000000,1.39109603,0.573000,0.532000,3871.00
"Kepler-1436 b","Kepler-1436",0.0907000000,9.70571600000,0.000000,2.27000000,1.31000000,1.060000,1.090000,5972.00
"Kepler-1597 b","Kepler-1597",0.0413600000,2.94654179000,0.000000,1.20000000,1.06000000,1.250000,1.390000,6377.00
"Kepler-850 b","Kepler-850",0.0744000000,7.19303878000,0.000000,3.82000000,1.78000000,1.060000,1.090000,5932.00
"Kepler-65 d","Kepler-65",0.0840000000,8.13123000000,0.014000,4.14000000,1.52000000,1.250000,1.410000,6211.00
"Kepler-1090 b","Kepler-1090",0.6332300000,198.68017900000,0.000000,5.69000000,2.25000000,0.860000,0.820000,5321.00
"TOI-715 b","TOI-715",0.0830000000,19.28800400000,,3.02000000,1.55000000,0.225000,0.240000,3075.00
"GJ 393 b","GJ 393",0.0540200000,7.02679000000,,1.71000000,1.17000000,0.426000,0.426000,3579.00
"Kepler-1680 b","Kepler-1680",0.0764200000,8.77424000000,0.000000,2.42000000,1.35954736,0.834000,0.723259,5021.00
"GJ 1061 c","GJ 1061",0.0342000000,6.68210000000,0.020000,1.81000000,1.19000000,0.120000,0.156000,2953.00
"K2-50 b","K2-50",0.0705000000,8.75290000000,,3.15000000,1.59000000,0.611000,0.546000,4326.00
"Kepler-23 b","Kepler-23",0.0721200000,7.10000000000,0.017000,2.56000000,1.63800000,1.078000,1.548000,5828.00
"Kepler-1107 b","Kepler-1107",0.0128500000,0.57103851800,0.000000,2.36000000,1.34000000,0.860000,0.820000,5268.00
"Kepler-851 b","Kepler-851",0.0802000000,8.50699658000,0.000000,3.46000000,1.68000000,0.890000,0.850000,5455.00
"G 264-012 c","G 264-012",0.0525000000,8.05180000000,,3.75000000,1.76000000,0.297000,0.305000,3326.00
"K2-346 b","K2-346",,26.20144600000,,5.73000000,2.26000000,0.710000,0.700000,4801.00
"Kepler-1509 b","Kepler-1509",0.1707000000,25.43381970000,0.000000,4.08000000,1.85000000,1.000000,0.990000,5780.00
"Kepler-1574 b","Kepler-1574",0.0743000000,6.94243340000,0.000000,2.21000000,1.29000000,1.060000,1.080000,5892.00
"Kepler-1290 b","Kepler-1290",0.0557000000,4.69500134000,0.000000,2.60000000,1.42000000,0.950000,0.930000,5660.00
"Kepler-218 b","Kepler-218",0.0460000000,3.61933700000,0.000000,2.79000000,1.48000000,1.019000,1.063000,5502.00
"Kepler-645 b","Kepler-645",0.0454100000,3.27582262100,0.000000,5.06000000,2.10000000,1.130000,1.210000,6170.00
"TOI-1450 A b","TOI-1450 A",,2.04392740000,,1.25800000,1.13000000,0.480000,0.483000,3437.00
"Kepler-1010 b","Kepler-1010",0.1930000000,34.26857050000,0.000000,5.99000000,2.32000000,0.860000,0.820000,5253.00
"Kepler-1855 b","Kepler-1855",0.0115000000,0.72733098300,0.000000,1.96000000,1.21620500,0.385000,0.356000,3460.00
"Kepler-1363 b","Kepler-1363",0.0363000000,2.94194094000,0.000000,2.10000000,1.25000000,0.760000,0.720000,4839.00
"Kepler-296 b","Kepler-296",0.0790000000,10.86438400000,0.330000,3.22000000,1.61000000,0.498000,0.480000,3740.00
"Kepler-989 b","Kepler-989",0.0734000000,7.96431535200,0.000000,5.52000000,2.21000000,0.820000,0.780000,5074.00
"Kepler-1508 b","Kepler-1508",0.1629000000,20.70565040000,0.000000,2.33000000,1.33000000,1.140000,1.220000,6158.00
"Kepler-1637 b","Kepler-1637",0.0596000000,6.10960324000,0.000000,0.64000000,0.89000000,1.020000,1.020000,5789.00
"Kepler-312 b","Kepler-312",0.0310000000,1.77241900000,0.000000,2.21000000,1.29000000,1.314000,1.467000,6115.00
"Kepler-1671 b","Kepler-1671",0.0494600000,4.16787000000,0.000000,2.32000000,1.32557381,0.866000,0.929771,5135.55
"Kepler-1038 c","Kepler-1038",0.0692000000,7.12765979800,0.000000,2.59000000,1.41623380,0.868000,0.821000,5159.00
"Kepler-1699 b","Kepler-1699",0.0418000000,3.49082000000,0.000000,3.08000000,1.56671124,0.810000,0.725000,5575.53
"Kepler-1569 b","Kepler-1569",0.0666900000,5.79180156000,0.000000,3.46000000,1.68000000,1.250000,1.400000,6319.00
"Kepler-106 b","Kepler-106",0.0649100000,6.16486000000,0.000000,5.30000000,0.82000000,1.000000,1.040000,5858.00
"Kepler-834 b","Kepler-834",0.0862000000,13.32388301000,0.000000,4.74000000,2.02000000,0.700000,0.660000,4554.00
"Kepler-169 e","Kepler-169",0.1050000000,13.76710200000,0.000000,5.48000000,2.20000000,0.825000,0.763000,4997.00
"Kepler-37 b","Kepler-37",0.1019000000,13.36702000000,0.098000,0.79000000,0.30980000,0.790000,0.789000,5357.00
"Kepler-1125 b","Kepler-1125",0.1348000000,17.67006420000,0.000000,4.04000000,1.84000000,0.950000,0.940000,5683.00
"Kepler-384 b","Kepler-384",0.1480000000,22.59705300000,0.000000,1.46000000,1.12000000,0.882000,0.882000,5577.00
"Kepler-1618 b","Kepler-1618",0.0710900000,6.10826019000,0.000000,2.13000000,1.26000000,1.410000,1.650000,6620.00
"Kepler-352 d","Kepler-352",0.0657400000,6.88727998700,0.000000,0.44900000,0.80628032,0.796000,0.772000,5208.00
"K2-148 c","K2-148",0.0616000000,6.92260000000,,3.64000000,1.73000000,0.650000,0.632000,4079.00
"EPIC 212297394 b","EPIC 212297394",,2.28936300000,,2.79000000,1.48000000,0.830000,0.800000,5171.00
"K2-270 b","K2-270",0.0247000000,1.54306900000,,2.48000000,1.38000000,0.850000,0.770000,4877.00
"Kepler-55 e","Kepler-55",0.0480000000,4.61753400000,0.000000,3.02000000,1.55000000,0.631000,0.619000,4503.00
"GJ 887 b","GJ 887",0.0683000000,9.26190000000,0.140000,3.90000000,1.80000000,0.495000,0.468000,3688.00
"Kepler-282 b","Kepler-282",0.0820000000,9.22052400000,0.000000,1.01000000,1.01000000,0.860000,0.904000,5602.00
"TOI-1224 b","TOI-1224",0.0355000000,4.17827450000,,5.08000000,2.10400000,0.400000,0.404000,3326.00
"Kepler-363 d","Kepler-363",0.1070000000,11.93212500000,0.000000,4.86000000,2.05000000,1.226000,1.485000,5593.00
"Kepler-10 b","Kepler-10",0.0168500000,0.83749070000,0.000000,3.24000000,1.47000000,0.910000,1.065000,5708.00
"Kepler-271 d","Kepler-271",0.0555400000,5.24972541000,0.000000,0.21900000,0.66000000,0.900000,0.870000,5555.00
"TIC 18942729 b","TIC 18942729",,0.99817838064,,4.66000000,2.00021315,0.652000,0.825257,4360.11
"HD 22496 b","HD 22496",0.0510000000,5.09071000000,,5.57000000,2.22000000,0.684000,0.674000,4385.00
"Kepler-589 c","Kepler-589",0.0426000000,3.52466011000,0.000000,1.45000000,1.11727238,0.832000,0.916000,5372.00
"Kepler-647 b","Kepler-647",0.1223700000,16.22546490000,0.000000,1.71000000,1.17000000,1.030000,1.070000,6020.00
"Kepler-1980 b","Kepler-1980",0.2049000000,33.02571790000,0.000000,5.52000000,2.21000000,1.049000,0.990000,5819.00
"Kepler-250 d","Kepler-250",0.1270000000,17.64831200000,0.000000,5.39000000,2.18000000,0.806000,0.805000,5160.00
"Kepler-1298 b","Kepler-1298",0.0814000000,7.12811928000,0.000000,2.27000000,1.31000000,1.450000,2.000000,6339.00
"Kepler-1361 b","Kepler-1361",0.0430400000,3.57554956000,0.000000,0.56600000,0.86000000,0.830000,0.790000,5131.00
"Kepler-1604 b","Kepler-1604",0.0140600000,0.68368425600,0.000000,2.57000000,1.41000000,0.810000,0.760000,4976.00
"Kepler-984 b","Kepler-984",0.2368800000,43.03422720000,0.000000,5.14000000,2.12000000,0.960000,0.930000,5610.00
"Kepler-1286 b","Kepler-1286",0.0991000000,11.25402929000,0.000000,5.27000000,2.15000000,1.000000,0.980000,5753.00
"Kepler-732 b","Kepler-732",0.0691000000,9.46781404800,0.000000,5.39000000,2.18000000,0.490000,0.460000,3631.00
"Kepler-407 b","Kepler-407",0.0153100000,0.66931240000,0.000000,1.93000000,1.19000000,0.990000,1.040000,5487.00
"Kepler-1052 c","Kepler-1052",0.6135000000,180.92172900000,0.000000,5.90000000,2.30000000,0.937000,0.848000,5818.00
"Kepler-206 b","Kepler-206",0.0780000000,7.78198700000,0.000000,1.87000000,1.20000000,0.957000,1.185000,5764.00
"Kepler-763 b","Kepler-763",0.0205000000,1.19655156000,0.000000,1.98000000,1.22000000,0.840000,0.800000,5166.00
"Kepler-155 b","Kepler-155",0.0560000000,5.93119400000,0.000000,5.02000000,2.09000000,0.635000,0.620000,4508.00
"K2-274 b","K2-274",0.0964000000,14.13303140000,,4.98000000,2.08000000,0.790000,0.700000,5044.00
"TOI-1011 b","TOI-1011",,2.47049800000,0.000000,4.04000000,1.45000000,0.910000,0.920000,5475.00
"Kepler-1583 b","Kepler-1583",0.0830700000,9.32807355000,0.000000,0.15600000,0.60000000,0.940000,0.910000,5645.00
"Kepler-1876 b","Kepler-1876",0.0758000000,6.99205000000,0.098000,2.40000000,0.85300000,1.187000,1.477000,6104.00
"K2-219 c","K2-219",,6.66767000000,,2.66000000,1.43839723,1.021545,1.189232,5753.00
"Kepler-881 b","Kepler-881",0.0552000000,4.44448017000,0.000000,3.82000000,1.78000000,1.060000,1.090000,5961.00
"Kepler-60 c","Kepler-60",0.0842200000,8.91870000000,0.039000,3.85000000,1.90000000,1.041000,1.257000,5905.00
"Kepler-1848 b","Kepler-1848",0.0583500000,5.60402011900,0.000000,2.57000000,1.40885390,0.756000,0.737000,4847.00
"TOI-2096 c","TOI-2096",0.0400000000,6.38784000000,0.100000,4.32000000,1.91400000,0.231000,0.235000,3300.00
"Kepler-1698 b","Kepler-1698",0.0206500000,1.21070000000,0.000000,1.25000000,1.07315686,0.822000,0.741698,4975.03
"HD 25463 c","HD 25463",0.0443000000,3.04405000000,0.000000,4.30000000,1.36354953,1.251000,1.418200,6353.00
"Kepler-1869 c","Kepler-1869",0.0280000000,1.71682830400,0.000000,0.33000000,0.74000000,0.987000,0.902000,5808.00
"Kepler-292 b","Kepler-292",0.0350000000,2.58082700000,0.000000,2.30000000,1.32000000,0.865000,0.826000,5299.00
"Kepler-33 b","Kepler-33",0.0677000000,5.66793000000,0.000000,3.68000000,1.74000000,1.291000,1.820000,5904.00
"Kepler-601 b","Kepler-601",0.0549400000,5.37886844100,0.000000,4.27000000,1.90000000,0.850000,0.790000,5160.00
"Kepler-1020 b","Kepler-1020",0.3759400000,96.91514960000,0.000000,5.82000000,2.28000000,0.870000,0.800000,5227.00
"Kepler-1346 b","Kepler-1346",0.0440000000,3.40165668000,0.000000,3.12000000,1.58000000,1.140000,1.210000,6133.00
"Kepler-181 c","Kepler-181",0.0490000000,4.30214900000,0.000000,4.62000000,1.99000000,0.810000,0.749000,5333.00
"Kepler-953 c","Kepler-953",0.0862000000,9.10967112000,0.000000,1.81000000,1.19000000,0.950000,0.990000,5416.00
"Kepler-154 b","Kepler-154",0.1980000000,33.04053200000,0.000000,5.73000000,2.26000000,0.933000,1.001000,5690.00
"Kepler-379 b","Kepler-379",0.1520000000,20.09838000000,0.000000,3.39000000,1.66000000,1.125000,1.306000,6054.00
"Kepler-567 b","Kepler-567",0.1229000000,16.54297375000,0.000000,5.69000000,2.25000000,0.840000,0.790000,5148.00
"Kepler-176 e","Kepler-176",0.2565400000,51.16579000000,0.000000,0.52075000,1.45000000,0.870000,0.830000,5295.00
"TOI-5489 c","TOI-5489",,4.92126000000,,2.18000000,1.28000000,0.410000,0.420000,3547.00
"Kepler-28 c","Kepler-28",0.0751900000,8.99000000000,0.017000,2.06000000,1.85700000,0.684000,0.664000,4499.30
"Kepler-1418 b","Kepler-1418",0.1310000000,22.47644250000,0.000000,3.39000000,1.66000000,0.770000,0.720000,4770.00
"Kepler-1846 b","Kepler-1846",0.1105400000,14.82009983000,0.000000,3.76000000,1.76378826,0.785000,0.732000,4825.00
"Kepler-224 e","Kepler-224",0.1240000000,18.64357700000,0.000000,4.54000000,1.97000000,0.777000,0.676000,5018.00
"OGLE-2017-BLG-1434L b","OGLE-2017-BLG-1434L",1.1800000000,,,4.43000000,1.94000000,0.234000,,
"Kepler-1265 b","Kepler-1265",0.0612000000,6.49441289000,0.000000,2.39000000,1.35000000,0.710000,0.690000,4630.00
"Kepler-1591 b","Kepler-1591",0.0794000000,8.18504949000,0.000000,2.15000000,1.27000000,1.100000,1.160000,6082.00
"Kepler-249 b","Kepler-249",0.0350000000,3.30653900000,0.000000,1.32000000,1.09000000,0.510238,0.482000,3568.00
"Kepler-1222 b","Kepler-1222",0.0280100000,1.91694425400,0.000000,0.41800000,0.79000000,0.840000,0.800000,5239.00
"Kepler-566 b","Kepler-566",0.1247000000,18.42794624000,0.000000,5.27000000,2.15000000,0.830000,0.790000,5132.00
"Kepler-1224 b","Kepler-1224",0.1162500000,13.32351601000,0.000000,2.33000000,1.33000000,1.180000,1.220000,6155.00
"Kepler-619 c","Kepler-619",0.0221600000,1.20846502600,0.000000,3.50000000,1.69000000,1.090000,1.110000,5980.00
"Kepler-186 b","Kepler-186",0.0343000000,3.88679070000,0.000000,1.24000000,1.07000000,0.478000,0.472000,3788.00
"K2-183 d","K2-183",0.1527000000,22.62034400000,,5.90000000,2.30000000,0.942219,0.870000,5482.00
"KOI-55 c","KOI-55",0.0076000000,0.34288700000,,0.65500000,0.86700000,0.496000,0.203000,27730.00
"Kepler-1620 b","Kepler-1620",0.4322000000,101.95182900000,0.000000,3.22000000,1.61000000,1.150000,1.230000,6157.00
"Kepler-85 e","Kepler-85",0.1630000000,25.21675100000,0.000000,0.60000000,1.27000000,0.947000,0.893000,5436.00
"TOI-2128 b","TOI-2128",0.1270000000,16.34136000000,0.000000,4.50000000,2.08874836,1.025100,1.117400,5968.00
"Kepler-1693 c","Kepler-1693",0.0588000000,5.36370992700,0.000000,0.89400000,0.97698289,0.941000,1.098000,5553.00
"Kepler-403 b","Kepler-403",0.0760000000,7.03146200000,0.000000,2.10000000,1.25000000,1.299000,1.329000,6090.00
"Kepler-1493 b","Kepler-1493",0.1197000000,15.02179830000,0.000000,2.57000000,1.41000000,1.060000,1.290000,5863.00
"Kepler-137 c","Kepler-137",0.1300000000,18.73575300000,0.000000,4.19000000,1.88000000,0.850000,0.802000,5187.00
"OGLE-2018-BLG-0677L b","OGLE-2018-BLG-0677L",0.6300000000,,,3.96000000,1.82000000,0.120000,,
"Kepler-365 b","Kepler-365",0.0980000000,10.66490300000,0.000000,4.82000000,2.04000000,1.020000,1.048000,6012.00
"Kepler-250 c","Kepler-250",0.0690000000,7.15680400000,0.000000,5.82000000,2.28000000,0.806000,0.805000,5160.00
"TOI-521 b","TOI-521",0.0195000000,1.54285047000,0.000000,5.30000000,1.98000000,0.420000,0.421000,3544.00
"KMT-2018-BLG-1988L b","KMT-2018-BLG-1988L",3.0900000000,,,5.56000000,2.22000000,0.470000,,
"Kepler-142 d","Kepler-142",0.2420000000,41.80911800000,0.000000,5.31000000,2.16000000,0.978000,1.269000,5790.00
"K2-65 b","K2-65",0.1014000000,12.64750000000,,3.12000000,1.58000000,0.870000,0.840000,5213.00
"Kepler-124 d","Kepler-124",0.1700000000,30.95085100000,0.000000,1.41000000,1.11000000,0.706000,0.636000,4984.00
"Kepler-244 c","Kepler-244",0.0870000000,9.76729200000,0.000000,4.86000000,2.05000000,0.933000,0.803000,5554.00
"Kepler-2001 c","Kepler-2001",0.1084000000,14.09258318900,0.000000,3.97000000,1.82000000,0.864000,0.770000,5081.00
"Kepler-132 c","Kepler-132",0.0680000000,6.41491400000,0.000000,2.18000000,1.28000000,0.929000,1.178000,6003.00
"Kepler-47 b","Kepler-47",0.2877000000,49.46430000000,0.021000,2.07000000,3.05000000,0.957000,0.936000,5636.00
"Kepler-1219 b","Kepler-1219",0.1414600000,16.10467749000,0.000000,5.14000000,2.12000000,1.250000,1.940000,5944.00
"Kepler-824 b","Kepler-824",0.0550000000,4.51436633000,0.000000,4.16000000,1.87000000,1.150000,1.220000,6035.00
"DMPP-6 b","DMPP-6",0.0779000000,7.60270000000,0.340000,5.80000000,2.28000000,1.079000,1.270000,6182.09
"MOA-2022-BLG-249L b","MOA-2022-BLG-249L",1.6300000000,,,4.83000000,2.04000000,0.180000,,
"Kepler-1063 b","Kepler-1063",0.1176000000,14.07971466000,0.000000,2.83000000,1.49000000,1.090000,1.140000,5945.00
"TOI-5736 b","TOI-5736",,0.64899000000,,3.05000000,1.56000000,0.570000,0.580000,3949.00
"Kepler-1577 b","Kepler-1577",0.0657000000,6.30560247000,0.000000,1.51000000,1.13000000,0.780000,0.740000,4862.00
"K2-13 b","K2-13",0.2114000000,39.91488000000,,4.23000000,1.89000000,0.800000,0.780000,5698.00
"Kepler-1489 c","Kepler-1489",,0.68074100000,,0.08700000,0.51000000,0.977000,0.957000,5565.53
"K2-190 c","K2-190",,21.57402300000,,1.34000000,1.09308317,0.904597,0.912206,5631.00
"Kepler-1996 b","Kepler-1996",0.1789000000,32.37618300000,0.000000,5.73000000,2.26000000,0.748000,0.675000,4580.00
"Kepler-446 c","Kepler-446",0.0283000000,3.03617900000,0.000000,1.41000000,1.11000000,0.220000,0.240000,3359.00
"Kepler-1482 b","Kepler-1482",0.0996800000,12.25383217000,0.000000,1.01000000,1.01000000,0.880000,0.840000,5381.00
"HD 39194 b","HD 39194",0.0589500000,5.63692000000,0.101000,4.62000000,1.99000000,0.860000,0.783742,5205.00
"Kepler-1940 b","Kepler-1940",0.0525000000,4.95061016100,0.000000,3.01000000,1.54732469,0.802000,0.717000,5431.00
"Kepler-1612 b","Kepler-1612",0.0482000000,3.91795101000,0.000000,1.08000000,1.03000000,0.960000,0.940000,5643.00
"EPIC 201615463 c","K2-166",,3.80464000000,,1.98000000,1.22000000,1.073000,1.610000,5960.00
"Kepler-225 b","Kepler-225",0.0560000000,6.73897500000,0.000000,1.87000000,1.20000000,0.593000,0.480000,3682.00
"Kepler-1930 b","Kepler-1930",0.1023300000,13.02680016000,0.000000,2.95000000,1.52955541,0.844000,0.844000,5083.00
"Kepler-1439 b","Kepler-1439",0.0594000000,8.07392849000,0.000000,2.73000000,1.46000000,0.460000,0.430000,3578.00
"TOI-1266 c","TOI-1266",0.1050000000,18.80270000000,0.071000,3.17000000,1.98000000,0.437000,0.423200,3563.00
"Kepler-377 b","Kepler-377",0.1090000000,12.50952900000,0.000000,2.51000000,1.39000000,1.043000,1.224000,5949.00
"Kepler-705 b","Kepler-705",0.2320000000,56.05605380000,0.000000,5.10000000,2.11000000,0.530000,0.510000,3722.00
"Kepler-163 c","Kepler-163",0.1520000000,21.34726200000,0.000000,5.73000000,2.26000000,0.882000,0.917000,5776.00
"Kepler-1355 b","Kepler-1355",0.0224000000,1.28958811200,0.000000,2.73000000,1.46000000,0.880000,0.830000,5352.00
"Kepler-138 b","Kepler-138",0.0753000000,10.31340000000,0.020000,0.07000000,0.64000000,0.535000,0.535000,3841.00
"Kepler-1542 e","Kepler-1542",0.0564900000,5.10115756000,0.000000,0.36300000,0.76000000,0.940000,0.990000,5564.00
"Kepler-1579 b","Kepler-1579",0.0140000000,0.84990788900,0.000000,0.52000000,0.84000000,0.750000,0.700000,4584.00
"Kepler-1073 d","Kepler-1073",0.0352000000,2.50476002700,0.000000,2.82000000,1.48770949,0.924000,1.116000,5509.00
"Kepler-1605 b","Kepler-1605",0.3656700000,85.75654950000,0.000000,1.28000000,1.08000000,0.860000,0.820000,5280.00
"Kepler-32 e","Kepler-32",0.0330000000,2.89600000000,0.000000,4.08181000,1.50000000,0.580000,0.530000,3900.00
"61 Vir b","61 Vir",0.0502010000,4.21500000000,0.120000,5.10000000,2.11000000,0.942000,0.963000,5577.00
"Kepler-42 b","Kepler-42",0.0116000000,1.21376720000,0.040000,0.70594400,0.78000000,0.130000,0.170000,3068.00
"Kepler-33 c","Kepler-33",0.1189000000,13.17562000000,0.000000,0.39000000,3.20000000,1.291000,1.820000,5904.00
"Kepler-33 e","Kepler-33",0.2138000000,31.78440000000,0.000000,5.57000000,4.02000000,1.291000,1.820000,5904.00
"Kepler-33 d","Kepler-33",0.1662000000,21.77596000000,0.000000,3.91000000,5.35000000,1.291000,1.820000,5904.00
"GJ 667 C b","GJ 667 C",0.0504310000,7.20300000000,0.200000,5.68000000,2.25000000,0.330000,,3350.00
"Kepler-37 d","Kepler-37",0.2109000000,39.79226220000,0.100000,2.00000000,2.03000000,0.790000,0.789000,5357.00
"KOI-55 b","KOI-55",0.0060000000,0.24010400000,,0.44000000,0.75900000,0.496000,0.203000,27730.00
"KMT-2017-BLG-1194L b","KMT-2017-BLG-1194L",1.7800000000,,,3.54000000,1.70000000,0.410000,,
"Kepler-65 b","Kepler-65",0.0350000000,2.15491000000,0.028000,2.40000000,1.42000000,1.250000,1.410000,6211.00
"HD 40307 f","HD 40307",0.2470000000,51.76000000000,0.020000,5.20000000,2.13000000,0.770000,0.716684,4956.00
"Kepler-186 e","Kepler-186",0.1100000000,22.40770400000,0.000000,2.15000000,1.27000000,0.478000,0.472000,3788.00
"Kepler-186 c","Kepler-186",0.0451000000,7.26730200000,0.000000,2.10000000,1.25000000,0.478000,0.472000,3788.00
"Kepler-186 d","Kepler-186",0.0781000000,13.34299600000,0.000000,2.54000000,1.40000000,0.478000,0.472000,3788.00
"Kepler-11 b","Kepler-11",0.0910000000,10.30390000000,0.045000,1.90000000,1.80000000,0.961000,1.065000,5663.00
"KOI-351 c","KOI-351",0.0890000000,8.71937500000,0.000000,1.81000000,1.19000000,1.200000,1.200000,6080.00
"Kepler-11 c","Kepler-11",0.1070000000,13.02410000000,0.026000,2.90000000,2.87000000,0.961000,1.065000,5663.00
"GJ 667 C c","GJ 667 C",0.1250000000,28.14000000000,0.020000,3.80000000,1.77000000,0.330000,,3350.00
"Kepler-1544 b","Kepler-1544",0.5446500000,168.81117400000,0.000000,3.82000000,1.78000000,0.810000,0.740000,4886.00
"GJ 667 C e","GJ 667 C",0.2130000000,62.24000000000,0.020000,2.70000000,1.45000000,0.330000,,3350.00
"Kepler-59 c","Kepler-59",0.1311400000,17.98012350000,0.000000,3.81000000,1.98000000,1.040000,0.940000,6074.00
"Kepler-54 c","Kepler-54",0.0809000000,12.07172490000,0.000000,0.70000000,1.23000000,0.510000,0.500000,3705.00
"Kepler-83 c","Kepler-83",0.1179600000,20.09000000000,0.000000,2.03000000,2.36000000,0.660000,0.610000,4082.00
"Kepler-59 b","Kepler-59",0.0994300000,11.86817070000,0.000000,4.10000000,1.10000000,1.040000,0.940000,6074.00
"Kepler-83 b","Kepler-83",0.0729500000,9.77000000000,0.000000,2.94000000,2.83000000,0.660000,0.610000,4082.00
"Kepler-54 b","Kepler-54",0.0619000000,8.01094340000,0.022000,0.98000000,2.10000000,0.510000,0.500000,3705.00
"Kepler-61 b","Kepler-61",0.2486100000,59.87756000000,0.250000,5.27000000,2.15000000,0.635000,0.620000,4017.00
"Kepler-207 b","Kepler-207",0.0290000000,1.61186500000,0.000000,3.09000000,1.57000000,1.313000,1.588000,5920.00
"Kepler-120 c","Kepler-120",0.0880000000,12.79458500000,0.000000,2.96000000,1.53000000,0.654000,0.534000,4096.00
"Kepler-280 b","Kepler-280",0.0320000000,2.13954200000,0.000000,2.70000000,1.45000000,0.962000,0.886000,5744.00
"Kepler-331 b","Kepler-331",0.0650000000,8.45749600000,0.000000,3.97000000,1.82000000,0.653000,0.492000,4347.00
"TOI-4438 b","TOI-4438",0.0523000000,7.44629500000,0.070000,4.11000000,2.40000000,0.345000,0.365000,3501.00
"Kepler-291 b","Kepler-291",0.0470000000,3.54651100000,0.000000,5.31000000,2.16000000,1.023000,1.016000,6002.00
"Kepler-224 d","Kepler-224",0.0890000000,11.34939300000,0.000000,5.90000000,2.30000000,0.777000,0.676000,5018.00
"Kepler-124 c","Kepler-124",0.1000000000,13.82137500000,0.000000,3.71000000,1.75000000,0.706000,0.636000,4984.00
"Kepler-111 b","Kepler-111",0.0460000000,3.34181500000,0.000000,3.12000000,1.58000000,1.171000,1.157000,5952.00
"Kepler-179 b","Kepler-179",0.0360000000,2.73592600000,0.000000,3.33000000,1.64000000,0.893000,0.759000,5302.00
"Kepler-197 d","Kepler-197",0.1190000000,15.67756300000,0.030000,1.98000000,1.22000000,0.857000,1.120000,6004.00
"Kepler-308 b","Kepler-308",0.0900000000,9.69492800000,0.000000,5.14000000,2.12000000,0.920000,0.941000,5895.00
"Kepler-242 c","Kepler-242",0.1090000000,14.49648100000,0.000000,4.66000000,2.00000000,0.748000,0.850000,5020.00
"Kepler-341 c","Kepler-341",0.0800000000,8.01041000000,0.000000,3.53000000,1.70000000,0.976000,1.024000,6012.00
"Kepler-311 b","Kepler-311",0.0870000000,9.17609200000,0.000000,3.53000000,1.70000000,0.994000,1.188000,5905.00
"Kepler-254 c","Kepler-254",0.1050000000,12.41218300000,0.000000,3.20000000,2.15000000,0.849000,0.910000,5957.00
"Kepler-321 c","Kepler-321",0.1100000000,13.09392100000,0.000000,5.99000000,2.32000000,1.024000,1.194000,5740.00
"Kepler-286 c","Kepler-286",0.0420000000,3.46809500000,0.000000,2.45000000,1.37000000,0.830000,0.863000,5580.00
"Kepler-329 c","Kepler-329",0.1130000000,18.68473700000,0.000000,4.38000000,1.93000000,0.602000,0.523000,4257.00
"Kepler-345 c","Kepler-345",0.0770000000,9.38742700000,0.000000,2.20000000,1.20000000,0.610000,0.623000,4504.00
"Kepler-290 b","Kepler-290",0.1100000000,14.58934700000,0.000000,5.69000000,2.25000000,0.756000,0.743000,5147.00
"Kepler-148 b","Kepler-148",0.0280000000,1.72936600000,0.000000,3.89000000,1.80000000,0.860000,0.851000,5272.00
"Kepler-292 d","Kepler-292",0.0680000000,7.05567900000,0.000000,5.60000000,2.23000000,0.865000,0.826000,5299.00
"Kepler-273 b","Kepler-273",0.0370000000,2.93653200000,0.000000,2.86000000,1.50000000,0.756000,0.815000,5626.00
"Kepler-306 b","Kepler-306",0.0500000000,4.64618600000,0.000000,2.92000000,1.52000000,0.750000,0.719000,4954.00
"Kepler-207 c","Kepler-207",0.0440000000,3.07157100000,0.000000,2.86000000,1.50000000,1.313000,1.588000,5920.00
"Kepler-224 b","Kepler-224",0.0380000000,3.13292400000,0.000000,2.51000000,1.39000000,0.777000,0.676000,5018.00
"Kepler-119 c","Kepler-119",0.0490000000,4.12510300000,0.000000,0.72100000,0.92000000,0.918000,0.839000,5595.00
"Kepler-130 b","Kepler-130",0.0790000000,8.45745800000,0.150000,1.04000000,1.02000000,0.927000,1.127000,5884.00
"Kepler-235 e","Kepler-235",0.2130000000,46.18366900000,0.000000,5.56000000,2.22000000,0.581000,0.554000,4255.00
"Kepler-228 b","Kepler-228",0.0380000000,2.56654600000,0.000000,2.96000000,1.53000000,1.006000,1.014000,6043.00
"Kepler-301 b","Kepler-301",0.0360000000,2.50855300000,0.000000,2.39000000,1.35000000,1.022000,0.900000,5815.00
"Kepler-300 c","Kepler-300",0.2320000000,40.71495500000,0.000000,5.69000000,2.25000000,1.070000,0.900000,5986.00
"Kepler-133 b","Kepler-133",0.0830000000,8.12997600000,0.000000,3.75000000,1.76000000,1.020000,1.425000,5736.00
"Kepler-138 e","Kepler-138",0.1803000000,38.23000000000,0.112000,0.43000000,0.79700000,0.535000,0.535000,3841.00
"Kepler-298 b","Kepler-298",0.0800000000,10.47546400000,0.000000,4.50000000,1.96000000,0.660000,0.582000,4465.00
"Kepler-157 b","Kepler-157",0.0280000000,1.73234200000,0.000000,2.30000000,1.32000000,0.950000,1.044000,5774.00
"Kepler-162 b","Kepler-162",0.0690000000,6.91979800000,0.000000,2.13000000,1.26000000,1.053000,0.958000,5816.00
"Kepler-249 d","Kepler-249",0.0970000000,15.36845900000,0.000000,3.09000000,1.57000000,0.510238,0.482000,3568.00
"Kepler-114 c","Kepler-114",0.0648200000,8.04100000000,0.000000,2.80000000,1.60000000,0.560000,0.540000,4660.00
"Kepler-295 b","Kepler-295",0.0990000000,12.64516400000,0.000000,1.98000000,1.22000000,0.890000,0.898000,5603.00
"Kepler-286 d","Kepler-286",0.0610000000,5.91432300000,0.000000,2.33000000,1.33000000,0.830000,0.863000,5580.00
"Kepler-285 b","Kepler-285",0.0360000000,2.63386700000,0.000000,2.36000000,1.34000000,0.915000,0.808000,5411.00
"Kepler-183 b","Kepler-183",0.0640000000,5.68794500000,0.000000,4.90000000,2.06000000,0.990000,0.958000,5888.00
"Kepler-316 c","Kepler-316",0.0580000000,6.82776600000,0.000000,1.65000000,1.16000000,0.587000,0.520000,4204.00
"Kepler-284 b","Kepler-284",0.1040000000,12.69914900000,0.000000,5.65000000,2.24000000,0.766000,0.814000,5615.00
"Kepler-353 b","Kepler-353",0.0510000000,5.79527800000,0.000000,0.64000000,0.89000000,0.553000,0.504000,3903.00
"Kepler-372 c","Kepler-372",0.1540000000,20.05376300000,0.000000,5.02000000,2.09000000,1.202000,1.137000,6509.00
"Kepler-374 c","Kepler-374",0.0420000000,3.28280700000,0.000000,1.37000000,1.10000000,1.033000,0.911000,5977.00
"Kepler-151 c","Kepler-151",0.1600000000,24.67461200000,0.000000,5.02000000,2.09000000,0.870000,0.830000,5460.00
"Kepler-386 c","Kepler-386",0.1550000000,25.19345800000,0.000000,3.12000000,1.58000000,0.825000,0.767000,5178.00
"Kepler-211 b","Kepler-211",0.0480000000,4.13857500000,0.000000,2.13000000,1.26000000,0.867000,0.816000,5123.00
"Kepler-355 b","Kepler-355",0.1020000000,11.03189000000,0.000000,2.73000000,1.46000000,0.933000,1.066000,6184.00
"Kepler-356 b","Kepler-356",0.0570000000,4.61269600000,0.000000,3.09000000,1.57000000,1.163000,1.335000,6133.00
"Kepler-356 c","Kepler-356",0.1150000000,13.12163200000,0.000000,3.93000000,1.81000000,1.163000,1.335000,6133.00
"Kepler-387 b","Kepler-387",0.0680000000,6.79163600000,0.000000,1.08000000,1.03000000,0.850000,1.046000,5774.00
"Kepler-388 b","Kepler-388",0.0360000000,3.17331500000,0.000000,0.45700000,0.81000000,0.635000,0.586000,4498.00
"Kepler-404 b","Kepler-404",0.1020000000,11.82985100000,0.000000,2.15000000,1.27000000,0.860000,0.884000,5654.00
"Kepler-221 d","Kepler-221",0.0870000000,10.04156000000,0.000000,3.61000000,2.73000000,0.854000,0.821000,5243.00
"Kepler-357 b","Kepler-357",0.0630000000,6.47543400000,0.000000,4.04000000,1.84000000,0.794000,0.834000,5036.00
"Kepler-376 c","Kepler-376",0.1150000000,14.17232700000,0.000000,3.86000000,1.79000000,0.968000,1.175000,5900.00
"Kepler-378 b","Kepler-378",0.1120000000,16.09236100000,0.000000,0.34700000,0.75000000,0.780000,0.671000,4661.00
"Kepler-389 b","Kepler-389",0.0410000000,3.24410700000,0.000000,2.89000000,1.51000000,0.765000,0.792000,5376.00
"Kepler-118 b","Kepler-118",0.0730000000,7.51849600000,0.000000,4.50000000,1.96000000,0.811000,1.094000,5274.00
"Kepler-379 c","Kepler-379",0.3260000000,62.78469700000,0.000000,5.86000000,2.29000000,1.125000,1.306000,6054.00
"Kepler-163 b","Kepler-163",0.0780000000,7.81093700000,0.000000,1.16000000,1.05000000,0.882000,0.917000,5776.00
"Kepler-390 b","Kepler-390",0.0650000000,6.73808800000,0.000000,0.47700000,0.82000000,0.787000,0.776000,5166.00
"Kepler-172 d","Kepler-172",0.1180000000,14.62711900000,0.000000,5.69000000,2.25000000,1.081000,1.085000,5526.00
"Kepler-237 b","Kepler-237",0.0500000000,4.71510600000,0.000000,2.57000000,1.41000000,0.696000,0.725000,4861.00
"Kepler-235 c","Kepler-235",0.0650000000,7.82490400000,0.000000,2.18000000,1.28000000,0.581000,0.554000,4255.00
"Kepler-363 b","Kepler-363",0.0480000000,3.61456800000,0.000000,1.65000000,1.16000000,1.226000,1.485000,5593.00
"Kepler-353 c","Kepler-353",0.0650000000,8.41089400000,0.000000,2.48000000,1.38000000,0.553000,0.504000,3903.00
"Kepler-359 c","Kepler-359",0.3070000000,57.68802000000,0.000000,2.90000000,4.30000000,0.827000,1.086000,6248.00
"Kepler-173 b","Kepler-173",0.0480000000,4.26374200000,0.000000,2.21000000,1.29000000,1.067000,0.949000,6031.00
"Kepler-141 c","Kepler-141",0.0670000000,7.01060600000,0.000000,2.57000000,1.41000000,0.878000,0.787000,4910.00
"Kepler-367 c","Kepler-367",0.2530000000,53.57863700000,0.000000,1.87000000,1.20000000,0.768000,0.695000,4710.00
"Kepler-360 b","Kepler-360",0.0440000000,3.28967200000,0.000000,3.36000000,1.65000000,0.994000,1.058000,6053.00
"Kepler-49 e","Kepler-49",0.1160000000,18.59610800000,0.000000,1.03815000,1.56000000,0.549000,0.559000,4252.00
"Kepler-140 b","Kepler-140",0.0450000000,3.25427000000,0.000000,3.22000000,1.61000000,1.044000,1.288000,6077.00
"Kepler-392 b","Kepler-392",0.0590000000,5.34185300000,0.000000,0.97200000,1.00000000,0.874000,1.129000,5938.00
"Kepler-243 c","Kepler-243",0.1420000000,20.02621800000,0.000000,4.62000000,1.99000000,0.904000,0.842000,5228.00
"Kepler-374 d","Kepler-374",0.0560000000,5.02821900000,0.000000,2.27000000,1.31000000,1.033000,0.911000,5977.00
"Kepler-375 b","Kepler-375",0.1010000000,12.12593400000,0.000000,2.70000000,1.45000000,0.891000,0.837000,5826.00
"Kepler-116 c","Kepler-116",0.1160000000,13.07163000000,0.000000,5.90000000,2.30000000,1.198000,1.454000,6142.00
"Kepler-280 c","Kepler-280",0.0560000000,4.80709100000,0.000000,4.70000000,2.01000000,0.962000,0.886000,5744.00
"Kepler-246 c","Kepler-246",0.0950000000,11.18716100000,0.000000,2.86000000,1.50000000,0.853000,0.831000,5206.00
"Kepler-288 b","Kepler-288",0.0650000000,6.09732600000,0.000000,3.43000000,1.67000000,0.842000,1.091000,5918.00
"Kepler-393 b","Kepler-393",0.0910000000,9.18241700000,0.000000,2.21000000,1.29000000,1.256000,1.382000,6189.00
"Kepler-394 b","Kepler-394",0.0830000000,8.00501300000,0.000000,3.19000000,1.60000000,0.870000,1.132000,6402.00
"Kepler-255 b","Kepler-255",0.0630000000,5.71460600000,0.000000,3.02000000,1.55000000,0.867000,0.933000,5573.00
"Kepler-342 b","Kepler-342",0.1280000000,15.17031800000,0.000000,5.69000000,2.25000000,1.213000,1.472000,6175.00
"Kepler-291 c","Kepler-291",0.0650000000,5.70078600000,0.000000,4.19000000,1.88000000,1.023000,1.016000,6002.00
"Kepler-189 b","Kepler-189",0.0880000000,10.39993100000,0.000000,1.92000000,1.21000000,0.803000,0.750000,5235.00
"Kepler-191 c","Kepler-191",0.1280000000,17.73850600000,0.000000,4.12000000,1.86000000,0.857000,0.789000,5282.00
"Kepler-337 c","Kepler-337",0.0930000000,9.69320100000,0.000000,4.86000000,2.05000000,1.081000,1.761000,5684.00
"Kepler-298 c","Kepler-298",0.1360000000,22.92881000000,0.000000,4.38000000,1.93000000,0.660000,0.582000,4465.00
"Kepler-300 b","Kepler-300",0.0940000000,10.44634700000,0.000000,3.43000000,1.67000000,1.070000,0.900000,5986.00
"Kepler-137 b","Kepler-137",0.0770000000,8.43638700000,0.000000,2.76000000,1.47000000,0.850000,0.802000,5187.00
"Kepler-261 c","Kepler-261",0.1560000000,24.57085800000,0.000000,4.66000000,2.00000000,0.834000,0.794000,5098.00
"Kepler-265 b","Kepler-265",0.0690000000,6.84626200000,0.000000,4.12000000,1.86000000,0.970000,1.103000,5835.00
"Kepler-339 b","Kepler-339",0.0550000000,4.97765600000,0.000000,2.60000000,1.42000000,0.870000,0.802000,5631.00
"Kepler-126 b","Kepler-126",0.0990000000,10.49571100000,0.070000,4.11726105,1.52000000,1.108000,1.358000,6239.00
"Kepler-380 b","Kepler-380",0.0500000000,3.93082100000,0.000000,1.81000000,1.19000000,0.990000,1.224000,6045.00
"Kepler-416 d","Kepler-416",0.0407000000,3.07644709000,0.000000,3.22000000,1.61000000,0.949000,1.022000,5670.00
"Kepler-188 b","Kepler-188",0.0320000000,2.06189700000,0.000000,3.46000000,1.68000000,1.021000,1.141000,6021.00
"Kepler-362 c","Kepler-362",0.2070000000,37.86628100000,0.000000,2.70000000,1.45000000,0.904000,0.722000,5788.00
"Kepler-136 c","Kepler-136",0.1330000000,16.39923500000,0.000000,4.62000000,1.99000000,1.204000,1.355000,6165.00
"Kepler-381 c","Kepler-381",0.1170000000,13.39163500000,0.000000,1.46000000,1.12000000,1.144000,1.568000,6152.00
"Kepler-398 b","Kepler-398",0.0440000000,4.08142300000,0.000000,0.74900000,0.93000000,0.649000,0.613000,4493.00
"Kepler-272 d","Kepler-272",0.0910000000,10.93730400000,0.000000,5.69000000,2.25000000,0.910000,0.929000,5297.00
"Kepler-206 d","Kepler-206",0.1630000000,23.44281000000,0.000000,1.81000000,1.19000000,0.957000,1.185000,5764.00
"Kepler-141 b","Kepler-141",0.0390000000,3.10767500000,0.000000,0.25700000,0.69000000,0.878000,0.787000,4910.00
"Kepler-399 d","Kepler-399",0.2610000000,58.03461600000,0.000000,4.23000000,1.89000000,0.902000,0.680000,5502.00
"Kepler-400 b","Kepler-400",0.0870000000,9.02438900000,0.000000,3.36000000,1.65000000,1.080000,1.145000,5886.00
"Kepler-366 b","Kepler-366",0.0450000000,3.28195900000,0.000000,2.73000000,1.46000000,1.088000,1.048000,6209.00
"Kepler-367 b","Kepler-367",0.2010000000,37.81572400000,0.000000,2.24000000,1.30000000,0.768000,0.695000,4710.00
"Kepler-135 b","Kepler-135",0.0670000000,6.00253000000,0.000000,3.93000000,1.81000000,1.047000,1.275000,6090.00
"Kepler-383 b","Kepler-383",0.0950000000,12.90453200000,0.000000,2.30000000,1.32000000,0.669000,0.672000,4710.00
"Kepler-401 b","Kepler-401",0.1220000000,14.38303500000,0.000000,3.57000000,1.71000000,1.173000,1.333000,6117.00
"Kepler-402 c","Kepler-402",0.0680000000,6.12482100000,0.000000,3.05000000,1.56000000,1.072000,1.264000,6090.00
"Kepler-351 b","Kepler-351",0.2140000000,37.05491900000,0.000000,4.80000000,3.06000000,0.810000,0.854000,5643.00
"Kepler-369 c","Kepler-369",0.0940000000,14.87157200000,0.000000,2.57000000,1.41000000,0.500000,0.471000,3591.00
"Kepler-371 b","Kepler-371",0.2000000000,34.76327800000,0.000000,4.23000000,1.89000000,0.876000,0.992000,5666.00
"Kepler-147 b","Kepler-147",0.1130000000,12.61058400000,0.000000,2.96000000,1.53000000,1.145000,1.468000,6012.00
"Kepler-132 d","Kepler-132",0.1360000000,18.01019900000,0.000000,3.02000000,1.55000000,0.929000,1.178000,6003.00
"Kepler-200 c","Kepler-200",0.0900000000,10.22215700000,0.000000,3.15000000,1.59000000,0.972000,0.944000,5678.00
"Kepler-215 e","Kepler-215",0.3140000000,68.16101000000,0.000000,3.71000000,1.75000000,0.788000,1.027000,5739.00
"Kepler-347 c","Kepler-347",0.1830000000,27.32087100000,0.000000,3.71000000,1.75000000,0.922000,1.005000,6088.00
"Kepler-202 b","Kepler-202",0.0450000000,4.06942700000,0.000000,3.29000000,1.63000000,0.683000,0.667000,4668.00
"Kepler-84 f","Kepler-84",0.2500000000,44.55216900000,0.000000,5.48000000,2.20000000,1.060000,1.169000,6031.00
"Kepler-310 b","Kepler-310",0.1110000000,13.93069800000,0.000000,1.81000000,1.19000000,0.854000,0.876000,5797.00
"Kepler-270 c","Kepler-270",0.1800000000,25.26288700000,0.000000,3.78000000,1.77000000,1.170000,1.461000,6067.00
"Kepler-217 c","Kepler-217",0.0890000000,8.58600400000,0.000000,4.08000000,1.85000000,1.342000,1.799000,6171.00
"Kepler-220 e","Kepler-220",0.2260000000,45.90273300000,0.000000,2.33000000,1.33000000,0.729000,0.666000,4632.00
"Kepler-311 c","Kepler-311",0.1450000000,19.73828600000,0.000000,2.63000000,1.43000000,0.994000,1.188000,5905.00
"Kepler-282 c","Kepler-282",0.1060000000,13.63872300000,0.000000,1.87000000,1.20000000,0.860000,0.904000,5602.00
"Kepler-286 e","Kepler-286",0.1760000000,29.22128900000,0.000000,3.78000000,1.77000000,0.830000,0.863000,5580.00
"Kepler-359 d","Kepler-359",0.3720000000,77.09569100000,0.000000,2.70000000,4.01000000,0.827000,1.086000,6248.00
"Kepler-314 b","Kepler-314",0.0350000000,2.46106900000,0.000000,0.49800000,0.83000000,0.990000,0.950000,5378.00
"Kepler-316 b","Kepler-316",0.0270000000,2.24050800000,0.000000,1.20000000,1.06000000,0.587000,0.520000,4204.00
"Kepler-372 b","Kepler-372",0.0750000000,6.84969200000,0.000000,2.42000000,1.36000000,1.202000,1.137000,6509.00
"Kepler-205 b","Kepler-205",0.0320000000,2.75564000000,0.000000,2.89000000,1.51000000,0.592000,0.546000,4321.00
"Kepler-361 b","Kepler-361",0.0860000000,8.48661600000,0.000000,2.70000000,1.45000000,1.191000,1.343000,6169.00
"Kepler-317 c","Kepler-317",0.0830000000,8.77501000000,0.000000,3.61000000,1.72000000,0.865000,0.941000,5497.00
"Kepler-319 d","Kepler-319",0.1910000000,31.78192500000,0.000000,5.86000000,2.29000000,0.933000,0.903000,5526.00
"Kepler-295 d","Kepler-295",0.1920000000,33.88405400000,0.000000,2.42000000,1.36000000,0.890000,0.898000,5603.00
"Kepler-308 c","Kepler-308",0.1230000000,15.38231000000,0.000000,5.31000000,2.16000000,0.920000,0.941000,5895.00
"Kepler-378 c","Kepler-378",0.1660000000,28.90600900000,0.000000,0.27100000,0.70000000,0.780000,0.671000,4661.00
"Kepler-321 b","Kepler-321",0.0570000000,4.91537900000,0.000000,3.78000000,1.77000000,1.024000,1.194000,5740.00
"Kepler-322 b","Kepler-322",0.0270000000,1.65388800000,0.000000,1.01000000,1.01000000,0.908000,0.890000,5388.00
"Kepler-386 b","Kepler-386",0.0960000000,12.31043000000,0.000000,2.51000000,1.39000000,0.825000,0.767000,5178.00
"Kepler-206 c","Kepler-206",0.1110000000,13.13747100000,0.000000,3.78000000,1.77000000,0.957000,1.185000,5764.00
"Kepler-250 b","Kepler-250",0.0480000000,4.14814100000,0.000000,1.51000000,1.13000000,0.806000,0.805000,5160.00
"Kepler-157 c","Kepler-157",0.1100000000,13.54050000000,0.000000,5.65000000,2.24000000,0.950000,1.044000,5774.00
"Kepler-392 c","Kepler-392",0.0930000000,10.42311800000,0.000000,1.37000000,1.10000000,0.874000,1.129000,5938.00
"Kepler-365 c","Kepler-365",0.1370000000,17.78412900000,0.000000,3.33000000,1.64000000,1.020000,1.048000,6012.00
"Kepler-402 e","Kepler-402",0.1020000000,11.24286100000,0.000000,2.73000000,1.46000000,1.072000,1.264000,6090.00
"Kepler-402 d","Kepler-402",0.0870000000,8.92109900000,0.000000,2.48000000,1.38000000,1.072000,1.264000,6090.00
"Kepler-209 b","Kepler-209",0.1220000000,16.08784500000,0.000000,5.73000000,2.26000000,0.971000,0.935000,5513.00
"Kepler-127 b","Kepler-127",0.1250000000,14.43588900000,0.470000,2.54000000,1.40000000,1.248000,1.359000,6106.00
"Kepler-403 c","Kepler-403",0.2970000000,54.28074900000,0.000000,3.71000000,1.75000000,1.299000,1.329000,6090.00
"Kepler-376 b","Kepler-376",0.0570000000,4.92019900000,0.000000,1.24000000,1.07000000,0.968000,1.175000,5900.00
"Kepler-331 c","Kepler-331",0.1050000000,17.28111000000,0.000000,4.04000000,1.84000000,0.653000,0.492000,4347.00
"Kepler-237 c","Kepler-237",0.0710000000,8.10363600000,0.000000,4.98000000,2.08000000,0.696000,0.725000,4861.00
"Kepler-383 c","Kepler-383",0.1720000000,31.20075100000,0.000000,2.07000000,1.24000000,0.669000,0.672000,4710.00
"Kepler-333 c","Kepler-333",0.1350000000,24.08821000000,0.000000,1.41000000,1.11000000,0.601000,0.534000,4259.00
"Kepler-334 d","Kepler-334",0.1680000000,25.09849000000,0.000000,2.57000000,1.41000000,1.022000,1.068000,5828.00
"Kepler-274 c","Kepler-274",0.2040000000,33.19786100000,0.000000,4.04000000,1.84000000,0.883000,1.007000,6023.00
"Kepler-387 c","Kepler-387",0.0980000000,11.83754900000,0.000000,0.64000000,0.89000000,0.850000,1.046000,5774.00
"Kepler-388 c","Kepler-388",0.0930000000,13.29700400000,0.000000,0.56600000,0.86000000,0.635000,0.586000,4498.00
"Kepler-337 b","Kepler-337",0.0450000000,3.29278100000,0.000000,2.99000000,1.54000000,1.081000,1.761000,5684.00
"Kepler-134 c","Kepler-134",0.0920000000,10.10578500000,0.000000,2.13000000,1.26000000,0.956000,1.176000,5983.00
"Kepler-140 c","Kepler-140",0.4140000000,91.35328200000,0.000000,3.89000000,1.80000000,1.044000,1.288000,6077.00
"Kepler-320 c","Kepler-320",0.1420000000,17.93493700000,0.000000,2.45000000,1.37000000,1.072000,1.108000,6435.00
"Kepler-292 c","Kepler-292",0.0450000000,3.71533500000,0.000000,2.76000000,1.47000000,0.865000,0.826000,5299.00
"Kepler-149 c","Kepler-149",0.2810000000,55.32832800000,0.000000,3.22000000,1.61000000,1.013000,0.953000,5381.00
"Kepler-164 b","Kepler-164",0.0580000000,5.03503000000,0.000000,2.57000000,1.41000000,1.036000,1.148000,5888.00
"Kepler-320 b","Kepler-320",0.0850000000,8.37155400000,0.000000,1.55000000,1.14000000,1.072000,1.108000,6435.00
"Kepler-395 b","Kepler-395",0.0610000000,7.05434600000,0.000000,1.08000000,1.03000000,0.622827,0.556000,4262.00
"Kepler-341 d","Kepler-341",0.1820000000,27.66631300000,0.000000,4.08000000,1.85000000,0.976000,1.024000,6012.00
"Kepler-341 e","Kepler-341",0.2420000000,42.47326900000,0.000000,4.62000000,1.99000000,0.976000,1.024000,6012.00
"Kepler-169 b","Kepler-169",0.0400000000,3.25061900000,0.000000,1.51000000,1.13000000,0.825000,0.763000,4997.00
"Kepler-332 c","Kepler-332",0.1140000000,15.99562200000,0.000000,1.32000000,1.09000000,0.743000,0.720000,4955.00
"Kepler-299 b","Kepler-299",0.0400000000,2.92712800000,0.000000,2.30000000,1.32000000,1.004000,1.032000,5617.00
"Kepler-301 c","Kepler-301",0.0600000000,5.41902600000,0.000000,2.39000000,1.35000000,1.022000,0.900000,5815.00
"Kepler-171 d","Kepler-171",0.2230000000,39.59551900000,0.000000,4.23000000,1.89000000,0.978000,0.839000,5642.00
"Kepler-332 d","Kepler-332",0.1890000000,34.21154000000,0.000000,1.76000000,1.18000000,0.743000,0.720000,4955.00
"Kepler-262 b","Kepler-262",0.1080000000,13.06085500000,0.000000,2.42000000,1.36000000,0.816000,0.881000,5841.00
"Kepler-191 b","Kepler-191",0.0870000000,9.93963200000,0.000000,2.36000000,1.34000000,0.857000,0.789000,5282.00
"Kepler-197 e","Kepler-197",0.1640000000,25.20971500000,0.380000,0.69300000,0.91000000,0.857000,1.120000,6004.00
"Kepler-200 b","Kepler-200",0.0800000000,8.59480500000,0.000000,5.18000000,2.13000000,0.972000,0.944000,5678.00
"Kepler-441 b","Kepler-441",0.6400000000,207.24820000000,0.100000,3.33000000,1.64000000,0.572000,0.550000,4340.00
"Kepler-214 c","Kepler-214",0.1940000000,28.77980000000,0.000000,5.18000000,2.13000000,1.110000,1.352000,6169.00
"Kepler-205 c","Kepler-205",0.1220000000,20.30654600000,0.000000,3.33000000,1.64000000,0.592000,0.546000,4321.00
"Kepler-437 b","Kepler-437",0.2880000000,66.65062000000,0.020000,5.22000000,2.14000000,0.707000,0.680000,4551.00
"Kepler-196 c","Kepler-196",0.2400000000,47.42773700000,0.000000,5.65000000,2.24000000,0.839000,0.782000,5128.00
"Kepler-439 b","Kepler-439",0.5630000000,178.13960000000,0.030000,5.65000000,2.24000000,0.884000,0.866000,5431.00
"Kepler-256 c","Kepler-256",0.0450000000,3.38802000000,0.000000,5.27000000,2.15000000,1.037000,1.301000,5551.00
"Kepler-217 b","Kepler-217",0.0650000000,5.37494300000,0.000000,5.60000000,2.23000000,1.342000,1.799000,6171.00
"Kepler-83 d","Kepler-83",0.0510000000,5.16979600000,0.000000,4.10000000,1.94000000,0.580000,0.594000,4648.00
"Kepler-446 b","Kepler-446",0.0182000000,1.56540900000,0.000000,2.86000000,1.50000000,0.220000,0.240000,3359.00
"Kepler-215 b","Kepler-215",0.0840000000,9.36067200000,0.000000,3.26000000,1.62000000,0.788000,1.027000,5739.00
"Kepler-445 b","Kepler-445",0.0217000000,2.98415100000,0.000000,3.12000000,1.58000000,0.180000,0.210000,3157.00
"Kepler-446 d","Kepler-446",0.0403000000,5.14892100000,0.000000,2.39000000,1.35000000,0.220000,0.240000,3359.00
"Kepler-165 b","Kepler-165",0.0720000000,8.18084800000,0.000000,5.99000000,2.32000000,0.746000,0.770000,5211.00
"Kepler-161 b","Kepler-161",0.0540000000,4.92135500000,0.000000,2.63000000,2.12000000,0.853000,0.806000,5078.00
"Kepler-100 d","Kepler-100",0.2174700000,35.33310000000,0.380000,3.00000000,1.61000000,1.080000,1.490000,5825.00
"Kepler-98 b","Kepler-98",0.0261400000,1.54168000000,0.000000,3.55000000,1.99000000,0.990000,1.110000,5539.00
"Kepler-166 b","Kepler-166",0.0720000000,7.65025400000,0.000000,5.77000000,2.27000000,0.811000,0.742000,5413.00
"Kepler-249 c","Kepler-249",0.0580000000,7.11370200000,0.000000,2.89000000,1.51000000,0.510238,0.482000,3568.00
"Kepler-174 b","Kepler-174",0.1000000000,13.98179000000,0.000000,4.50000000,1.96000000,0.602000,0.622000,4880.00
"Kepler-176 c","Kepler-176",0.1020000000,12.75971200000,0.000000,1.33000000,2.60000000,0.860000,0.891000,5232.00
"Kepler-48 b","Kepler-48",0.0539400000,4.77800000000,0.000000,3.94000000,1.88000000,0.880000,0.890000,5194.00
"Kepler-55 d","Kepler-55",0.0290000000,2.21109900000,0.000000,3.15000000,1.59000000,0.631000,0.619000,4503.00
"CoRoT-24 b","CoRoT-24",0.0560000000,5.11340000000,0.000000,5.70000000,3.70000000,0.910000,0.860000,4950.00
"Kepler-440 b","Kepler-440",0.2420000000,101.11141000000,0.340000,4.12000000,1.86000000,0.575000,0.559000,4134.00
"Kepler-186 f","Kepler-186",0.4320000000,129.94410000000,0.040000,1.71000000,1.17000000,0.544000,0.523000,3755.00
"Kepler-252 c","Kepler-252",0.0800000000,10.84846300000,0.000000,5.27000000,2.15000000,0.610000,0.549000,4208.00
"Kepler-213 b","Kepler-213",0.0360000000,2.46236000000,0.000000,3.26000000,1.62000000,1.070000,1.195000,5696.00
"Kepler-202 c","Kepler-202",0.1130000000,16.28249300000,0.000000,4.08000000,1.85000000,0.683000,0.667000,4668.00
"Kepler-477 b","Kepler-477",0.0911000000,11.11990653000,0.000000,4.94000000,2.07000000,0.870000,0.790000,5240.00
"Kepler-754 b","Kepler-754",0.1160000000,14.55962370000,0.000000,4.70000000,2.01000000,1.060000,1.080000,5935.00
"Kepler-753 b","Kepler-753",0.0540000000,5.74772501200,0.000000,4.31000000,1.91000000,0.680000,0.650000,4346.00
"Kepler-771 b","Kepler-771",0.0843000000,8.73485836000,0.000000,3.97000000,1.82000000,1.030000,1.050000,5906.00
"Kepler-773 b","Kepler-773",0.0468200000,3.74910006100,0.000000,2.63000000,1.43000000,1.040000,1.010000,5850.00
"Kepler-772 b","Kepler-772",0.1115300000,12.99207337000,0.000000,3.97000000,1.82000000,0.980000,1.110000,5714.00
"Kepler-449 b","Kepler-449",0.1027000000,12.58242000000,0.030000,4.88000000,2.05600000,1.020000,1.467000,5649.18
"HD 1461 c","HD 1461",0.1117000000,13.50520000000,0.305000,5.59000000,2.23000000,1.020000,1.152288,5765.00
"Kepler-444 b","Kepler-444",0.0417800000,3.60010530000,0.160000,0.03740000,0.40300000,0.758000,0.752000,5046.00
"Kepler-444 e","Kepler-444",0.0696000000,7.74349300000,0.100000,0.10000000,0.54600000,0.758000,0.752000,5046.00
"K2-17 b","K2-17",0.1190000000,17.96753000000,0.180000,5.60000000,2.23000000,0.710000,0.660000,4320.00
"K2-9 b","K2-9",0.0910000000,18.44980000000,,5.69000000,2.25000000,0.300000,0.310000,3390.00
"Kepler-26 b","Kepler-26",0.0855100000,12.28000000000,0.021000,5.12000000,2.78000000,0.544000,0.512000,3914.00
"Kepler-296 d","Kepler-296",0.1180000000,19.85029100000,0.330000,5.02000000,2.09000000,0.498000,0.480000,3740.00
"Kepler-60 d","Kepler-60",0.1020300000,11.89810000000,0.002000,4.16000000,1.99000000,1.041000,1.257000,5905.00
"Kepler-296 e","Kepler-296",0.1690000000,34.14211000000,0.330000,2.96000000,1.53000000,0.498000,0.480000,3740.00
"Kepler-872 b","Kepler-872",0.0362000000,2.57885506800,0.000000,4.62000000,1.99000000,1.050000,1.080000,5902.00
"Kepler-908 b","Kepler-908",0.0252600000,1.34059746800,0.000000,1.98000000,1.22000000,1.110000,1.120000,5973.00
"Kepler-499 b","Kepler-499",0.0598000000,5.63252845300,0.000000,5.35000000,2.17000000,0.870000,0.830000,5312.00
"Kepler-801 b","Kepler-801",0.0795000000,11.41928253000,0.000000,4.66000000,2.00000000,0.670000,0.630000,4435.00
"Kepler-907 b","Kepler-907",0.1225000000,15.86621821000,0.000000,1.87000000,1.20000000,1.080000,1.380000,6106.00
"Kepler-797 b","Kepler-797",0.1810000000,27.07237711000,0.000000,5.35000000,2.17000000,0.960000,0.950000,5680.00
"Kepler-868 b","Kepler-868",0.0575000000,5.03251791000,0.000000,4.86000000,2.05000000,0.930000,0.890000,5614.00
"Kepler-866 b","Kepler-866",0.0331000000,2.61703253600,0.000000,3.29000000,1.63000000,0.750000,0.710000,4751.00
"Kepler-913 b","Kepler-913",0.1009000000,10.29672521000,0.000000,4.90000000,2.06000000,0.630000,0.610000,4687.00
"Kepler-910 b","Kepler-910",0.0375200000,2.36436901500,0.000000,0.47700000,0.82000000,1.260000,1.500000,6230.00
"Kepler-847 b","Kepler-847",0.0315000000,2.34323189500,0.000000,1.76000000,1.18000000,0.830000,0.770000,4940.00
"Kepler-795 b","Kepler-795",0.1803000000,29.61934210000,0.000000,3.46000000,1.68000000,0.940000,0.960000,5631.00
"Kepler-794 b","Kepler-794",0.1003600000,11.13125132000,0.000000,5.10000000,2.11000000,1.190000,1.380000,5839.00
"Kepler-909 b","Kepler-909",0.1187300000,13.93290318000,0.000000,2.76000000,1.47000000,1.170000,1.230000,6154.00
"Kepler-916 b","Kepler-916",0.1885000000,32.29687980000,0.000000,3.75000000,1.76000000,0.850000,0.810000,5248.00
"Kepler-845 b","Kepler-845",0.0166800000,0.92785982100,0.000000,4.82000000,2.04000000,0.790000,0.750000,4913.00
"Kepler-844 b","Kepler-844",0.0298000000,2.61302085600,0.000000,3.46000000,1.68000000,0.590000,0.570000,4128.00
"Kepler-792 b","Kepler-792",0.0988000000,11.30119217000,0.000000,4.50000000,1.96000000,1.090000,1.120000,5971.00
"Kepler-862 b","Kepler-862",0.0390000000,3.14866453400,0.000000,5.52000000,2.21000000,0.880000,0.840000,5333.00
"Kepler-861 b","Kepler-861",0.0463000000,3.94963137500,0.000000,5.82000000,2.28000000,0.820000,0.780000,5047.00
"Kepler-930 b","Kepler-930",0.3459300000,71.45177750000,0.000000,5.18000000,2.13000000,1.250000,1.400000,6335.00
"Kepler-842 b","Kepler-842",0.0204000000,1.21956827000,0.000000,3.19000000,1.60000000,0.780000,0.730000,4848.00
"Kepler-790 b","Kepler-790",0.1010000000,13.73469807000,0.000000,5.39000000,2.18000000,0.840000,0.800000,5208.00
"Kepler-923 b","Kepler-923",0.0759200000,6.93366476000,0.000000,2.48000000,1.38000000,1.110000,1.260000,5988.00
"Kepler-787 b","Kepler-787",0.0159000000,0.92831049800,0.000000,2.18000000,1.28000000,0.650000,0.620000,4248.00
"Kepler-927 b","Kepler-927",0.0866000000,9.11499030000,0.000000,3.61000000,1.72000000,0.990000,0.990000,5743.00
"Kepler-926 b","Kepler-926",0.2739000000,52.06886010000,0.000000,5.95000000,2.31000000,1.010000,1.010000,5806.00
"Kepler-826 b","Kepler-826",0.0520200000,4.48758907000,0.000000,2.10000000,1.25000000,1.050000,1.150000,6079.00
"Kepler-830 b","Kepler-830",0.1033000000,11.29695137000,0.000000,3.53000000,1.70000000,1.070000,1.110000,6037.00
"Kepler-829 b","Kepler-829",0.0678000000,6.88337562000,0.000000,5.10000000,2.11000000,0.980000,0.970000,5698.00
"Kepler-895 b","Kepler-895",0.0328000000,2.80624232800,0.000000,2.99000000,1.54000000,0.650000,0.610000,4315.00
"Kepler-743 b","Kepler-743",0.0416600000,3.17926292100,0.000000,1.92000000,1.21000000,0.940000,0.850000,5486.00
"Kepler-823 b","Kepler-823",0.0507000000,4.16809082000,0.000000,3.09000000,1.57000000,0.980000,0.960000,5643.00
"Kepler-898 b","Kepler-898",0.0545000000,5.87061910000,0.000000,2.83000000,1.49000000,0.650000,0.620000,4223.00
"Kepler-821 b","Kepler-821",0.0290000000,1.92279873000,0.000000,2.27000000,1.31000000,0.840000,0.800000,5191.00
"Kepler-887 b","Kepler-887",0.1543100000,20.42228798000,0.000000,4.04000000,1.84000000,1.190000,1.290000,6194.00
"Kepler-901 b","Kepler-901",0.0378000000,3.51749439400,0.000000,2.45000000,1.37000000,0.590000,0.570000,4184.00
"Kepler-900 b","Kepler-900",0.0679000000,6.99130860000,0.000000,4.98000000,2.08000000,0.780000,0.730000,4836.00
"Kepler-755 b","Kepler-755",0.0215600000,1.26909037400,0.000000,3.75000000,1.76000000,0.820000,0.770000,5043.00
"Kepler-886 b","Kepler-886",0.0642800000,6.24146367000,0.000000,2.92000000,1.52000000,1.100000,1.160000,6098.00
"Kepler-904 b","Kepler-904",0.0417000000,3.02166863200,0.000000,3.78000000,1.77000000,1.160000,1.250000,6160.00
"Kepler-905 b","Kepler-905",0.0568900000,5.08274651700,0.000000,2.57000000,1.41000000,0.950000,0.860000,5461.00
"Kepler-756 b","Kepler-756",0.0219000000,1.22486632200,0.000000,1.46000000,1.12000000,0.820000,0.790000,5282.00
"Kepler-757 b","Kepler-757",0.0190000000,1.02267882100,0.000000,2.42000000,1.36000000,1.080000,1.130000,6014.00
"Kepler-883 b","Kepler-883",0.1028800000,12.98495573000,0.000000,3.82000000,1.78000000,1.060000,1.090000,6116.00
"Kepler-466 c","Kepler-466",0.0465800000,3.70921384600,0.000000,2.10000000,1.25000000,1.040000,1.050000,5927.00
"Kepler-813 b","Kepler-813",0.1439000000,19.12947337000,0.000000,5.22000000,2.14000000,0.950000,0.930000,5743.00
"Kepler-882 b","Kepler-882",0.0474100000,3.98953966600,0.000000,2.04000000,1.23000000,0.900000,0.870000,5476.00
"Kepler-810 b","Kepler-810",0.0550000000,4.59725385000,0.000000,4.38000000,1.93000000,1.030000,1.040000,5803.00
"Kepler-877 b","Kepler-877",0.1301000000,18.45847097000,0.000000,5.14000000,2.12000000,0.850000,0.810000,5261.00
"Kepler-750 c","Kepler-750",0.0500900000,4.08899022000,0.000000,3.26000000,1.62000000,1.150000,1.230000,6160.00
"Kepler-255 d","Kepler-255",0.0192000000,1.04562265800,0.000000,2.30000000,1.32000000,0.900000,0.860000,5431.00
"Kepler-775 b","Kepler-775",0.0183400000,0.97486892600,0.000000,1.81000000,1.19000000,0.920000,0.840000,5468.00
"Kepler-808 b","Kepler-808",0.0131400000,0.63133235300,0.000000,2.73000000,1.46000000,0.760000,0.710000,4653.00
"Kepler-732 c","Kepler-732",0.0143000000,0.89304123600,0.000000,2.15000000,1.27000000,0.490000,0.460000,3631.00
"Kepler-777 b","Kepler-777",0.0519000000,5.72812599000,0.000000,2.76000000,1.47000000,0.580000,0.560000,4043.00
"Kepler-779 b","Kepler-779",0.0533000000,7.09714223000,0.000000,0.72100000,0.92000000,0.460000,0.440000,3804.00
"Kepler-804 b","Kepler-804",0.1128700000,14.37457351000,0.000000,4.42000000,1.94000000,1.010000,1.050000,5817.00
"Kepler-1049 b","Kepler-1049",0.0349000000,3.27346073600,0.000000,0.80900000,0.95000000,0.510000,0.490000,3864.00
"Kepler-969 b","Kepler-969",0.1972600000,34.17317140000,0.000000,4.94000000,2.07000000,0.920000,0.820000,5214.00
"Kepler-1137 b","Kepler-1137",0.1871000000,23.92107910000,0.000000,5.48000000,2.20000000,1.500000,1.840000,6807.00
"Kepler-975 b","Kepler-975",0.0289800000,1.97034245700,0.000000,2.79000000,1.48000000,0.800000,0.750000,4897.00
"Kepler-1040 b","Kepler-1040",0.6724900000,201.12140000000,0.000000,4.98000000,2.08000000,0.980000,0.960000,5694.00
"Kepler-1138 b","Kepler-1138",0.0415000000,3.17060005000,0.000000,3.53000000,1.70000000,0.950000,0.920000,5582.00
"Kepler-1139 b","Kepler-1139",0.0166400000,0.81316671900,0.000000,1.81000000,1.19000000,0.940000,0.910000,5550.00
"Kepler-1003 b","Kepler-1003",0.0433300000,3.55485691500,0.000000,3.82000000,1.78000000,1.110000,1.170000,6109.00
"Kepler-1055 b","Kepler-1055",0.0335000000,2.29503623300,0.000000,2.04000000,1.23000000,0.980000,0.940000,5723.00
"Kepler-998 b","Kepler-998",0.0626000000,5.65377733000,0.000000,5.99000000,2.32000000,1.120000,1.180000,6058.00
"Kepler-1017 b","Kepler-1017",0.0719600000,7.23400469000,0.000000,4.62000000,1.99000000,0.930000,0.870000,5473.00
"Kepler-974 b","Kepler-974",0.0419000000,4.19449651400,0.000000,3.09000000,1.57000000,0.520000,0.500000,3687.00
"Kepler-1072 b","Kepler-1072",0.0274200000,1.56906650200,0.000000,3.12000000,1.58000000,1.200000,1.320000,6199.00
"Kepler-997 b","Kepler-997",0.0402200000,2.70730671600,0.000000,2.42000000,1.36000000,1.220000,1.560000,6150.00
"Kepler-1151 b","Kepler-1151",0.3197000000,65.64784240000,0.000000,5.56000000,2.22000000,0.880000,0.850000,5470.00
"Kepler-1064 b","Kepler-1064",0.1183000000,16.54080322000,0.000000,3.02000000,1.55000000,0.850000,0.790000,5153.00
"Kepler-971 b","Kepler-971",0.0867900000,9.59070716000,0.000000,5.18000000,2.13000000,0.880000,0.850000,5431.00
"Kepler-1007 b","Kepler-1007",0.0480000000,5.18500207300,0.000000,2.67000000,1.44000000,0.730000,0.700000,4587.00
"Kepler-968 b","Kepler-968",0.0389000000,3.69298372800,0.000000,4.66000000,2.00000000,0.760000,0.700000,4598.00
"Kepler-1145 b","Kepler-1145",0.0443000000,3.97076766000,0.000000,2.54000000,1.40000000,0.790000,0.750000,5064.00
"Kepler-1029 b","Kepler-1029",0.0470000000,4.41769647900,0.000000,2.13000000,1.26000000,0.820000,0.770000,5030.00
"Kepler-996 b","Kepler-996",0.0474000000,3.77059058400,0.000000,4.58000000,1.98000000,1.090000,1.140000,6014.00
"Kepler-1047 b","Kepler-1047",0.2987100000,56.18868870000,0.000000,5.02000000,2.09000000,1.080000,1.130000,5754.00
"Kepler-1149 b","Kepler-1149",0.0473000000,3.73089898000,0.000000,2.67000000,1.44000000,1.020000,1.010000,5833.00
"Kepler-1148 b","Kepler-1148",0.0188000000,1.10446350900,0.000000,3.50000000,1.69000000,0.810000,0.770000,5054.00
"Kepler-1059 b","Kepler-1059",0.0440000000,3.76419104800,0.000000,3.64000000,1.73000000,0.750000,0.720000,4906.00
"Kepler-479 b","Kepler-479",0.0963600000,12.49341307000,0.000000,5.14000000,2.12000000,0.860000,0.810000,5247.00
"Kepler-934 b","Kepler-934",0.2658000000,55.67383090000,0.000000,5.02000000,2.09000000,0.810000,0.770000,5001.00
"Kepler-982 b","Kepler-982",0.1277000000,15.77382210000,0.000000,5.69000000,2.25000000,1.160000,1.290000,6139.00
"Kepler-936 b","Kepler-936",0.0954000000,10.56134221000,0.000000,2.70000000,1.45000000,0.920000,0.890000,5482.00
"Kepler-938 b","Kepler-938",0.2689000000,52.62984170000,0.000000,5.56000000,2.22000000,0.920000,0.890000,5533.00
"Kepler-1006 b","Kepler-1006",0.1464000000,19.76172042000,0.000000,2.99000000,1.54000000,0.780000,0.740000,5328.00
"Kepler-1009 b","Kepler-1009",0.0796000000,11.35011917000,0.000000,5.35000000,2.17000000,0.590000,0.570000,4027.00
"Kepler-1120 b","Kepler-1120",0.0369000000,2.94902905200,0.000000,2.48000000,1.38000000,0.780000,0.740000,4904.00
"Kepler-1123 b","Kepler-1123",0.0497000000,4.33946454000,0.000000,3.43000000,1.67000000,0.930000,0.900000,5500.00
"Kepler-1035 b","Kepler-1035",0.0388300000,2.71407755500,0.000000,1.71000000,1.17000000,0.980000,0.970000,5763.00
"Kepler-1027 b","Kepler-1027",0.0291100000,1.90780519900,0.000000,0.64000000,0.89000000,0.910000,0.820000,5436.00
"Kepler-917 b","Kepler-917",0.0378000000,2.97041437500,0.000000,4.31000000,1.91000000,0.800000,0.760000,5418.00
"Kepler-918 b","Kepler-918",0.0569000000,4.85386933000,0.000000,3.68000000,1.74000000,1.110000,1.140000,6028.00
"Kepler-1002 b","Kepler-1002",0.0564000000,4.33642933100,0.000000,3.57000000,1.71000000,1.220000,1.570000,6144.00
"Kepler-919 b","Kepler-919",0.0981000000,11.04603384000,0.000000,5.69000000,2.25000000,1.150000,1.210000,6113.00
"Kepler-1005 b","Kepler-1005",0.0671700000,6.49801525000,0.000000,2.86000000,1.50000000,1.000000,1.060000,5782.00
"Kepler-1130 b","Kepler-1130",0.0596300000,5.45298175000,0.000000,0.43700000,0.80000000,0.900000,0.810000,5403.00
"Kepler-1131 b","Kepler-1131",0.0459000000,3.53232449000,0.000000,3.15000000,1.59000000,1.030000,1.040000,5851.00
"Kepler-1025 b","Kepler-1025",0.2160700000,37.32294930000,0.000000,4.58000000,1.98000000,1.090000,1.130000,6089.00
"Kepler-994 b","Kepler-994",0.0177000000,1.15116650600,0.000000,3.19000000,1.60000000,0.560000,0.540000,3934.00
"Kepler-1069 b","Kepler-1069",0.1658700000,23.89902960000,0.000000,3.19000000,1.60000000,0.990000,0.980000,5722.00
"Kepler-1034 b","Kepler-1034",0.0965000000,12.12400943000,0.000000,5.73000000,2.26000000,0.830000,0.800000,5198.00
"Kepler-942 b","Kepler-942",0.2273700000,44.96417488000,0.000000,5.18000000,2.13000000,0.810000,0.750000,4861.00
"Kepler-946 b","Kepler-946",0.1002000000,11.79162572000,0.000000,4.38000000,1.93000000,0.940000,0.930000,5665.00
"HD 50554 c","HD 50554",0.0652000000,5.96936200000,0.000000,5.30000000,1.31000000,1.040000,1.146000,5968.00
"Kepler-992 b","Kepler-992",0.1337200000,20.16034462000,0.000000,3.26000000,1.62000000,0.800000,0.740000,4944.00
"Kepler-1135 b","Kepler-1135",0.3436000000,76.95785700000,0.000000,4.08000000,1.85000000,0.960000,0.940000,5656.00
"Kepler-1013 b","Kepler-1013",0.1370000000,18.93054959000,0.000000,5.27000000,2.15000000,0.810000,0.760000,4954.00
"Kepler-523 b","Kepler-523",0.0615900000,5.83598311100,0.000000,4.50000000,1.96000000,0.930000,0.860000,5515.00
"Gl 725 B c","Gl 725 B",0.1390000000,37.90000000000,,3.40000000,1.66000000,0.250000,0.280000,3379.00
"Kepler-1180 b","Kepler-1180",0.1246000000,16.86012860000,0.000000,4.62000000,1.99000000,1.090000,1.140000,6077.00
"Kepler-1181 b","Kepler-1181",0.0621000000,4.89337519000,0.000000,3.09000000,1.57000000,1.170000,1.300000,6176.00
"Kepler-1189 b","Kepler-1189",0.0467000000,3.78858982000,0.000000,3.78000000,1.77000000,1.110000,1.160000,6012.00
"Kepler-1236 b","Kepler-1236",0.1803000000,31.05716180000,0.000000,5.22000000,2.14000000,0.860000,0.820000,5337.00
"Kepler-1235 b","Kepler-1235",0.0483600000,4.16055856000,0.000000,0.41800000,0.79000000,0.930000,0.900000,5541.00
"Kepler-518 b","Kepler-518",0.0799600000,8.51203587700,0.000000,5.10000000,2.11000000,0.960000,0.880000,5842.00
"Kepler-1276 b","Kepler-1276",0.1086300000,12.57200950000,0.000000,1.81000000,1.19000000,1.140000,1.210000,6188.00
"Kepler-1277 b","Kepler-1277",0.2185700000,40.83650120000,0.000000,3.19000000,1.60000000,0.940000,0.920000,5578.00
"Kepler-1279 b","Kepler-1279",0.1785000000,23.47741010000,0.000000,3.71000000,1.75000000,1.210000,1.330000,6221.00
"Kepler-1280 b","Kepler-1280",0.3398200000,66.55790570000,0.000000,4.16000000,1.87000000,1.200000,1.320000,6227.00
"Kepler-1076 b","Kepler-1076",0.0611000000,6.14727918000,0.000000,0.43700000,0.80000000,0.790000,0.740000,4868.00
"Kepler-1193 b","Kepler-1193",0.0400400000,2.83265213400,0.000000,2.30000000,1.32000000,1.080000,1.210000,5908.00
"Kepler-1194 b","Kepler-1194",0.1212000000,16.22371307000,0.000000,2.89000000,1.51000000,0.940000,0.920000,5590.00
"Kepler-1238 b","Kepler-1238",0.0541000000,4.14787559000,0.000000,4.38000000,1.93000000,1.300000,1.480000,6386.00
"Kepler-1282 b","Kepler-1282",0.0335000000,2.13194651300,0.000000,3.02000000,1.55000000,0.920000,0.890000,5504.00
"Kepler-1078 b","Kepler-1078",0.0388000000,3.00725242000,0.000000,4.27000000,1.90000000,0.940000,0.920000,5612.00
"Kepler-1079 b","Kepler-1079",0.1092000000,13.24503188000,0.000000,3.29000000,1.63000000,1.080000,1.360000,5758.00
"Kepler-1242 b","Kepler-1242",0.1039000000,13.62798432000,0.000000,5.73000000,2.26000000,0.770000,0.740000,4895.00
"Kepler-1243 b","Kepler-1243",0.1256000000,16.83207290000,0.000000,3.71000000,1.75000000,0.960000,0.940000,5667.00
"Kepler-1081 b","Kepler-1081",0.0466200000,3.85691854700,0.000000,1.01000000,1.01000000,0.880000,0.840000,5345.00
"Kepler-1199 b","Kepler-1199",0.1130900000,15.04471980000,0.000000,1.60000000,1.15000000,0.940000,1.170000,5889.00
"Kepler-519 b","Kepler-519",0.1593200000,24.30789460000,0.000000,5.06000000,2.10000000,0.890000,0.800000,5260.00
"Kepler-1284 b","Kepler-1284",0.0143000000,0.66407380600,0.000000,1.92000000,1.21000000,0.840000,0.790000,5123.00
"Kepler-1203 b","Kepler-1203",0.0114000000,0.58800076500,0.000000,1.20000000,1.06000000,0.640000,0.610000,4105.00
"Kepler-1246 b","Kepler-1246",0.0848000000,11.32271513000,0.000000,2.42000000,1.36000000,0.730000,0.690000,4611.00
"Kepler-1289 b","Kepler-1289",0.0785000000,7.99019627000,0.000000,2.92000000,1.52000000,1.100000,1.170000,6080.00
"Kepler-1087 b","Kepler-1087",0.0155400000,0.69384285500,0.000000,0.16500000,0.61000000,0.960000,0.940000,5589.00
"Kepler-1088 b","Kepler-1088",0.1616300000,23.12748644000,0.000000,2.60000000,1.42000000,1.080000,1.080000,5975.00
"Kepler-1206 b","Kepler-1206",0.0201000000,1.21699766300,0.000000,3.33000000,1.64000000,0.800000,0.750000,4877.00
"Kepler-1205 b","Kepler-1205",0.0196000000,1.07839035200,0.000000,2.57000000,1.41000000,0.840000,0.810000,5226.00
"Kepler-1250 b","Kepler-1250",0.0393000000,2.60754383400,0.000000,4.35000000,1.92000000,0.990000,0.980000,5717.00
"Kepler-1293 b","Kepler-1293",0.0676300000,5.57654784000,0.000000,0.87100000,0.97000000,1.180000,1.280000,6241.00
"Kepler-513 b","Kepler-513",0.1779000000,28.86235584000,0.000000,5.48000000,2.20000000,1.020000,1.060000,5849.00
"Kepler-1092 b","Kepler-1092",0.2996000000,58.60179250000,0.000000,4.94000000,2.07000000,0.990000,1.000000,5862.00
"Kepler-1209 b","Kepler-1209",0.1751500000,25.36911600000,0.000000,2.89000000,1.51000000,1.230000,1.380000,6210.00
"Kepler-1252 b","Kepler-1252",0.1078000000,15.05403290000,0.000000,3.43000000,1.67000000,1.060000,1.090000,5949.00
"Kepler-1253 b","Kepler-1253",0.3144400000,68.88619150000,0.000000,2.33000000,1.33000000,0.970000,1.100000,5850.00
"Kepler-1156 b","Kepler-1156",0.0970400000,11.89520511000,0.000000,2.30000000,1.32000000,1.000000,1.000000,5778.00
"Kepler-1155 b","Kepler-1155",0.2006000000,33.46974300000,0.000000,4.78000000,2.03000000,1.030000,1.030000,5842.00
"Kepler-1093 b","Kepler-1093",0.1754300000,25.08246260000,0.000000,4.46000000,1.95000000,1.130000,1.200000,6166.00
"Kepler-1213 b","Kepler-1213",0.0602600000,5.34982412000,0.000000,1.81000000,1.19000000,1.140000,1.210000,6050.00
"Kepler-1255 b","Kepler-1255",0.2226000000,36.29193360000,0.000000,5.99000000,2.32000000,1.080000,1.120000,6018.00
"Kepler-1256 b","Kepler-1256",0.1073300000,12.41277540000,0.000000,2.83000000,1.49000000,1.170000,1.360000,6129.00
"Kepler-1160 b","Kepler-1160",0.0755000000,7.97034958000,0.000000,5.22000000,2.14000000,0.920000,0.890000,5519.00
"Kepler-1095 b","Kepler-1095",0.0514000000,4.27103091000,0.000000,1.92000000,1.21000000,0.940000,0.920000,5658.00
"Kepler-1217 b","Kepler-1217",0.0326000000,2.03232507200,0.000000,4.62000000,1.99000000,1.060000,1.080000,5905.00
"Kepler-1216 b","Kepler-1216",0.0519000000,4.37034536000,0.000000,2.51000000,1.39000000,0.990000,0.980000,5743.00
"Kepler-1257 b","Kepler-1257",0.0376000000,2.66831376200,0.000000,2.92000000,1.52000000,0.900000,0.870000,5502.00
"Kepler-1260 b","Kepler-1260",0.1444000000,19.11877530000,0.000000,3.78000000,1.77000000,1.060000,1.080000,5961.00
"Kepler-1163 b","Kepler-1163",0.0686800000,6.11786898000,0.000000,1.08000000,1.03000000,1.220000,1.350000,6302.00
"Kepler-1100 b","Kepler-1100",0.0674500000,6.42200058000,0.000000,3.71000000,1.75000000,1.210000,1.340000,6247.00
"Kepler-1098 b","Kepler-1098",0.0358000000,2.54307285500,0.000000,2.24000000,1.30000000,0.990000,0.990000,5794.00
"Kepler-1261 b","Kepler-1261",0.2390000000,48.43089910000,0.000000,5.73000000,2.26000000,0.820000,0.770000,5006.00
"Kepler-1166 b","Kepler-1166",0.1975000000,33.24068820000,0.000000,3.50000000,1.69000000,0.900000,0.860000,5446.00
"Kepler-1167 b","Kepler-1167",0.0175000000,1.00393373900,0.000000,3.57000000,1.71000000,0.790000,0.750000,4971.00
"Kepler-1103 b","Kepler-1103",0.1533600000,19.79191978000,0.000000,5.77000000,2.27000000,1.110000,1.150000,6092.00
"Kepler-1221 b","Kepler-1221",0.0906000000,12.00096042000,0.000000,4.19000000,1.88000000,0.870000,0.820000,5194.00
"Kepler-1264 b","Kepler-1264",0.0183900000,0.96852602300,0.000000,1.76000000,1.18000000,0.990000,0.980000,5791.00
"Kepler-1169 b","Kepler-1169",0.0693100000,6.11009134000,0.000000,0.77900000,0.94000000,1.240000,1.230000,6191.00
"Kepler-1106 b","Kepler-1106",0.0239000000,1.25275217400,0.000000,3.36000000,1.65000000,1.110000,1.170000,6104.00
"Kepler-1226 b","Kepler-1226",0.1394500000,17.29234530000,0.000000,2.70000000,1.45000000,1.020000,1.020000,5923.00
"Kepler-1268 b","Kepler-1268",0.2383000000,40.99039860000,0.000000,4.78000000,2.03000000,1.060000,1.090000,5904.00
"Kepler-1109 b","Kepler-1109",0.2466000000,37.64673840000,0.000000,5.43000000,2.19000000,1.050000,1.060000,5893.00
"Kepler-1229 b","Kepler-1229",0.3006000000,86.82898900000,0.000000,2.54000000,1.40000000,0.540000,0.510000,3784.00
"Kepler-804 c","Kepler-804",0.0865400000,9.65185017000,0.000000,1.55000000,1.14000000,1.010000,1.050000,5817.00
"Kepler-1271 b","Kepler-1271",0.0423300000,3.02559550000,0.000000,2.79000000,1.48000000,1.130000,1.230000,6143.00
"Kepler-1177 b","Kepler-1177",0.4301000000,106.24754700000,0.000000,4.27000000,1.90000000,0.980000,0.970000,5712.00
"Kepler-1179 b","Kepler-1179",0.0349700000,2.68505749200,0.000000,2.30000000,1.32000000,0.840000,0.810000,5212.00
"Kepler-1152 b","Kepler-1152",0.0223000000,1.64680190800,0.000000,0.59000000,0.87000000,0.550000,0.530000,3964.00
"Kepler-1186 b","Kepler-1186",0.1281000000,16.07677615000,0.000000,5.60000000,2.23000000,0.950000,0.930000,5635.00
"Kepler-1413 b","Kepler-1413",0.1066000000,13.18296420000,0.000000,3.97000000,1.82000000,0.840000,0.800000,5196.00
"Kepler-1317 b","Kepler-1317",0.0128000000,0.56887442700,0.000000,3.05000000,1.56000000,0.830000,0.790000,5144.00
"Kepler-1415 b","Kepler-1415",0.0141600000,0.63642408000,0.000000,2.21000000,1.29000000,0.890000,0.840000,5267.00
"Kepler-1320 b","Kepler-1320",0.0163000000,0.86838652800,0.000000,3.53000000,1.70000000,0.800000,0.740000,4817.00
"Kepler-1366 b","Kepler-1366",0.0273000000,2.16457096800,0.000000,2.63000000,1.43000000,0.620000,0.600000,4070.00
"Kepler-758 e","Kepler-758",0.0829000000,8.19347190000,0.000000,2.96000000,1.53000000,1.160000,1.420000,6228.00
"Kepler-1417 b","Kepler-1417",0.1406200000,20.35052130000,0.000000,0.97200000,1.00000000,1.020000,1.020000,5839.00
"Kepler-1322 b","Kepler-1322",0.0183000000,0.96286738200,0.000000,3.22000000,1.61000000,0.900000,0.870000,5488.00
"Kepler-1422 b","Kepler-1422",0.1499000000,18.60519420000,0.000000,4.74000000,2.02000000,1.150000,1.230000,6194.00
"Kepler-1327 b","Kepler-1327",0.1115100000,14.88801098000,0.000000,3.89000000,1.80000000,1.020000,1.030000,5885.00
"Kepler-1368 b","Kepler-1368",0.0153000000,0.67564948600,0.000000,3.36000000,1.65000000,1.070000,1.080000,5906.00
"Kepler-769 c","Kepler-769",0.1297000000,15.98701740000,0.000000,3.86000000,1.79000000,1.190000,1.280000,6186.00
"Kepler-770 c","Kepler-770",0.0309000000,1.47532231400,0.000000,1.87000000,1.20000000,0.940000,0.920000,5598.00
"Kepler-1430 b","Kepler-1430",0.0304000000,2.46050993000,0.000000,1.76000000,1.18000000,0.770000,0.720000,4796.00
"Kepler-1431 b","Kepler-1431",0.0648000000,5.86601526000,0.000000,2.76000000,1.47000000,1.030000,1.030000,5806.00
"Kepler-1328 b","Kepler-1328",0.0520000000,4.52158888000,0.000000,0.90400000,0.98000000,1.000000,0.990000,5780.00
"Kepler-1329 b","Kepler-1329",0.0747000000,9.33646594000,0.000000,5.35000000,2.17000000,0.720000,0.690000,4500.00
"Kepler-1371 b","Kepler-1371",0.0421400000,3.44620390000,0.000000,0.31500000,0.73000000,0.870000,0.830000,5361.00
"Kepler-770 d","Kepler-770",0.0616000000,4.15244722000,0.000000,2.54000000,1.40000000,0.940000,0.920000,5598.00
"Kepler-1427 b","Kepler-1427",0.0197000000,0.96897237600,0.000000,1.37000000,1.10000000,1.010000,1.010000,5793.00
"Kepler-1332 b","Kepler-1332",0.0991500000,11.87456832000,0.000000,2.45000000,1.37000000,0.950000,0.900000,5581.00
"Kepler-1330 b","Kepler-1330",0.0889000000,10.10769068000,0.000000,3.36000000,1.65000000,0.970000,0.940000,5608.00
"Kepler-1373 b","Kepler-1373",0.0259800000,1.29123275000,0.000000,1.65000000,1.16000000,1.220000,1.330000,6299.00
"Kepler-1374 b","Kepler-1374",0.0918000000,10.65276707000,0.000000,5.86000000,2.29000000,0.850000,0.810000,5323.00
"Kepler-1311 c","Kepler-1311",0.0375300000,2.53573424000,0.000000,1.98000000,1.22000000,1.050000,1.400000,5748.00
"Kepler-1428 b","Kepler-1428",0.1105100000,10.67607169000,0.000000,3.33000000,1.64000000,1.280000,1.360000,6184.00
"Kepler-1429 b","Kepler-1429",0.0550000000,4.48487493000,0.000000,2.21000000,1.29000000,1.050000,1.070000,5902.00
"Kepler-1335 b","Kepler-1335",0.0615000000,6.26406846000,0.000000,2.70000000,1.45000000,0.770000,0.740000,4903.00
"Kepler-528 b","Kepler-528",0.1421900000,19.78297415000,0.000000,4.98000000,2.08000000,1.010000,1.060000,5807.00
"Kepler-1433 b","Kepler-1433",0.0516000000,4.13592271000,0.000000,3.05000000,1.56000000,1.140000,1.190000,6097.00
"Kepler-1339 b","Kepler-1339",0.0235600000,1.34155512700,0.000000,0.28500000,0.71000000,0.940000,0.930000,5586.00
"Kepler-1377 b","Kepler-1377",0.0153000000,0.74092842200,0.000000,2.10000000,1.25000000,0.860000,0.820000,5218.00
"Kepler-1378 b","Kepler-1378",0.0885000000,11.95398936000,0.000000,5.48000000,2.20000000,0.700000,0.670000,4407.00
"Kepler-1370 c","Kepler-1370",0.0808400000,7.44142113000,0.000000,2.15000000,1.27000000,1.190000,1.290000,6202.00
"Kepler-1295 b","Kepler-1295",0.0464000000,3.81371974000,0.000000,3.02000000,1.55000000,0.920000,0.890000,5486.00
"Kepler-1296 b","Kepler-1296",0.0896000000,8.38398650000,0.000000,0.69300000,0.91000000,0.870000,0.830000,5359.00
"Kepler-529 b","Kepler-529",0.0309000000,1.98035766300,0.000000,4.12000000,1.86000000,1.070000,1.140000,6087.00
"Kepler-1380 b","Kepler-1380",0.0917000000,10.31082450000,0.000000,2.63000000,1.43000000,0.960000,0.940000,5570.00
"Kepler-1391 b","Kepler-1391",0.3004500000,54.40923330000,0.000000,3.46000000,1.68000000,1.030000,1.100000,5840.00
"Kepler-1392 b","Kepler-1392",0.1189000000,15.14103970000,0.000000,4.50000000,1.96000000,0.880000,0.850000,5479.00
"Kepler-1297 b","Kepler-1297",0.0283000000,1.68189002000,0.000000,0.87100000,0.97000000,0.990000,0.990000,5818.00
"Kepler-1343 b","Kepler-1343",0.0449000000,3.35183158000,0.000000,4.38000000,1.93000000,0.950000,0.930000,5759.00
"Kepler-1344 b","Kepler-1344",0.0550100000,4.76830490000,0.000000,4.04000000,1.84000000,1.090000,1.130000,5981.00
"Kepler-1383 b","Kepler-1383",0.1139700000,13.90935830000,0.000000,2.57000000,1.41000000,1.260000,1.440000,6370.00
"Kepler-1381 b","Kepler-1381",0.1728000000,25.38426860000,0.000000,5.69000000,2.25000000,0.960000,0.940000,5747.00
"Kepler-1393 b","Kepler-1393",0.0337000000,2.44357812000,0.000000,0.43700000,0.80000000,0.950000,0.920000,5697.00
"Kepler-1300 b","Kepler-1300",0.1600500000,22.24190920000,0.000000,2.45000000,1.37000000,1.290000,1.790000,6130.00
"Kepler-1347 b","Kepler-1347",0.1040000000,14.00947528000,0.000000,1.08000000,1.03000000,0.820000,0.790000,5193.00
"Kepler-1385 b","Kepler-1385",0.0426200000,2.88879862000,0.000000,0.54300000,0.85000000,1.150000,1.290000,5732.00
"Kepler-1384 b","Kepler-1384",0.1126000000,15.36262753000,0.000000,4.42000000,1.94000000,0.780000,0.740000,4919.00
"Kepler-1397 b","Kepler-1397",0.2586100000,47.44995500000,0.000000,3.61000000,1.72000000,1.090000,1.120000,6026.00
"Kepler-1398 b","Kepler-1398",0.0390900000,2.78815679000,0.000000,0.66600000,0.90000000,1.130000,1.180000,6126.00
"Kepler-1396 b","Kepler-1396",0.1406000000,18.22064210000,0.000000,4.94000000,2.07000000,1.180000,1.270000,6195.00
"Kepler-1302 b","Kepler-1302",0.0795000000,8.83922659000,0.000000,2.63000000,1.43000000,0.860000,0.820000,5236.00
"Kepler-1304 b","Kepler-1304",0.1202000000,16.12888530000,0.000000,5.86000000,2.29000000,0.850000,0.810000,5259.00
"Kepler-1348 b","Kepler-1348",0.1834000000,27.57227420000,0.000000,4.42000000,1.94000000,1.040000,1.040000,5911.00
"Kepler-1387 b","Kepler-1387",0.0310000000,2.27952665600,0.000000,0.74900000,0.93000000,0.820000,0.770000,5046.00
"Kepler-1398 c","Kepler-1398",0.0508700000,4.13827595000,0.000000,1.08000000,1.03000000,1.130000,1.180000,6126.00
"Kepler-1400 b","Kepler-1400",0.0771000000,9.06689421000,0.000000,3.26000000,1.62000000,0.830000,0.780000,5044.00
"Kepler-1351 b","Kepler-1351",0.0156000000,0.91614076800,0.000000,0.20800000,0.65000000,0.700000,0.670000,4439.00
"Kepler-1390 b","Kepler-1390",0.0662000000,6.48021673000,0.000000,1.76000000,1.18000000,0.980000,0.980000,5753.00
"Kepler-1389 b","Kepler-1389",0.3824900000,99.25309510000,0.000000,3.78000000,1.77000000,0.810000,0.740000,5078.00
"Kepler-1401 b","Kepler-1401",0.0975000000,11.20066445000,0.000000,3.46000000,1.68000000,1.070000,1.100000,5964.00
"Kepler-1402 b","Kepler-1402",0.0322000000,2.03387914000,0.000000,0.36300000,0.76000000,0.900000,0.870000,5416.00
"Kepler-1308 b","Kepler-1308",0.0250000000,2.10433811900,0.000000,0.09330000,0.52000000,0.350000,0.340000,3468.00
"Kepler-1352 b","Kepler-1352",0.0288300000,1.87788274800,0.000000,0.64000000,0.89000000,1.110000,1.160000,6118.00
"Kepler-1353 b","Kepler-1353",0.1530000000,24.75439660000,0.000000,3.89000000,1.80000000,0.760000,0.720000,4776.00
"Kepler-1403 b","Kepler-1403",0.0640000000,5.19492202000,0.000000,5.22000000,2.14000000,1.110000,1.150000,6060.00
"Kepler-1310 b","Kepler-1310",0.0145200000,0.67933627200,0.000000,2.67000000,1.44000000,0.910000,0.880000,5549.00
"Kepler-1312 b","Kepler-1312",0.0605300000,5.44832528600,0.000000,5.06000000,2.10000000,0.990000,0.920000,5719.00
"Kepler-1356 b","Kepler-1356",0.0136000000,0.63400293700,0.000000,2.96000000,1.53000000,0.820000,0.780000,5106.00
"Kepler-1050 c","Kepler-1050",0.1526400000,21.12845690000,0.000000,2.79000000,1.48000000,1.090000,1.130000,6010.00
"Kepler-1407 b","Kepler-1407",0.1502000000,20.07115040000,0.000000,5.69000000,2.25000000,1.100000,1.150000,6010.00
"Kepler-1313 b","Kepler-1313",0.0461900000,3.83309117800,0.000000,3.75000000,1.76000000,0.920000,0.850000,5453.00
"Kepler-1611 b","Kepler-1611",0.0586000000,5.17624290000,0.000000,0.45700000,0.81000000,0.940000,0.930000,5605.00
"Kepler-1463 b","Kepler-1463",0.1694000000,25.15864000000,0.000000,4.12000000,1.86000000,0.960000,0.950000,5679.00
"Kepler-1578 b","Kepler-1578",0.0252000000,1.45088690700,0.000000,1.12000000,1.04000000,0.900000,0.860000,5545.00
"Kepler-626 b","Kepler-626",0.1091300000,14.48585199000,0.000000,5.86000000,2.29000000,1.010000,1.050000,5813.00
"Kepler-1465 b","Kepler-1465",0.1939000000,31.82771110000,0.000000,3.78000000,1.77000000,0.750000,0.710000,4726.00
"Kepler-1466 b","Kepler-1466",0.1798100000,31.17504480000,0.000000,3.02000000,1.55000000,1.010000,1.020000,5884.00
"Kepler-1613 b","Kepler-1613",0.0275500000,1.51842990000,0.000000,4.98000000,2.08000000,1.080000,1.120000,6005.00
"Kepler-1468 c","Kepler-1468",0.0466000000,3.54553021000,0.000000,1.60000000,1.15000000,1.040000,1.050000,5893.00
"Kepler-1582 b","Kepler-1582",0.0316000000,4.83817712000,0.000000,2.83000000,1.49000000,0.280000,0.300000,3208.00
"Kepler-633 b","Kepler-633",0.0818500000,8.50340718000,0.000000,3.29000000,1.63000000,1.020000,1.150000,5899.00
"Kepler-1584 b","Kepler-1584",0.1168000000,13.39970990000,0.000000,3.22000000,1.61000000,1.100000,1.130000,6069.00
"Kepler-556 b","Kepler-556",0.0983300000,11.72292176000,0.000000,5.65000000,2.24000000,1.000000,0.980000,5740.00
"Kepler-629 b","Kepler-629",0.0710700000,7.23858540000,0.000000,2.48000000,1.38000000,0.930000,0.840000,5444.00
"Kepler-1470 b","Kepler-1470",0.1160000000,16.29509030000,0.000000,1.24000000,1.07000000,0.800000,0.760000,4961.00
"Kepler-1476 b","Kepler-1476",0.0932000000,10.35863224000,0.000000,3.43000000,1.67000000,0.980000,0.960000,5663.00
"Kepler-154 f","Kepler-154",0.0883200000,9.91935684000,0.000000,2.86000000,1.50000000,0.980000,0.980000,5769.00
"Kepler-1165 b","Kepler-1165",0.0914000000,9.47852200000,0.000000,3.02000000,1.55000000,1.130000,1.180000,6080.00
"Kepler-1587 b","Kepler-1587",0.0874700000,9.40604670000,0.000000,2.33000000,1.33000000,1.080000,1.220000,5933.00
"Kepler-579 b","Kepler-579",0.0854000000,9.66857723000,0.000000,4.66000000,2.00000000,0.990000,0.960000,5636.00
"Kepler-1619 b","Kepler-1619",0.1541300000,23.62259130000,0.000000,0.36300000,0.76000000,1.000000,1.000000,5852.00
"Kepler-132 e","Kepler-132",0.4392700000,110.28693740000,0.000000,1.76000000,1.18000000,1.030000,1.100000,6023.00
"Kepler-1471 b","Kepler-1471",0.0453000000,3.63899398000,0.000000,2.57000000,1.41000000,0.950000,0.930000,5660.00
"Kepler-1589 b","Kepler-1589",0.0205000000,0.99166527400,0.000000,1.32000000,1.09000000,1.180000,1.250000,6166.00
"Kepler-1473 b","Kepler-1473",0.1160600000,14.42735510000,0.000000,1.81000000,1.19000000,1.090000,1.090000,6046.00
"Kepler-1472 b","Kepler-1472",0.2322000000,38.13128310000,0.000000,4.27000000,1.90000000,1.160000,1.250000,6159.00
"Kepler-1474 b","Kepler-1474",0.2108000000,36.43334520000,0.000000,5.31000000,2.16000000,1.040000,1.040000,5870.00
"Kepler-1556 b","Kepler-1556",0.0829000000,8.82713457000,0.000000,4.50000000,1.96000000,0.970000,0.950000,5608.00
"Kepler-542 b","Kepler-542",0.1070300000,13.14497566000,0.000000,3.09000000,1.57000000,0.930000,0.900000,5526.00
"Kepler-1592 b","Kepler-1592",0.0400000000,3.05710069000,0.000000,2.99000000,1.54000000,1.180000,1.280000,6213.00
"Kepler-1623 b","Kepler-1623",0.0518000000,4.36128348000,0.000000,2.27000000,1.31000000,1.000000,1.000000,5772.00
"Kepler-1622 b","Kepler-1622",0.1013600000,10.81187370000,0.000000,2.76000000,1.47000000,1.310000,1.500000,6436.00
"Kepler-1477 b","Kepler-1477",0.0911000000,11.55530021000,0.000000,1.76000000,1.18000000,0.810000,0.780000,5100.00
"Kepler-1478 b","Kepler-1478",0.1681000000,26.08405940000,0.000000,3.64000000,1.73000000,1.040000,1.060000,5904.00
"Kepler-1558 b","Kepler-1558",0.0427800000,3.50470358000,0.000000,0.24400000,0.68000000,0.830000,0.790000,5101.00
"Kepler-1557 b","Kepler-1557",0.0490000000,3.74032496000,0.000000,2.96000000,1.53000000,1.110000,1.170000,6099.00
"Kepler-544 b","Kepler-544",0.1548200000,21.41616926000,0.000000,5.14000000,2.12000000,1.160000,1.220000,6206.00
"Kepler-1435 b","Kepler-1435",0.0545600000,4.45343281000,0.000000,0.56600000,0.86000000,1.210000,1.320000,6356.00
"Kepler-1559 b","Kepler-1559",0.0183500000,0.97191542800,0.000000,0.29900000,0.72000000,0.860000,0.820000,5316.00
"Kepler-1596 b","Kepler-1596",0.3237000000,66.37337900000,0.000000,4.27000000,1.90000000,0.950000,0.920000,5706.00
"Kepler-403 d","Kepler-403",0.1217800000,13.61159129000,0.000000,2.60000000,1.42000000,1.250000,1.450000,6209.00
"Kepler-1443 b","Kepler-1443",0.0378300000,2.41811321000,0.000000,0.87100000,0.97000000,1.190000,1.270000,6289.00
"Kepler-1438 b","Kepler-1438",0.0346000000,2.31942009000,0.000000,0.77900000,0.94000000,0.970000,0.960000,5530.00
"Kepler-1561 b","Kepler-1561",0.0194000000,1.00520700700,0.000000,1.32000000,1.09000000,1.070000,1.110000,5957.00
"Kepler-1598 b","Kepler-1598",0.0520700000,4.34195123000,0.000000,0.80900000,0.95000000,1.070000,1.090000,5940.00
"Kepler-1445 b","Kepler-1445",0.0958700000,10.60052251000,0.000000,0.84000000,0.96000000,1.130000,1.260000,6150.00
"Kepler-1564 b","Kepler-1564",0.1327000000,18.05403810000,0.000000,2.76000000,1.47000000,0.930000,0.900000,5528.00
"Kepler-1563 b","Kepler-1563",0.0442000000,3.43276598000,0.000000,0.34700000,0.75000000,1.000000,0.990000,5765.00
"Kepler-1565 b","Kepler-1565",0.0241000000,1.53818843700,0.000000,1.81000000,1.19000000,0.760000,0.730000,4940.00
"Kepler-1602 b","Kepler-1602",0.0974400000,11.17931605000,0.000000,2.36000000,1.34000000,1.220000,1.360000,6296.00
"Kepler-1448 b","Kepler-1448",0.1058000000,12.27065865000,0.000000,3.22000000,1.61000000,0.950000,0.930000,5774.00
"Kepler-1449 b","Kepler-1449",0.1176000000,13.22745280000,0.000000,3.46000000,1.68000000,1.080000,1.100000,5979.00
"Kepler-1566 b","Kepler-1566",0.0119800000,0.53991523800,0.000000,0.41800000,0.79000000,0.840000,0.810000,5254.00
"Kepler-1603 b","Kepler-1603",0.0351000000,2.27163926000,0.000000,2.21000000,1.29000000,1.210000,1.310000,6241.00
"Kepler-1450 b","Kepler-1450",0.2401000000,54.50941660000,0.000000,3.57000000,1.71000000,0.710000,0.680000,4524.00
"Kepler-603 d","Kepler-603",0.0711700000,6.21712920000,0.000000,2.30000000,1.32000000,1.010000,1.010000,5808.00
"Kepler-605 c","Kepler-605",0.0333600000,2.35895151500,0.000000,0.56600000,0.86000000,0.910000,0.880000,5462.00
"Kepler-1568 b","Kepler-1568",0.1515700000,20.92539200000,0.000000,2.24000000,1.30000000,1.090000,1.190000,5956.00
"Kepler-1606 b","Kepler-1606",0.6421000000,196.43522400000,0.000000,4.94000000,2.07000000,0.900000,0.860000,5422.00
"Kepler-1571 b","Kepler-1571",0.0428700000,3.38555488000,0.000000,2.92000000,1.52000000,1.230000,1.390000,6297.00
"Kepler-1570 b","Kepler-1570",0.1669900000,26.54895500000,0.000000,1.24000000,1.07000000,0.920000,0.890000,5550.00
"Kepler-1572 b","Kepler-1572",0.0583800000,5.49548621000,0.000000,0.77900000,0.94000000,0.970000,0.950000,5618.00
"Kepler-1607 b","Kepler-1607",0.1197800000,13.64736760000,0.000000,0.72100000,0.92000000,1.140000,1.210000,6116.00
"Kepler-1609 b","Kepler-1609",0.4679000000,114.34219000000,0.000000,5.56000000,2.22000000,1.180000,1.270000,6132.00
"Kepler-1457 b","Kepler-1457",0.2639100000,51.11102430000,0.000000,4.62000000,1.99000000,1.010000,1.010000,5866.00
"Kepler-217 d","Kepler-217",0.0534000000,3.88689525000,0.000000,2.30000000,1.32000000,1.370000,1.760000,6341.00
"Kepler-625 c","Kepler-625",0.0537900000,4.16536510000,0.000000,1.16000000,1.05000000,1.040000,0.960000,5789.00
"Kepler-653 c","Kepler-653",0.0185500000,0.90037647600,0.000000,0.39900000,0.78000000,1.020000,1.190000,5665.00
"Kepler-1575 b","Kepler-1575",0.0366000000,2.55314213000,0.000000,2.27000000,1.31000000,0.950000,0.920000,5667.00
"Kepler-578 b","Kepler-578",0.0266000000,1.61688369600,0.000000,4.66000000,2.00000000,0.870000,0.830000,5334.00
"Kepler-1461 b","Kepler-1461",0.1715000000,29.34947750000,0.000000,4.78000000,2.03000000,0.790000,0.740000,4919.00
"Kepler-1541 b","Kepler-1541",0.0755500000,8.40691199000,0.000000,1.65000000,1.16000000,0.860000,0.810000,5282.00
"Kepler-1576 b","Kepler-1576",0.0721100000,6.98471973000,0.000000,1.12000000,1.04000000,1.050000,1.060000,5876.00
"Kepler-634 b","Kepler-634",0.0576500000,5.16950177000,0.000000,4.23000000,1.89000000,1.030000,1.240000,6075.00
"Kepler-1501 b","Kepler-1501",0.1159200000,14.55645330000,0.000000,3.05000000,1.56000000,1.200000,1.300000,6229.00
"Kepler-1500 b","Kepler-1500",0.1236000000,15.03301050000,0.000000,1.87000000,1.20000000,1.000000,1.000000,5845.00
"Kepler-1522 b","Kepler-1522",0.0288000000,1.84788917100,0.000000,3.64000000,1.73000000,0.960000,0.930000,5706.00
"Kepler-641 b","Kepler-641",0.0895000000,9.48961571000,0.000000,4.08000000,1.85000000,1.020000,1.130000,5713.00
"Kepler-1626 b","Kepler-1626",0.0537000000,4.13962966000,0.000000,4.74000000,2.02000000,1.510000,1.850000,6826.00
"Kepler-1504 b","Kepler-1504",0.3704000000,82.30400300000,0.000000,5.18000000,2.13000000,0.850000,0.810000,5393.00
"Kepler-1505 b","Kepler-1505",0.1829800000,30.86093660000,0.000000,0.74900000,0.93000000,0.930000,0.860000,5686.00
"Kepler-710 b","Kepler-710",0.0524000000,4.34728552700,0.000000,4.19000000,1.88000000,0.940000,0.910000,5611.00
"Kepler-1644 b","Kepler-1644",0.1420000000,21.09077580000,0.000000,4.19000000,1.88000000,0.890000,0.860000,5499.00
"Kepler-1507 b","Kepler-1507",0.1194600000,16.05062130000,0.000000,0.52000000,0.84000000,0.890000,0.850000,5410.00
"Kepler-1506 b","Kepler-1506",0.1168000000,14.03291540000,0.000000,2.30000000,1.32000000,0.950000,0.930000,5676.00
"Kepler-1511 b","Kepler-1511",0.1753000000,23.23827920000,0.000000,3.46000000,1.68000000,1.170000,1.290000,6064.00
"Kepler-401 d","Kepler-401",0.6688600000,184.25640500000,0.000000,5.77000000,2.27000000,1.170000,1.290000,6184.00
"Kepler-1512 b","Kepler-1512",0.1369300000,20.35972599000,0.000000,1.76000000,1.18000000,0.730000,0.670000,4372.00
"Kepler-1528 b","Kepler-1528",0.0296000000,1.79111020500,0.000000,2.73000000,1.46000000,1.030000,1.030000,5857.00
"Kepler-1529 b","Kepler-1529",0.0525000000,5.33905686000,0.000000,5.06000000,2.10000000,0.810000,0.770000,5048.00
"Kepler-622 b","Kepler-622",0.0978000000,14.28226676000,0.000000,5.18000000,2.13000000,0.640000,0.610000,4201.00
"Kepler-1530 b","Kepler-1530",0.0355300000,2.59044340000,0.000000,3.33000000,1.64000000,0.920000,0.880000,5477.00
"Kepler-1530 c","Kepler-1530",0.0574400000,5.32274060000,0.000000,3.36000000,1.65000000,0.920000,0.880000,5477.00
"Kepler-1631 b","Kepler-1631",0.0511000000,4.09513932000,0.000000,2.39000000,1.35000000,0.970000,0.950000,5679.00
"Kepler-1534 b","Kepler-1534",0.0599000000,5.71668872000,0.000000,4.23000000,1.89000000,0.900000,0.860000,5442.00
"Kepler-1531 b","Kepler-1531",0.0220400000,1.13854337600,0.000000,1.41000000,1.11000000,1.160000,1.270000,6260.00
"Kepler-1093 c","Kepler-1093",0.4103700000,89.72229200000,0.000000,4.50000000,1.96000000,1.130000,1.200000,6166.00
"Kepler-1633 b","Kepler-1633",0.3875000000,186.40427100000,0.000000,3.12000000,1.58000000,1.200000,1.320000,6256.00
"Kepler-1480 b","Kepler-1480",0.1525000000,22.12679948000,0.000000,3.43000000,1.67000000,0.850000,0.810000,5156.00
"Kepler-1479 b","Kepler-1479",0.1134100000,14.53261362000,0.000000,4.01000000,1.83000000,0.990000,0.980000,5796.00
"Kepler-1481 b","Kepler-1481",0.0590000000,5.94220998000,0.000000,2.04000000,1.23000000,0.800000,0.750000,4908.00
"Kepler-990 c","Kepler-990",0.0123200000,0.53835430800,0.000000,2.96000000,1.53000000,1.050000,1.080000,5948.00
"Kepler-969 c","Kepler-969",0.0265000000,1.68293460400,0.000000,0.93700000,0.99000000,0.920000,0.820000,5214.00
"Kepler-1532 b","Kepler-1532",0.0206000000,1.09366355900,0.000000,2.39000000,1.35000000,0.910000,0.880000,5559.00
"Kepler-605 b","Kepler-605",0.0424400000,3.38353806600,0.000000,2.67000000,1.44000000,0.910000,0.880000,5462.00
"Kepler-1483 b","Kepler-1483",0.0958000000,9.50851560000,0.000000,2.92000000,1.52000000,1.250000,1.400000,6337.00
"Kepler-1485 b","Kepler-1485",0.1473200000,19.91577250000,0.000000,2.76000000,1.47000000,1.110000,1.120000,6087.00
"Kepler-1484 b","Kepler-1484",0.1939000000,30.45491360000,0.000000,5.10000000,2.11000000,0.940000,0.920000,5730.00
"Kepler-1486 b","Kepler-1486",0.2846000000,54.64957590000,0.000000,5.99000000,2.32000000,1.080000,1.120000,5965.00
"Kepler-342 e","Kepler-342",0.0290900000,1.64422461300,0.000000,0.61500000,0.88000000,1.260000,1.340000,6366.00
"Kepler-1487 b","Kepler-1487",0.0898000000,7.31946363000,0.000000,5.18000000,2.13000000,1.380000,1.630000,6541.00
"Kepler-1516 b","Kepler-1516",0.0718000000,7.25931979000,0.000000,3.71000000,1.75000000,1.040000,1.070000,5904.00
"Kepler-1047 c","Kepler-1047",0.0441300000,3.18897601000,0.000000,0.93700000,0.99000000,1.080000,1.130000,5754.00
"Kepler-1409 b","Kepler-1409",0.0155300000,0.76486492600,0.000000,1.12000000,1.04000000,0.830000,0.790000,5160.00
"Kepler-1488 b","Kepler-1488",0.2415300000,39.81899320000,0.000000,4.12000000,1.86000000,1.050000,1.310000,5820.00
"Kepler-1425 b","Kepler-1425",0.1143500000,14.45413020000,0.000000,0.77900000,0.94000000,0.970000,0.950000,5718.00
"Kepler-1350 c","Kepler-1350",0.0222000000,1.76678906200,0.000000,3.64000000,1.73000000,0.550000,0.530000,3827.00
"Kepler-1491 b","Kepler-1491",0.1270000000,16.58617620000,0.000000,2.89000000,1.51000000,1.000000,0.990000,5728.00
"Kepler-1492 b","Kepler-1492",0.1262000000,16.75255007000,0.000000,2.83000000,1.49000000,0.770000,0.720000,4712.00
"Kepler-1454 b","Kepler-1454",0.2447000000,47.03194790000,0.000000,4.19000000,1.88000000,0.900000,0.860000,5448.00
"Kepler-1065 c","Kepler-1065",0.0344000000,2.37030743000,0.000000,3.19000000,1.60000000,0.940000,0.930000,5635.00
"Kepler-707 b","Kepler-707",0.0325000000,2.23749275100,0.000000,2.33000000,1.33000000,0.800000,0.760000,5099.00
"Kepler-602 b","Kepler-602",0.1224000000,15.28469497000,0.000000,5.02000000,2.09000000,1.080000,1.130000,6062.00
"Kepler-638 b","Kepler-638",0.0669500000,6.07972888000,0.000000,4.01000000,1.83000000,0.880000,0.930000,5382.00
"Kepler-1073 c","Kepler-1073",0.0483000000,4.02582254000,0.000000,3.33000000,1.64000000,1.000000,1.000000,5792.00
"K2-84 c","K2-84",0.1768000000,27.86000000000,,4.78000000,2.03000000,0.950000,0.930000,5652.00
"K2-88 b","K2-88",0.0345000000,4.61220000000,0.260000,2.04000000,1.23000000,0.258000,0.256000,3537.00
"Kepler-615 b","Kepler-615",0.0850000000,10.35584657000,0.000000,3.68000000,1.74000000,0.730000,0.690000,4655.00
"K2-89 b","K2-89",0.0146200000,1.09602600000,0.150000,0.17000000,0.61500000,0.347000,0.318000,3691.00
"K2-91 b","K2-91",0.0164000000,1.41954900000,0.090000,1.37000000,1.10000000,0.292000,0.284000,3622.00
"Kepler-737 b","Kepler-737",0.1422000000,28.59915399000,0.000000,4.50000000,1.96000000,0.510000,0.480000,3813.00
"K2-5 c","K2-5",0.0818000000,10.93241000000,,5.73000000,2.26000000,0.610000,0.570000,3930.00
"K2-5 b","K2-5",0.0532000000,5.73594000000,,4.31000000,1.91000000,0.610000,0.570000,3930.00
"Kepler-223 c","Kepler-223",0.0911700000,9.84564000000,0.150000,5.10000000,3.44000000,1.125000,1.720000,5803.00
"K2-16 b","K2-16",0.0667000000,7.61880000000,,4.74000000,2.02000000,0.680000,0.660000,4742.00
"Kepler-653 b","Kepler-653",0.1194500000,14.70748976000,0.000000,4.46000000,1.95000000,1.020000,1.190000,5665.00
"Kepler-80 e","Kepler-80",0.0491000000,4.64489000000,0.003500,4.13000000,1.60000000,0.730000,0.678000,4540.00
"Kepler-654 b","Kepler-654",0.1166400000,13.72465129000,0.000000,4.94000000,2.07000000,1.040000,1.110000,5865.00
"K2-47 b","K2-47",0.1779000000,31.63720000000,,4.23000000,1.89000000,0.750000,0.760000,5054.00
"K2-48 b","K2-48",0.1344000000,20.50650000000,,5.65000000,2.24000000,0.770000,0.730000,4899.00
"Kepler-617 b","Kepler-617",0.0219000000,1.68269614800,0.000000,2.30000000,1.32000000,0.510000,0.480000,3712.00
"K2-49 b","K2-49",0.0309000000,2.77065000000,,4.38000000,1.93000000,0.510000,0.450000,4175.00
"Kepler-589 b","Kepler-589",0.1196000000,16.54964934000,0.000000,5.77000000,2.27000000,0.880000,0.830000,5296.00
"K2-58 c","K2-58",0.0350000000,2.53726000000,,3.26000000,1.62000000,0.890000,0.860000,5413.00
"K2-58 d","K2-58",0.1517000000,22.88270000000,,3.57000000,1.71000000,0.890000,0.860000,5413.00
"Kepler-560 b","Kepler-560",0.0899000000,18.47764449000,0.170000,3.61000000,1.72000000,0.340000,0.330000,3556.00
"Kepler-496 b","Kepler-496",0.0747000000,8.30864937000,0.000000,5.99000000,2.32000000,0.860000,0.820000,5293.00
"K2-59 c","K2-59",0.0905000000,11.29540000000,,5.90000000,2.30000000,0.774000,0.731000,5055.00
"Kepler-1629 b","Kepler-1629",0.0485000000,3.87595807000,0.000000,0.38100000,0.77000000,1.010000,1.010000,5776.00
"K2-64 b","K2-64",0.0619000000,6.53044000000,,4.94000000,2.07000000,0.741000,0.726000,5312.00
"K2-69 b","K2-69",0.0591000000,7.06599000000,,5.99000000,2.32000000,0.551000,0.491000,4127.00
"K2-68 b","K2-68",0.0708000000,8.05428000000,,3.12000000,1.58000000,0.730000,0.675000,4746.00
"MOA-2013-BLG-605L b","MOA-2013-BLG-605L",0.9300000000,,,3.24000000,1.62000000,0.024000,,
"K2-71 b","K2-71",0.0559000000,6.98541000000,,5.27000000,2.15000000,0.477000,0.426000,4006.00
"K2-80 b","K2-80",0.1350000000,19.09180000000,,4.70000000,2.01000000,0.900000,0.870000,5441.00
"K2-83 c","K2-83",0.0713100000,9.99767000000,0.060000,2.80000000,1.48300000,0.484000,0.424000,3910.00
"Kepler-1650 b","Kepler-1650",0.0167000000,1.53818001000,0.010000,0.84000000,0.96000000,0.326000,0.334000,3410.00
"K2-72 c","K2-72",0.0780000000,15.18903400000,0.110000,1.65000000,1.16000000,0.271365,0.330989,3360.47
"Kepler-1651 b","Kepler-1651",0.0692000000,9.87863917000,0.130000,4.04000000,1.84000000,0.522000,0.503000,3713.00
"K2-72 e","K2-72",0.1060000000,24.15886800000,0.110000,2.21000000,1.29000000,0.271365,0.330989,3360.47
"K2-72 d","K2-72",0.0500000000,7.76017800000,0.110000,1.01000000,1.01000000,0.271365,0.330989,3360.47
"K2-81 b","K2-81",0.0590000000,6.10232500000,0.060000,4.54000000,1.97000000,0.745273,0.634663,4674.13
"K2-201 b","K2-201",,1.05979000000,,2.54000000,1.40006712,0.956055,0.878161,5507.00
"HD 219134 b","HD 219134",0.0387600000,3.09292600000,0.000000,4.74000000,1.60200000,0.810000,0.778000,4699.00
"Ross 128 b","Ross 128",0.0496000000,9.86580000000,0.116000,1.40000000,1.11000000,0.168000,0.196700,3192.00
"K2-219 b","K2-219",,3.90128700000,,2.38000000,1.34762583,1.021545,1.189232,5753.00
"K2-213 b","K2-213",,8.13087000000,,2.90000000,1.51398464,1.069596,1.204240,5794.00
"K2-215 b","K2-215",,8.26964800000,,5.16000000,2.12381238,0.999987,0.974398,5704.00
"Kepler-80 g","Kepler-80",,14.64558000000,0.130300,0.06500000,1.13000000,0.830000,0.678000,4540.00
"Wolf 1061 b","Wolf 1061",0.0375000000,4.88690000000,0.150000,1.91000000,1.21000000,0.294000,0.307000,3342.00
"Kepler-1652 b","Kepler-1652",0.1654000000,38.09722000000,0.000000,3.19000000,1.60000000,0.404000,0.382000,3638.00
"Wolf 1061 c","Wolf 1061",0.0890000000,17.87190000000,0.110000,3.41000000,1.66000000,0.294000,0.307000,3342.00
"tau Cet f","tau Cet",1.3340000000,636.13000000000,0.160000,3.93000000,1.81000000,0.783000,0.830000,5310.00
"GJ 3138 b","GJ 3138",0.0197000000,1.22003000000,0.190000,1.78000000,1.18000000,0.681000,0.500000,3717.00
"GJ 625 b","GJ 625",0.0783610000,14.62800000000,0.130000,2.82000000,1.49000000,0.300000,0.310000,3499.00
"GJ 3323 c","GJ 3323",0.1264000000,40.54000000000,0.170000,2.31000000,1.32000000,0.164000,0.119000,3159.00
"K2-21 b","K2-21",0.0760000000,9.32503800000,0.100000,4.04000000,1.84000000,0.676023,0.646783,4222.06
"K2-4 b","K2-4",0.0780000000,10.00341700000,0.080000,5.06000000,2.10000000,0.635026,0.569359,4014.73
"GJ 3293 e","GJ 3293",0.0820800000,13.25430000000,0.210000,3.28000000,1.63000000,0.420000,0.404000,3466.00
"K2-149 b","K2-149",0.0830000000,11.33200000000,,3.33000000,1.64000000,0.595000,0.568000,3745.00
"K2-125 b","K2-125",0.1210000000,21.75026400000,0.080000,5.39000000,2.18000000,0.494727,0.402049,3654.47
"K2-128 b","K2-128",0.0560000000,5.67581900000,0.230000,2.60000000,1.42000000,0.711248,0.777569,4469.51
"K2-165 b","K2-165",,2.35499200000,,2.17000000,1.27443657,0.834847,0.803827,5185.00
"K2-35 c","K2-35",0.0550000000,5.60835200000,0.120000,4.38000000,1.93000000,0.701968,0.619575,4402.71
"OGLE-2016-BLG-1195L b","OGLE-2016-BLG-1195L",1.1600000000,,,1.43000000,1.11000000,0.078000,,
"K2-175 b","K2-175",,9.52598800000,,4.81000000,2.03803688,1.094693,1.420038,5909.00
"K2-165 c","K2-165",,4.38274500000,,3.03000000,1.55409035,0.834847,0.803827,5185.00
"K2-116 b","K2-116",0.0480000000,4.65541100000,0.060000,0.25700000,0.69000000,0.694512,0.669400,4348.35
"K2-102 b","K2-102",,9.91561500000,0.100000,2.24000000,1.30000000,0.770000,0.710000,4695.00
"K2-155 d","K2-155",0.1937000000,40.71800000000,,4.27000000,1.90000000,0.650000,0.580000,4258.00
"K2-169 b","K2-169",,6.38080300000,,2.16000000,1.27328671,0.986144,0.919053,5548.00
"K2-170 b","K2-170",,7.57654400000,,2.60000000,1.41817537,0.963657,0.981614,5748.00
"K2-172 b","K2-172",,14.31694100000,,3.42000000,1.66608079,0.934356,0.868889,5569.00
"K2-190 b","K2-190",,10.09885800000,,2.41000000,1.35673729,0.904597,0.912206,5631.00
"K2-191 b","K2-191",,2.85864600000,,3.12000000,1.57889322,0.900994,0.839696,5176.00
"K2-200 b","K2-200",,2.84988300000,,2.43000000,1.36439870,0.860208,0.791736,5233.00
"K2-173 b","K2-173",,5.86869900000,,3.22000000,1.60826194,0.881538,0.843154,5580.00
"K2-240 b","K2-240",0.0513000000,6.03400000000,,4.66000000,2.00000000,0.580000,0.540000,3810.00
"K2-244 b","K2-244",0.1418000000,21.06884000000,,3.71000000,1.75000000,0.860000,0.920000,5677.00
"K2-266 c","K2-266",0.0679000000,7.81400000000,0.042000,0.29013072,0.70500000,0.686000,0.703000,4285.00
"K2-159 b","K2-159",0.1013000000,12.42205000000,,5.73000000,2.26000000,0.900000,0.830000,5425.00
"K2-166 b","K2-166",0.0858000000,8.52695000000,,5.43000000,2.19000000,1.160000,1.610000,5960.00
"K2-228 b","K2-228",0.0338000000,2.69828000000,,1.92000000,1.21000000,0.710000,0.650000,4715.00
"K2-151 b","K2-151",0.0373000000,3.83547600000,,2.83000000,1.49000000,0.470000,0.450000,3695.00
"K2-230 b","K2-230",0.0409000000,2.86041000000,,4.50000000,1.96000000,1.110000,1.390000,5945.00
"K2-188 b","K2-188",0.0289000000,1.74216900000,,2.39000000,1.35000000,1.060000,1.190000,5977.00
"K2-153 b","K2-153",0.0614000000,7.51574000000,,4.66000000,2.00000000,0.550000,0.530000,3845.00
"K2-117 c","K2-117",0.0492000000,5.44401700000,0.150000,4.90000000,2.06000000,0.540000,0.510000,3778.00
"K2-243 b","K2-243",0.1087000000,11.54182000000,,5.35000000,2.17000000,1.290000,1.390000,6570.00
"K2-117 b","K2-117",0.0189000000,1.29160000000,0.060000,4.78000000,2.03000000,0.540000,0.510000,3778.00
"K2-247 b","K2-247",0.0304000000,2.25021000000,,5.14000000,2.12000000,0.740000,0.690000,4667.00
"K2-252 b","K2-252",0.1041000000,13.81513000000,,3.68000000,1.74000000,0.790000,0.820000,5152.00
"K2-254 b","K2-254",0.0448000000,4.09639000000,,3.29000000,1.63000000,0.710000,0.670000,4629.00
"K2-192 b","K2-192",0.0490000000,4.16281700000,,2.92000000,1.52000000,0.900000,0.810000,5222.00
"K2-239 c","K2-239",0.0576000000,7.77500000000,,0.97200000,1.00000000,0.400000,0.360000,3420.00
"K2-133 c","K2-133",0.0434100000,4.86784000000,,3.20000000,1.60300000,0.461000,0.455000,3655.00
"K2-133 d","K2-133",0.0748700000,11.02454000000,,4.67000000,2.00300000,0.461000,0.455000,3655.00
"K2-133 e","K2-133",0.1346000000,26.58410000000,,3.64000000,1.73000000,0.461000,0.455000,3655.00
"EPIC 201497682 b","EPIC 201497682",,2.13174000000,,0.26000000,0.69200000,0.780000,0.554000,4991.00
"EPIC 201754305 d","K2-16",,2.71578000000,,1.08000000,1.03000000,0.670000,0.544000,4761.00
"EPIC 201833600 c","K2-50",,3.96151000000,,0.97200000,1.00000000,0.611000,0.634000,4326.00
"EPIC 206024342 b","EPIC 206024342",,4.50756000000,,3.53000000,1.70000000,0.928000,0.823000,5724.00
"EPIC 206032309 b","EPIC 206032309",,2.87814000000,,1.01000000,1.01000000,0.221000,0.373440,3489.00
"K2-294 b","K2-294",,2.50387000000,,3.39000000,1.66000000,0.987000,1.200000,5612.00
"EPIC 206317286 b","EPIC 206317286",,1.58252000000,,0.84000000,0.96000000,0.711000,0.669000,4752.00
"HD 20781 b","HD 20781",0.0529000000,5.31350000000,0.100000,1.93000000,1.21000000,0.700000,0.833609,5256.00
"Kepler-47 c","Kepler-47",0.9638000000,303.22700000000,0.044000,3.17000000,4.65000000,0.957000,0.936000,5636.00
"Gl 49 b","Gl 49",0.0905000000,13.85080000000,0.363000,5.63000000,2.24000000,0.515000,0.511000,3805.00
"HD 20781 c","HD 20781",0.1004000000,13.89050000000,0.090000,5.33000000,2.17000000,0.700000,0.833609,5256.00
"HD 21749 c","GJ 143",0.0695000000,7.78993000000,,3.70000000,0.89200000,0.730000,0.695000,4640.00
"K2-286 b","K2-286",0.1768000000,27.35900000000,,5.06000000,2.10000000,0.640000,0.620000,3926.00
"K2-288 B b","K2-288 B",0.1640000000,31.39346300000,,4.27000000,1.90000000,0.330000,0.320000,3341.00
"K2-264 b","K2-264",0.0502300000,5.84000200000,0.500000,5.61000000,2.23100000,0.496000,0.473000,3660.00
"Kepler-1610 c","Kepler-1610",0.2323000000,44.98518850000,0.000000,5.02000000,2.09000000,0.825000,0.800000,5295.00
"Kepler-1988 b","Kepler-1988",0.1038000000,11.49500229000,0.000000,2.96000000,1.53000000,1.127000,1.788000,6033.00
"Kepler-1991 b","Kepler-1991",0.1065000000,13.26079792000,0.000000,2.76000000,1.47000000,0.914000,1.053000,5478.00
"Kepler-1471 c","Kepler-1471",0.0981000000,11.60448810000,0.000000,4.19000000,1.88000000,0.934000,1.166000,5533.00
"Kepler-1998 b","Kepler-1998",0.0405000000,3.03267135000,0.000000,0.15600000,0.60000000,0.962000,0.921000,5640.00
"Kepler-1994 b","Kepler-1994",0.0530000000,4.61225043000,0.000000,0.08700000,0.51000000,0.932000,0.961000,5495.00
"GJ 433 d","GJ 433",0.1780000000,36.05900000000,0.070000,5.22300000,2.14000000,0.480000,0.500000,3461.00
"Kepler-1126 c","Kepler-1126",0.6193000000,199.66876000000,0.000000,2.70000000,1.45000000,0.794000,0.921000,5678.00
"Kepler-1987 c","Kepler-1987",0.0427000000,3.64830183000,0.000000,2.33000000,1.33000000,0.799000,0.714000,4769.00
"Kepler-1985 b","Kepler-1985",0.0426000000,3.42064689000,0.000000,5.77000000,2.27000000,0.877000,0.966000,5370.00
"Kepler-1987 b","Kepler-1987",0.0318000000,2.34586300200,0.000000,2.04000000,1.23000000,0.799000,0.714000,4769.00
"Kepler-311 d","Kepler-311",0.7326000000,232.04032600000,0.000000,4.86000000,2.05000000,0.974000,1.156000,5903.00
"Kepler-1834 c","Kepler-1834",0.0150000000,0.76669151700,0.000000,1.98000000,1.22000000,0.765000,0.788000,4821.00
"Kepler-763 c","Kepler-763",0.0466000000,4.09667624000,0.000000,2.60000000,1.42000000,0.800000,0.843000,4999.00
"Kepler-290 d","Kepler-290",0.0154000000,0.76401755300,0.000000,0.56600000,0.86000000,0.840000,0.755000,5142.00
"Kepler-865 c","Kepler-865",0.0610000000,6.20920207000,0.000000,0.64000000,0.89000000,0.782000,0.885000,5440.00
"Kepler-2000 c","Kepler-2000",0.1228000000,20.61803480000,0.000000,3.09000000,1.57000000,0.581000,0.576000,3757.00
"EPIC 205950854 c","K2-168",,8.05072200000,,2.27000000,1.31000000,0.877000,0.830000,5502.70
"Kepler-1990 c","Kepler-1990",0.0504000000,4.06844957000,0.000000,0.90400000,0.98000000,1.028000,1.071000,5751.00
"Kepler-763 d","Kepler-763",0.0634000000,6.50327035000,0.000000,3.43000000,1.67000000,0.800000,0.843000,4999.00
"Kepler-1162 c","Kepler-1162",0.2832000000,59.28406400000,0.000000,3.93000000,1.81000000,0.861000,0.859000,5225.00
"Kepler-1982 b","Kepler-1982",0.0511000000,3.82315697000,0.000000,0.38100000,0.77000000,1.213000,1.122000,6202.00
"Kepler-29 b","Kepler-29",0.0848200000,10.33974000000,0.000000,5.00000000,2.55000000,0.761000,0.732000,5378.00
"HD 108236 b","HD 108236",0.0452700000,3.79596300000,0.045000,3.24000000,1.61500000,0.869000,0.877000,5660.00
"Kepler-1686 b","Kepler-1686",0.0882700000,9.30987000000,0.000000,2.62000000,1.42553017,1.020000,1.199510,5714.96
"Kepler-1687 b","Kepler-1687",0.0532000000,5.77954000000,0.000000,3.38000000,1.65623882,0.650000,0.726119,4132.00
"Kepler-1689 b","Kepler-1689",0.0784000000,8.48300000000,0.000000,0.79900000,0.94678642,1.023000,0.996208,5731.43
"Kepler-1691 b","Kepler-1691",0.0495000000,3.84820000000,0.000000,4.02000000,1.83470985,1.110000,1.131520,6000.00
"Kepler-1692 b","Kepler-1692",0.0646000000,5.95966000000,0.000000,1.42000000,1.11177184,0.870000,0.866139,5146.00
"EPIC 201170410.02","EPIC 201170410",0.0349000000,6.79870000000,0.000000,1.15000000,1.04700000,0.287000,0.282000,3648.00
"Kepler-1694 b","Kepler-1694",0.0449000000,3.89526000000,0.000000,1.76000000,1.17986031,0.820000,0.756284,4954.00
"Kepler-716 c","Kepler-716",0.0454800000,3.96999000000,0.000000,2.52000000,1.39281536,0.830000,0.742183,5012.00
"EPIC 201757695.02","EPIC 201757695",0.0296000000,2.04780000000,0.000000,0.68800000,0.90819000,0.727000,0.655000,4520.00
"Kepler-1001 c","Kepler-1001",0.0829600000,9.18186000000,0.000000,3.11000000,1.57799279,0.930000,0.836475,5376.00
"HD 158259 c","HD 158259",,3.43200000000,,5.60000000,2.23000000,1.080000,1.210000,5801.89
"TOI-237 b","TOI-237",0.0341000000,5.43609800000,0.000000,2.67000000,1.44000000,0.179000,0.211000,3212.00
"Kepler-29 c","Kepler-29",0.1002700000,13.28613000000,0.000000,4.50000000,2.34000000,0.761000,0.732000,5378.00
"Kepler-177 b","Kepler-177",0.2110100000,36.86010000000,0.000000,5.84000000,3.50000000,0.921000,1.324000,5732.00
"Kepler-36 b","Kepler-36",0.1141900000,13.86825000000,0.000000,3.83000000,1.49800000,1.034000,1.634000,5979.00
"Kepler-1514 c","Kepler-1514",0.0997000000,10.51418100000,0.320000,1.74000000,1.17582410,1.196000,1.289000,6145.00
"K2-344 b","K2-344",,3.35585000000,,3.15000000,1.59000000,0.510000,0.490000,4374.00
"CD Cet b","CD Cet",0.0185000000,2.29070000000,,3.95000000,1.82000000,0.161000,0.175000,3130.00
"G 264-012 b","G 264-012",0.0227900000,2.30538000000,,2.50000000,1.39000000,0.297000,0.305000,3326.00
"K2-352 d","K2-352",,14.87138700000,,5.60000000,2.23000000,0.980000,0.950000,5791.00
"K2-339 b","K2-339",,19.50742800000,,4.35000000,1.92000000,0.740000,0.720000,4857.00
"K2-156 b","K2-156",0.0149000000,0.81314300000,,1.37000000,1.10000000,0.660000,0.620000,4460.00
"K2-268 d","K2-268",,4.52859800000,,2.83000000,1.49000000,0.840000,0.780000,5106.00
"K2-268 f","K2-268",,26.27057000000,,5.60000000,2.23000000,0.840000,0.780000,5106.00
"K2-187 b","K2-187",0.0164000000,0.77401000000,,1.87000000,1.20000000,0.966999,0.830000,5438.00
"K2-210 b","K2-210",,0.57023000000,,0.56600000,0.86000000,0.911717,0.890000,5500.00
"K2-32 e","K2-32",0.0489900000,4.34934000000,0.043000,2.10000000,1.21200000,0.830000,0.860000,5271.00
"K2-331 b","K2-331",,9.39897700000,,3.86000000,1.79000000,1.100000,1.060000,5994.00
"EPIC 228836835 b","EPIC 228836835",,0.72811300000,,1.37000000,1.10000000,0.418179,0.320000,3782.00
"K2-223 c","K2-223",0.0549000000,4.56254600000,,2.86000000,1.50000000,1.060000,1.000000,5859.00
"K2-350 b","K2-350",,4.16387300000,,2.99000000,1.54000000,0.980000,1.040000,5789.00
"EPIC 206042996 b","EPIC 206042996",,5.29860000000,,3.53000000,1.70000000,0.565000,0.500000,4114.00
"K2-354 b","K2-354",,3.79330600000,,3.05000000,1.56000000,0.430000,0.410000,3669.00
"HD 136352 b","HD 136352",0.0964000000,11.57797000000,0.000000,4.72000000,1.66400000,0.870000,1.058000,5664.00
"K2-336 b","K2-336",,21.19473300000,,1.98000000,1.22000000,0.860000,0.800000,5424.00
"KOI-1831 d","Kepler-324",0.1992400000,34.16900000000,0.000000,2.23000000,1.13000000,0.901000,0.835000,5233.00
"EPIC 212297394 c","EPIC 212297394",,5.21396500000,,5.77000000,2.27000000,0.830000,0.800000,5171.00
"K2-138 f","K2-138",0.1044700000,12.75758000000,0.062000,1.63000000,2.90400000,0.935000,0.863000,5356.30
"K2-349 b","K2-349",,9.03217800000,,2.48000000,1.38000000,0.540000,0.490000,4385.00
"GJ 740 b","GJ 740",0.0290000000,2.37756000000,0.240000,2.96000000,1.53000000,0.580000,0.560000,3913.00
"K2-185 b","K2-185",,10.61638400000,,1.60000000,1.15000000,0.960000,0.940000,5788.00
"EPIC 212587672 c","EPIC 212587672",,23.22855500000,,5.99000000,2.32000000,0.990000,0.980000,6004.00
"Kepler-1834 b","Kepler-1834",0.0491100000,4.60301017800,0.000000,2.73000000,1.45938340,0.765000,0.788000,4821.00
"Kepler-1838 b","Kepler-1838",0.1108200000,12.14680004000,0.000000,3.40000000,1.66049425,1.187000,1.963000,5877.00
"Kepler-1839 b","Kepler-1839",0.0583000000,5.05675983400,0.000000,4.46000000,1.94937590,1.030000,0.939000,5926.00
"Kepler-1749 b","Kepler-1749",0.0956000000,14.53409958000,0.000000,3.23000000,1.61301783,0.551000,0.553000,3957.00
"Kepler-1841 b","Kepler-1841",0.1606000000,25.88599968000,0.000000,2.82000000,1.48912557,0.823000,0.899000,5190.00
"Kepler-1742 b","Kepler-1742",0.2587000000,49.47819901000,0.000000,5.38000000,2.17824130,0.939000,0.849000,5776.00
"Kepler-1743 b","Kepler-1743",0.0840000000,7.64971017800,0.000000,3.18000000,1.59887007,1.266000,1.613000,5855.00
"Kepler-1741 b","Kepler-1741",0.0296000000,2.75759005500,0.000000,2.16000000,1.27300000,0.454000,0.424000,3683.00
"Kepler-1745 b","Kepler-1745",0.0408000000,3.01619005200,0.000000,4.38000000,1.92872921,0.995000,1.400000,5611.00
"Kepler-1813 b","Kepler-1813",0.0364000000,2.81816005700,0.000000,2.58000000,1.41300000,0.812000,0.787000,5167.00
"Kepler-1856 b","Kepler-1856",0.0215000000,1.30200004600,0.000000,3.66000000,1.73447868,0.782000,0.816000,4948.00
"K2-101 b","K2-101",0.1124000000,14.67624290000,0.100000,4.66000000,2.00000000,0.820000,0.760000,4927.00
"Kepler-1669 c","Kepler-1669",0.0228000000,1.60932004500,0.000000,4.27000000,1.90120972,0.609000,0.603000,4224.00
"Kepler-1816 b","Kepler-1816",0.3564700000,91.50099945000,0.000000,4.53000000,1.96793970,0.786000,0.706000,5051.00
"K2-355 b","K2-355",0.0632000000,5.73856470000,,5.69000000,2.25000000,0.960000,0.920000,5790.00
"K2-356 b","K2-356",0.1599000000,21.02673660000,,5.86000000,2.29000000,0.900000,0.860000,5568.00
"Kepler-1817 b","Kepler-1817",0.2348000000,44.29919815000,0.000000,5.79000000,2.27349126,0.878000,0.915000,5316.00
"Kepler-1859 b","Kepler-1859",0.0394000000,2.72959995300,0.000000,3.13000000,1.58313575,1.090000,1.235000,5887.00
"Kepler-1860 b","Kepler-1860",0.1062500000,12.73719978000,0.000000,1.55000000,1.13863767,0.874000,0.868000,5420.00
"K2-184 b","K2-184",0.1685000000,16.97801020000,,2.76000000,1.47000000,0.840000,0.750000,5245.00
"Kepler-1712 b","Kepler-1712",0.0903000000,13.81499958000,0.000000,5.83000000,2.28372556,0.515000,0.509000,3732.00
"Kepler-1763 b","Kepler-1763",0.0257000000,1.48028004200,0.000000,1.59000000,1.14651332,1.026000,1.259000,5897.00
"EPIC 220554210 c","K2-282",,0.70531000000,,3.19000000,1.60000000,0.940000,1.000000,5499.00
"K2-104 b","K2-104",0.0242000000,1.97419540000,0.090000,3.86000000,1.79000000,0.510000,0.480000,3712.00
"EPIC 220492298 b","EPIC 220492298",,0.76240600000,,0.93700000,0.99000000,0.950000,0.890000,5620.00
"EPIC 206024342 c","EPIC 206024342",,0.91172400000,,2.54000000,1.40000000,0.928000,1.100000,5724.00
"Kepler-1760 b","Kepler-1760",0.2084000000,38.32609940000,0.000000,5.86000000,2.28995546,0.821000,0.903000,5229.00
"Kepler-1777 b","Kepler-1777",0.1030100000,12.18420029000,0.000000,5.19000000,2.13189678,0.984000,1.068000,5771.00
"K2-275 c","K2-275",0.0881000000,8.43883850000,,5.52000000,2.21000000,0.770000,0.690000,4841.00
"Kepler-1798 b","Kepler-1798",0.1082000000,16.85589981000,0.000000,5.94000000,2.30911251,0.593000,0.587000,3967.00
"Kepler-1823 b","Kepler-1823",0.1533200000,21.10339928000,0.000000,5.00000000,2.08612680,1.068000,1.126000,6000.00
"HD 96700 c","HD 96700",0.1410000000,19.88000000000,0.293000,3.50000000,1.69000000,0.890000,1.160000,5845.00
"TOI-2257 b","TOI-2257",0.1450000000,35.18934600000,0.496000,5.45000000,2.19400000,0.328000,0.313000,3430.00
"Kepler-1782 b","Kepler-1782",0.0582500000,5.75622987700,0.000000,5.60000000,2.22927435,0.794000,0.734000,4931.00
"Kepler-1828 b","Kepler-1828",0.0924000000,10.27379990000,0.000000,5.13000000,2.11598626,0.996000,0.899000,5806.00
"Kepler-1833 b","Kepler-1833",0.0754500000,6.89212989800,0.000000,2.24000000,1.30027362,1.286000,1.446000,6164.00
"Kepler-1130 d","Kepler-1130",0.0506800000,4.27225017500,0.000000,0.20200000,0.64472273,0.944000,0.842000,5450.00
"Kepler-1942 b","Kepler-1942",0.0516000000,4.62604999500,0.000000,5.13000000,2.11702870,0.852000,0.797000,5834.00
"Kepler-1943 b","Kepler-1943",0.0597500000,4.85018014900,0.000000,3.02000000,1.54869189,1.055000,0.973000,6032.00
"Kepler-1266 c","Kepler-1266",0.0506000000,4.86631012000,0.000000,3.46000000,1.68023962,0.791000,0.831000,4996.00
"Kepler-394 d","Kepler-394",0.0590400000,5.61358022700,0.000000,2.86000000,1.50066814,1.141000,1.101000,6398.00
"Kepler-1945 b","Kepler-1945",0.0597000000,6.08003997800,0.000000,2.21000000,1.28900000,0.767000,0.804000,4991.00
"Kepler-1932 b","Kepler-1932",0.0123000000,0.52417701500,0.000000,2.91000000,1.51482218,0.911000,0.815000,5278.00
"YZ Cet b","YZ Cet",0.0163400000,2.02087000000,0.060000,0.70000000,0.91300000,0.142000,0.157000,3151.00
"YZ Cet c","YZ Cet",0.0215600000,3.05989000000,0.000000,1.14000000,1.05000000,0.142000,0.157000,3151.00
"Kepler-495 c","Kepler-495",0.0614000000,5.89660978300,0.000000,1.98000000,1.21936414,0.888000,1.087000,5392.00
"Kepler-501 c","Kepler-501",0.0467000000,3.62276005700,0.000000,3.47000000,1.68119739,1.032000,1.216000,5794.00
"Kepler-1950 b","Kepler-1950",0.0871000000,10.77690029000,0.000000,2.95000000,1.52696349,0.759000,0.852000,5455.00
"Kepler-1899 b","Kepler-1899",0.0457000000,4.09577989600,0.000000,3.02000000,1.55098292,0.759000,0.742000,4791.00
"Kepler-1869 b","Kepler-1869",0.0797600000,8.16736030600,0.000000,1.46000000,1.11955354,0.987000,0.902000,5808.00
"Kepler-1312 c","Kepler-1312",0.0210300000,1.11611998100,0.000000,1.07000000,1.02732734,0.983000,0.905000,5721.00
"Kepler-1952 b","Kepler-1952",0.1724000000,27.21080017000,0.000000,2.07000000,1.23923346,0.922000,1.305000,5973.00
"Kepler-1926 b","Kepler-1926",0.2197000000,42.87770081000,0.000000,5.97000000,2.31495961,0.768000,0.832000,5256.00
"Kepler-1972 b","Kepler-1972",0.0800600000,7.54425000000,0.067000,2.02000000,0.80200000,1.120000,1.384000,5818.00
"Kepler-1600 c","Kepler-1600",0.0696100000,7.29804992700,0.000000,4.43000000,1.94206512,0.818000,0.834000,5119.00
"Kepler-1954 b","Kepler-1954",0.0625000000,5.88343000400,0.000000,3.90000000,1.80235934,0.942000,0.849000,5840.00
"Kepler-1958 b","Kepler-1958",0.0856000000,9.32861995700,0.000000,4.86000000,2.05124311,0.961000,0.864000,5749.00
"Kepler-1705 b","Kepler-1705",0.0800000000,9.03502000000,0.033000,4.47000000,2.03000000,1.139000,1.259000,6312.00
"OGLE-2019-BLG-0960L b","OGLE-2019-BLG-0960L",1.9000000000,,,2.50000000,1.39000000,0.500000,,
"Kepler-1890 b","Kepler-1890",0.0571200000,4.82059001900,0.000000,0.58700000,0.86867375,1.024000,1.396000,6046.00
"Kepler-1892 b","Kepler-1892",0.0633000000,6.33123016400,0.000000,4.03000000,1.83707938,0.851000,0.759000,5383.00
"Kepler-1959 b","Kepler-1959",0.0617000000,6.38669014000,0.000000,1.57000000,1.14315727,0.768000,0.811000,5071.00
"Kepler-1960 b","Kepler-1960",0.0354000000,2.29794001600,0.000000,2.26000000,1.30749704,1.117000,1.072000,6371.00
"Kepler-633 c","Kepler-633",0.1624600000,23.78319931000,0.000000,5.89000000,2.29600000,0.997000,1.265000,5877.00
"Kepler-1861 b","Kepler-1861",0.2408200000,40.03060150000,0.000000,5.50000000,2.20677414,1.161000,1.373000,5855.00
"Kepler-1863 b","Kepler-1863",0.2367800000,44.99760056000,0.000000,5.74000000,2.26309256,1.097000,0.983000,5871.00
"Kepler-1895 b","Kepler-1895",0.0615000000,6.07029008900,0.000000,5.14000000,2.11934728,0.860000,0.763000,5076.00
"Kepler-1911 b","Kepler-1911",0.0636000000,5.99079990400,0.000000,1.01000000,1.01100000,0.954000,0.972000,5721.00
"Kepler-1865 b","Kepler-1865",0.0344000000,2.52400994300,0.000000,3.11000000,1.57686072,0.849000,0.871000,5420.00
"Kepler-1866 b","Kepler-1866",0.1016000000,11.66009998000,0.000000,4.99000000,2.08215108,1.030000,1.083000,5791.00
"Kepler-1967 b","Kepler-1967",0.0668600000,7.28169012100,0.000000,0.31500000,0.73022577,0.996000,1.806000,4970.00
"Kepler-1867 b","Kepler-1867",0.0872000000,9.88735961900,0.000000,1.65000000,1.15985997,0.911000,0.816000,5693.00
"Kepler-1903 b","Kepler-1903",0.1321000000,17.06789970000,0.000000,5.85000000,2.28642395,1.053000,0.996000,6347.00
"Kepler-1969 b","Kepler-1969",0.0717000000,6.64752006500,0.000000,3.47000000,1.68161001,1.111000,1.007000,6046.00
"Kepler-1968 b","Kepler-1968",0.0696000000,7.28109979600,0.000000,2.86000000,1.50004034,0.844000,0.788000,5008.00
"Kepler-1907 b","Kepler-1907",0.0544400000,5.65245008500,0.000000,0.58900000,0.86973029,0.752000,0.800000,5159.00
"Kepler-1913 b","Kepler-1913",0.1209000000,14.19600010000,0.000000,2.92000000,1.51852059,1.169000,1.076000,6214.00
"Kepler-1873 b","Kepler-1873",0.0128000000,0.55884200300,0.000000,3.28000000,1.62573811,0.903000,0.792000,5151.00
"Kepler-1874 b","Kepler-1874",0.2633000000,56.57320023000,0.000000,5.52000000,2.21110724,0.758000,0.775000,4701.00
"Kepler-1909 b","Kepler-1909",0.0306000000,2.39160990700,0.000000,1.33000000,1.09217411,0.663000,0.685000,4935.00
"Kepler-1917 b","Kepler-1917",0.1030000000,12.90240002000,0.000000,4.23000000,1.88971288,0.882000,0.788000,5530.00
"Kepler-1918 b","Kepler-1918",0.2524000000,47.05640030000,0.000000,5.89000000,2.29763023,0.967000,0.924000,5889.00
"Kepler-534 c","Kepler-534",0.0761000000,7.37868976600,0.000000,2.02000000,1.22700000,1.075000,0.965000,5936.00
"Kepler-1488 c","Kepler-1488",0.0695900000,6.15826988200,0.000000,3.37000000,1.65156749,1.003000,1.524000,5710.00
"Kepler-1879 b","Kepler-1879",0.0957000000,10.61340046000,0.000000,4.92000000,2.06512018,1.023000,1.388000,5865.00
"Kepler-1934 b","Kepler-1934",0.0246600000,1.41975998900,0.000000,0.70200000,0.91307734,0.968000,1.035000,5925.00
"Kepler-1938 b","Kepler-1938",0.0938000000,13.06260014000,0.000000,4.00000000,1.82828927,0.646000,0.655000,4522.00
"K2-382 b","K2-382",,21.70015600000,,4.95000000,2.07200000,0.922000,0.811000,5452.00
"K2-376 b","K2-376",,5.77647500000,,3.66000000,1.73600000,0.908000,1.149000,5937.00
"K2-383 b","K2-383",,1.86596200000,,3.07000000,1.56400000,1.061000,0.804000,5129.00
"K2-373 b","K2-373",,11.02066000000,,4.90000000,2.06100000,1.158000,1.486000,6138.00
"K2-384 f","K2-384",,13.62749000000,,5.57000000,2.22200000,0.330000,0.348000,3623.00
"K2-369 b","K2-369",,5.76161200000,,2.28000000,1.31300000,0.735000,0.881000,5682.00
"K2-384 e","K2-384",,9.71504300000,,2.37000000,1.34500000,0.330000,0.348000,3623.00
"K2-375 b","K2-375",,14.45389500000,,5.66000000,2.24300000,1.119000,1.543000,5822.00
"K2-389 c","K2-389",,20.85133700000,,4.82000000,2.04000000,0.802000,1.084000,5782.00
"K2-391 b","K2-391",,4.62265400000,,2.45000000,1.37100000,0.757000,0.566000,5543.00
"GJ 411 b","GJ 411",0.0787900000,12.93940000000,0.063000,2.69000000,1.45000000,0.389900,0.368500,3719.00
"TOI-1064 c","TOI-1064",0.0942900000,12.22657400000,0.088000,2.50000000,2.65100000,0.748000,0.726000,4734.00
"K2-316 b","K2-316",0.0147000000,1.13300000000,,2.33000000,1.33000000,0.408000,0.379000,3436.00
"K2-316 c","K2-316",0.0582000000,5.26000000000,,4.01000000,1.83000000,0.408000,0.379000,3436.00
"TOI-206 b","TOI-206",0.0112000000,0.73631040000,,2.24000000,1.30000000,0.350000,0.350000,3383.00
"TOI-1693 b","TOI-1693",0.0226000000,1.76669570000,,2.57000000,1.41000000,0.490000,0.460000,3499.00
"K2-323 b","K2-323",0.1275000000,24.93000000000,,5.06000000,2.10000000,0.478000,0.549000,3710.00
"TOI-2411 b","TOI-2411",0.0144000000,0.78269420000,,3.46000000,1.68000000,0.650000,0.680000,4099.00
"TOI-2427 b","TOI-2427",0.0202000000,1.30600110000,,3.89000000,1.80000000,0.640000,0.650000,4072.00
"K2-325 b","K2-325",0.0419000000,6.93000000000,,5.48000000,2.20000000,0.274000,0.298000,3287.00
"K2-326 b","K2-326",0.0198000000,1.25600000000,,5.82000000,2.28000000,0.507000,0.688000,3924.00
"KMT-2021-BLG-0912L b","KMT-2021-BLG-0912L",3.1400000000,,,2.81000000,1.49000000,0.800000,,
"K2-407 c","K2-407",,9.22453000000,,2.42000000,1.36000000,0.881000,0.927000,5563.00
"Ross 508 b","Ross 508",0.0536600000,10.77000000000,0.330000,4.00000000,1.83000000,0.177400,0.211300,3071.00
"K2-374 b","K2-374",,4.52195300000,,3.16000000,1.59300000,0.731000,0.907000,5789.00
"GJ 2030 b","GJ 2030",0.0340000000,2.38129000000,0.239000,4.76742611,2.03000000,0.960000,2.241040,5485.00
"TOI-1452 b","TOI-1452",0.0610000000,11.06201000000,0.000000,4.82000000,1.67200000,0.249000,0.275000,3185.00
"HD 93351 b","HD 93351",0.0350000000,2.45946000000,0.549000,3.49611248,1.69000000,0.940000,0.911435,5408.00
"TOI-2096 b","TOI-2096",0.0250000000,3.11906330000,0.150000,2.08000000,1.24300000,0.231000,0.235000,3300.00
"K2-414 b","K2-414",0.0487000000,4.36960000000,,1.98000000,1.21900000,0.814000,0.732000,4343.00
"TOI-733 b","TOI-733",0.0618000000,4.88476500000,0.046000,5.72000000,1.99200000,0.956000,0.949000,5585.00
"KMT-2017-BLG-1003L b","KMT-2017-BLG-1003L",1.3800000000,,,5.19000000,2.13000000,0.320000,,
"KMT-2019-BLG-1367L b","KMT-2019-BLG-1367L",1.7000000000,,,4.08000000,1.85000000,0.250000,,
"OGLE-2017-BLG-1806L b","OGLE-2017-BLG-1806L",1.7500000000,,,5.27000000,2.15000000,0.380000,,
"OGLE-2019-BLG-1053L b","OGLE-2019-BLG-1053L",3.4000000000,,,2.48000000,1.38000000,0.610000,,
"HD 23472 c","HD 23472",0.1646000000,29.79749000000,0.063000,3.41000000,1.87000000,0.670000,0.710000,4684.00
"HD 23472 f","HD 23472",0.0906000000,12.16218390000,0.070000,0.77000000,1.13700000,0.670000,0.710000,4684.00
"HD 23472 d","HD 23472",0.0429800000,3.97664000000,0.070000,0.55000000,0.75000000,0.670000,0.710000,4684.00
"HD 23472 e","HD 23472",0.0680000000,7.90754000000,0.070000,0.72000000,0.81800000,0.670000,0.710000,4684.00
"K2-3 d","K2-3",0.2014000000,44.55603000000,0.091000,2.20000000,1.45800000,0.549000,0.546000,3844.00
"K2-3 c","K2-3",0.1357000000,24.64672900000,0.048000,2.68000000,1.58200000,0.549000,0.546000,3844.00
"Kepler-20 f","Kepler-20",0.1387000000,19.57832800000,0.094000,1.40000000,0.95200000,0.929000,0.916400,5495.00
"Kepler-102 c","Kepler-102",0.0670200000,7.07139200000,0.094000,1.70000000,0.56700000,0.803000,0.724000,4909.00
"Kepler-68 c","Kepler-68",0.0900800000,9.60502700000,0.099000,1.30000000,0.97900000,1.057000,1.256400,5847.00
"HD 15906 b","HD 15906",0.0900000000,10.92470900000,0.110000,5.65000000,2.24000000,0.790000,0.762000,4757.00
"Kepler-323 b","Kepler-323",0.0277800000,1.67832800000,0.095000,3.90000000,1.38100000,1.015000,1.120000,6004.00
"Kepler-454 b","Kepler-454",0.0952800000,10.57375340000,0.320000,5.40000000,2.37000000,1.030000,1.066000,5687.00
"Kepler-109 b","Kepler-109",0.0701000000,6.48163070000,0.110000,4.90000000,2.49000000,1.094000,1.387000,5950.00
"GJ 1252 b","GJ 1252",0.0091500000,0.51823310000,0.000000,1.32000000,1.19300000,0.381000,0.391000,3458.00
"K2-36 b","K2-36",0.0228800000,1.42261400000,0.093000,4.30000000,1.43000000,0.790000,0.718000,4916.00
"TOI-244 b","TOI-244",0.0559000000,7.39722500000,,2.68000000,1.52000000,0.428000,0.426000,3433.00
"Kepler-78 b","Kepler-78",0.0090100000,0.35500745000,0.000000,1.68000000,1.20100000,0.779000,0.747500,5058.00
"K2-12 b","K2-12",0.0792000000,8.28246000000,0.500000,5.20000000,2.44000000,0.965000,1.117000,5672.00
"TOI-1680 b","TOI-1680",0.0314400000,4.80263450000,,2.75000000,1.46600000,0.179800,0.210600,3225.00
"K2-3 b","K2-3",0.0747000000,10.05465350000,0.107000,5.11000000,2.07800000,0.549000,0.546000,3844.00
"Kepler-107 b","Kepler-107",0.0454400000,3.18002180000,0.100000,3.80000000,1.53600000,1.238000,1.447000,5854.00
"Kepler-122 d","Kepler-122",0.1550000000,21.58747500000,0.000000,5.48000000,2.20000000,0.982000,1.216000,6050.00
"Kepler-415 c","Kepler-415",0.0695000000,8.70800000000,0.000000,4.70000000,2.01000000,0.670000,0.643000,4362.00
"TOI-544 b","TOI-544",0.0225000000,1.54835200000,0.000000,2.89000000,2.01800000,0.631000,0.623000,4169.00
"Teegarden's Star d","Teegarden's Star",0.0791000000,26.13000000000,0.070000,0.82000000,0.95400000,0.097000,0.120000,3034.00
"TOI-904 c","TOI-904",0.3120000000,83.99970000000,,5.34000000,2.16700000,0.557000,0.527000,3770.20
"HD 134606 f","HD 134606",0.1784000000,26.91500000000,0.081000,5.63000000,2.24000000,1.046000,1.158000,5576.00
"HD 134606 e","HD 134606",0.0527000000,4.32030000000,0.200000,2.34000000,1.33000000,1.046000,1.158000,5576.00
"LHS 1678 c","LHS 1678",0.0327000000,3.69428400000,0.039000,1.40000000,0.94100000,0.345000,0.329000,3490.00
"TOI-4559 b","TOI-4559",0.0359000000,3.96599100000,,2.59000000,1.41500000,0.392000,0.374000,3558.00
"Kepler-23 d","Kepler-23",0.1201200000,15.27000000000,0.010000,4.44000000,2.20600000,1.078000,1.548000,5828.00
"GJ 238 b","GJ 238",0.0212300000,1.74469990000,,0.12600000,0.56600000,0.419300,0.431400,3485.00
"Kepler-128 c","Kepler-128",0.1651700000,22.80000000000,0.037000,3.38000000,1.52100000,1.184000,1.659000,6072.00
"TOI-1444 b","TOI-1444",0.0116000000,0.47027430000,0.000000,3.58000000,1.41792246,0.951300,0.910500,5460.00
"TOI-2095 b","TOI-2095",0.1010000000,17.66484000000,0.000000,4.10000000,1.25000000,0.440000,0.440000,3759.00
"TOI-1776 b","TOI-1776",0.0378000000,2.79986800000,0.000000,1.40000000,1.21612741,0.919600,0.935600,5785.00
"Kepler-963 c","Kepler-963",,0.91978300000,,0.15600000,0.60000000,0.821000,0.928000,5169.47
"TOI-663 c","TOI-663",0.0437000000,4.69555070000,,3.65000000,2.26000000,0.514000,0.512000,3681.00
"SPECULOOS-3 b","SPECULOOS-3",0.0073300000,0.71912603000,,0.89400000,0.97700000,0.100900,0.123000,2800.00
"HD 48948 b","HD 48948",0.0652000000,7.34013000000,0.055000,4.88000000,2.06000000,0.686000,0.679000,4593.00
"HD 93963 A b","HD 93963 A",0.0206100000,1.03761090000,0.000000,2.80000000,1.46954368,1.084400,1.031100,5908.00
"TOI-1450 A c","TOI-1450 A",,5.06880000000,,1.52700000,1.13000000,0.480000,0.483000,3437.00
"K2-321 b","K2-321",0.0283900000,2.29797490000,0.440000,4.86000000,2.05124347,0.578000,0.595000,3750.00
"TOI-1777.01","TOI-1777",0.1194660000,14.65011197400,,5.67000000,2.24600000,1.060000,0.980000,5859.00
"HD 20794 d","HD 20794",0.3625000000,89.68000000000,0.077000,4.80000000,2.04000000,0.790000,0.930000,5368.00
"Kepler-289 d","Kepler-289",0.3300000000,66.02820000000,,5.33000000,3.03000000,1.080000,1.000000,5990.00
"Kepler-289 b","Kepler-289",0.2118300000,34.53830000000,0.000000,3.70000000,2.49000000,1.080000,1.000000,5990.00
"K2-57 b","K2-57",0.0752000000,9.00730000000,0.250000,5.94000000,2.30905002,0.699000,0.671000,4413.00
"Kepler-105 c","Kepler-105",0.0722900000,7.12592000000,0.020000,5.60000000,1.44000000,0.991000,1.026000,5933.00
"TOI-406 c","TOI-406",0.0322000000,3.30744100000,0.032000,2.08000000,1.32000000,0.408000,0.410000,3392.00
"TOI-5713 b","TOI-5713",0.0600800000,10.44198900000,0.240000,3.78000000,1.77000000,0.265300,0.299200,3225.00
"TOI-6002 b","TOI-6002",0.0572200000,10.90482100000,0.150000,3.36000000,1.65000000,0.210100,0.243200,3229.00
"KMT-2023-BLG-1866L b","KMT-2023-BLG-1866L",2.6300000000,,,2.63000000,1.43000000,0.510000,,
"K2-203 b","K2-203",0.0824000000,9.69520000000,0.230000,2.14000000,1.26549392,0.793000,0.765000,5026.00
"TOI-1659.01","TOI-1659",0.0657570000,5.87755632800,,5.71000000,2.25500000,1.100000,1.006000,5977.00
"HD 101581 c","HIP 56998",0.0573000000,6.20401000000,,0.93700000,0.99000000,0.653000,0.630000,4675.00
"K2-208 b","K2-208",0.0487800000,4.19097000000,0.370000,3.45000000,1.67462172,0.881000,0.872000,5500.00
"TOI-1739 b","TOI-1739",0.0738720000,8.30334140600,,4.45000000,1.94600000,0.780000,0.781000,4814.00
"TOI-1453 c","TOI-1453",,6.58869820000,0.000000,2.95000000,2.22400000,0.715000,0.720000,4975.00
"TOI-2443 b","TOI-2443",0.1050000000,15.66858000000,0.301000,4.80000000,2.36300000,0.642000,0.631000,4375.00
"OGLE-2016-BLG-0007L b","OGLE-2016-BLG-0007L",10.1000000000,14200.00000000000,,1.32000000,1.09000000,0.590000,,
"GJ 3998 b","GJ 3998",0.0300000000,2.65033000000,0.000000,2.50000000,1.39000000,0.520000,0.500000,3726.00
"Proxima Cen d","Proxima Cen",0.0288100000,5.12338000000,0.000000,0.26000000,0.69200000,0.122100,0.141000,2900.00
"Proxima Cen b","Proxima Cen",0.0484800000,11.18465000000,0.000000,1.05500000,1.02000000,0.122100,0.141000,2900.00
"TOI-1238 b","TOI-1238",0.0139000000,0.76459700000,0.250000,3.76000000,1.21000000,0.590000,0.580000,4089.00
"HR 858 c","HR 858",0.0687000000,5.97386500000,0.000000,3.80000000,1.97900000,1.204000,1.258000,6354.00
"G 268-110 b","G 268-110",0.0128300000,1.43263000000,0.000000,1.52000000,1.13000000,0.137000,0.177000,
"HD 28471 b","HD 28471",0.0420000000,3.16490000000,0.195000,3.72000000,1.75000000,0.980000,1.080000,5766.00
"HD 28471 c","HD 28471",0.0650000000,6.12450000000,0.088000,5.72000000,2.26000000,0.980000,1.080000,5766.00
"TOI-238 b","TOI-238",0.0212000000,1.27309900000,0.180000,3.37000000,1.55900000,0.781000,0.756000,5059.00
"HD 28471 d","HD 28471",0.1000000000,11.68100000000,0.093000,4.91000000,2.06000000,0.980000,1.080000,5766.00
"K2-233 c","K2-233",0.0664000000,7.06024000000,0.000000,4.60000000,1.27200000,0.790000,0.710000,4796.00
"GJ 251 b","GJ 251",0.0808000000,14.23700000000,0.000000,3.85000000,1.79000000,0.350000,0.360000,3342.00
"GJ 536 c","GJ 536",0.1617000000,32.76100000000,0.000000,5.89000000,2.30000000,0.528000,0.529000,3641.00
"HD 224018 d","HD 224018",0.5300000000,138.07310000000,0.040000,4.20000000,2.40000000,1.013000,1.147000,5784.00
"TOI-1203 b","TOI-1203",0.0486900000,4.15728880000,0.067000,3.51000000,1.52000000,0.886000,1.179000,5737.00
"TOI-1203 c","TOI-1203",,13.07660000000,0.092000,5.46000000,2.20000000,0.886000,1.179000,5737.00
"K2-37 b","K2-37",0.0510500000,4.44340000000,,2.51000000,1.39000000,0.840000,0.809000,5352.00
"Ross 176 b","Ross 176",0.0464000000,5.00663380000,0.250000,4.57000000,1.84000000,0.577000,0.569000,4041.00
"K2-62 c","K2-62",0.1148000000,16.19697000000,,4.62000000,1.99000000,0.670000,0.696000,4455.00
"K2-61 b","K2-61",0.0392000000,2.57336000000,,4.35000000,1.92000000,0.970000,0.995000,5748.00
"TOI-5799 b","TOI-5799",0.0348000000,4.16450700000,,3.65000000,1.73300000,0.325000,0.321000,3452.00
"TOI-1346 c","TOI-1346",,5.50255800000,,5.60000000,2.23000000,0.820000,0.780000,5099.00
"TOI-5799 c","TOI-5799",0.0782000000,14.01044900000,,3.75000000,1.76000000,0.325000,0.321000,3452.00
"TOI-6000 b","TOI-6000",,0.44895900000,,0.77900000,0.94000000,0.370000,0.380000,3419.00
"K2-189 c","K2-189",0.0680000000,6.67932000000,,5.95000000,2.31000000,0.850000,0.879000,5442.00
"LHS 1903 d","LHS 1903",0.0860400000,12.56628700000,0.112000,5.96000000,2.50000000,0.538000,0.539000,3664.00
"LHS 1903 e","LHS 1903",0.1513500000,29.31773000000,0.014000,5.79000000,1.73200000,0.538000,0.539000,3664.00
"TOI-5489 b","TOI-5489",,3.15222000000,,2.54000000,1.40000000,0.410000,0.420000,3547.00
"TOI-5716 b","TOI-5716",,6.76630000000,,0.84000000,0.96000000,0.190000,0.220000,3436.00
"DMPP-1 d","DMPP-1",0.0446700000,3.14170000000,0.360000,4.72000000,2.02000000,1.210000,1.260000,6196.00
"TOI-2267 c","TOI-2267 A",0.0263000000,3.49504120000,,1.55000000,1.14000000,0.171000,0.207500,3030.00
"TOI-2267 b","TOI-2267 A",0.0205000000,2.28909000000,,0.97200000,1.00000000,0.171000,0.207500,3030.00
"DMPP-3 A b","DMPP-3 A",0.0595800000,5.59000000000,0.420000,2.67000000,1.44000000,0.900000,0.910000,5138.00
"TOI-7166 b","TOI-7166",0.0619100000,12.92063621000,0.000000,4.70000000,2.01000000,0.190000,0.222000,3099.00
"TOI-5788 b","TOI-5788",0.0640000000,6.34075800000,0.061000,3.72000000,1.52800000,0.870000,0.870000,5615.00
"TOI-5388.01","TOI-5388",0.0243358550,2.59467480000,,2.20000000,0.99000000,0.292000,0.300000,3440.00
"HD 28109 d","HD 28109",0.4110000000,84.28990000000,0.005400,5.80000000,3.11000000,1.227000,1.425000,6189.00
"KMT-2020-BLG-0414L b","KMT-2020-BLG-0414L",2.0700000000,,,1.87000000,1.20000000,0.490000,,
"TOI-6716 b","TOI-6716",0.0319000000,4.71858980000,0.880000,0.91100000,0.98200000,0.223000,0.231000,3110.00
"GJ 4274 b","GJ 4274",0.0153000000,1.63390000000,,2.97000000,1.53000000,0.180000,0.190000,3228.00
"LHS 1903 b","LHS 1903",0.0265600000,2.15550980000,0.015000,3.28000000,1.38200000,0.538000,0.539000,3664.00
"LHS 1903 c","LHS 1903",0.0538700000,6.22618500000,0.089000,4.55000000,2.04600000,0.538000,0.539000,3664.00
"TIC 231949697 b","TIC 231949697",,0.90720448719,,2.95000000,1.52831855,0.490679,0.492584,3451.32
"TOI-4561 b","TOI-4561",,8.93547936706,,3.81000000,1.77789214,1.000000,0.851957,5537.93
"GJ 1137 c","HD 93083",0.0835000000,9.64120000000,0.000000,5.12000000,2.11000000,0.836000,0.837000,5033.80
"TOI-5159 b","TOI-5159",,5.83639428843,,3.01000000,1.54732112,0.900000,0.854084,5156.16
"TIC 88692598 b","TIC 88692598",,2.64909436758,,3.94000000,1.81295951,0.529218,0.532473,3483.17
"TOI-1752 b","TOI-1752",0.0162400000,0.93518610000,,3.51000000,1.69300000,0.524000,0.530000,3762.00
"TOI-1269 c","TOI-1269",,9.23786144195,,5.60000000,2.22999162,0.902700,0.848906,5554.02
"TOI-5624 c","TOI-5624",0.0737400000,7.88538500000,0.000000,4.80000000,2.47400000,0.858000,0.820000,5327.00
"TIC 161045582 b","TIC 161045582",,8.85577189959,,5.67000000,2.24566738,1.040000,1.079760,5683.87
"TOI-1756 b","TOI-1756",,2.78301736297,,4.43000000,1.94225664,0.556454,0.562607,3891.86
"TIC 206466666 b","TIC 206466666",,9.10486865159,,5.26000000,2.14817673,0.760000,0.667193,4620.30
"TOI-198 b","TOI-198",0.0675000000,10.21521300000,0.150000,3.17000000,1.36000000,0.417000,0.418000,3801.00
"TOI-1839 b","TOI-1839",,1.42378440907,,5.56000000,2.21895097,0.934000,0.848099,5315.91
"TOI-2518 b","TOI-2518",,6.89797425216,,5.77000000,2.26838675,1.110000,0.993374,5751.20
"TOI-7333 b","TOI-7333",,6.26449803661,,5.04000000,2.09469416,0.721000,0.666066,4586.87
"rho CrB e","rho CrB",0.1061000000,12.90400000000,0.082000,3.71000000,1.75000000,1.000000,1.361700,5817.00
"K2-79 b","K2-79",0.0987000000,10.99503900000,0.032000,5.90000000,4.15000000,1.060000,1.269000,5897.00
"K2-111 b","K2-111",0.0565000000,5.35189630000,0.134000,5.35000000,1.83700000,0.840000,1.250000,5775.00
"TOI-4363 b","TOI-4363",,2.11867592279,,3.77000000,1.76689273,0.620000,0.691320,4278.45
"Kepler-79 c","Kepler-79",0.1914400000,27.40260000000,0.038000,4.60000000,3.76000000,1.244000,1.316000,6389.00
"TOI-4602.01","TOI-4602",0.0474700000,3.98129990000,0.000000,5.53000000,2.45000000,0.900000,1.080000,5966.00
"TOI-237 c","TOI-237",0.0160000000,1.74486147000,,1.90000000,1.20600000,0.169800,0.205600,3226.00
"Kepler-484 b","Kepler-484",0.0903600000,10.04556931300,0.000000,5.82000000,2.28000000,0.960000,0.870000,5668.00
"Kepler-758 c","Kepler-758",0.0576800000,4.75793986000,0.000000,3.50000000,1.69000000,1.160000,1.420000,6228.00
"TOI-4311 b","TOI-4311",0.0181700000,0.99027380000,,4.50000000,1.37600000,0.816000,0.844100,5063.00
"Kepler-929 b","Kepler-929",0.0198200000,0.92103213500,0.000000,1.41000000,1.11000000,1.010000,1.020000,5869.00
"Kepler-223 e","Kepler-223",0.1448100000,19.72567000000,0.051000,4.80000000,4.60000000,1.125000,1.720000,5803.00
"Kepler-1127 b","Kepler-1127",0.0556000000,5.12330347000,0.000000,4.50000000,1.96000000,0.970000,0.950000,5664.00
"Kepler-1367 b","Kepler-1367",0.0236000000,1.57409027200,0.000000,0.72100000,0.92000000,0.620000,0.600000,4106.00
"Kepler-1900 b","Kepler-1900",0.0420000000,2.98622989700,0.000000,3.27000000,1.62314676,1.104000,1.041000,6173.00
"Kepler-1364 b","Kepler-1364",0.1284000000,13.32196237000,0.000000,5.27000000,2.15000000,1.490000,1.790000,6805.00
"Kepler-1646 b","Kepler-1646",0.0295000000,4.48558383000,0.000000,2.04000000,1.23000000,0.240000,0.260000,3299.00
"K2-177 b","K2-177",,14.15518500000,,5.13000000,2.11620480,1.210525,1.213565,6063.00
"K2-183 b","K2-183",,0.46928500000,,1.37000000,1.10000000,0.942219,0.870000,5482.00
"Kepler-165 c","Kepler-165",0.1100000000,15.31299000000,0.000000,5.60000000,2.23000000,0.746000,0.770000,5211.00
"Kepler-166 d","Kepler-166",0.0244900000,1.55400392800,0.000000,3.64000000,1.73000000,0.880000,0.830000,5350.00
"K2-187 e","K2-187",0.1106000000,13.60662900000,,4.27000000,1.90000000,0.966999,0.830000,5438.00
"K2-187 c","K2-187",0.0392000000,2.87151200000,,2.54000000,1.40000000,0.966999,0.830000,5438.00
"K2-189 b","K2-189",0.0361000000,2.58812000000,,2.55000000,1.40300000,0.850000,0.879000,5442.00
"K2-381 c","K2-381",,16.03465600000,,4.66000000,2.00000000,0.754000,0.675000,4473.00
"Kepler-229 b","Kepler-229",0.0620000000,6.25297200000,0.000000,5.48000000,2.20000000,0.808000,0.728000,5120.00
"Kepler-197 b","Kepler-197",0.0600000000,5.59930800000,0.020000,1.04000000,1.02000000,0.857000,1.120000,6004.00
"K2-176 b","K2-176",,5.32943900000,,2.83000000,1.49090097,0.938545,0.864160,5428.00
"K2-223 b","K2-223",0.0127000000,0.50557000000,,0.64000000,0.89000000,1.060000,1.000000,5859.00
"K2-368 d","K2-368",,20.20108500000,,4.45000000,1.94800000,0.746000,0.663000,4663.00
"Kepler-261 b","Kepler-261",0.0880000000,10.38122700000,0.000000,5.39000000,2.18000000,0.834000,0.794000,5098.00
"K2-368 c","K2-368",,9.66018600000,,2.42000000,1.36100000,0.746000,0.663000,4663.00
"CoRoT-7 b","CoRoT-7",0.0170160000,0.85359163000,0.000000,4.07660518,1.68135000,0.820000,0.830000,5275.00
"K2-226 b","K2-226",0.0409500000,3.27109000000,0.220000,2.98000000,1.53899305,0.856000,0.889000,5288.00
"K2-227 b","K2-227",,13.62183200000,,3.41000000,1.66551298,0.950811,0.890666,5673.00
"K2-229 b","K2-229",0.0131000000,0.58421600000,0.000000,2.55000000,1.00000000,0.870000,0.790000,5315.00
"K2-343 b","K2-343",,2.78717400000,,3.36000000,1.65000000,0.490000,0.460000,3804.00
"EPIC 212624936 c","EPIC 212624936",,11.81143700000,,5.90000000,2.30000000,1.000000,0.930000,5765.00
"K2-379 b","K2-379",,8.77724700000,,5.40000000,2.18100000,0.856000,0.751000,4603.00
"K2-202 b","K2-202",,3.40516400000,,5.91000000,2.30165603,0.971461,0.910685,5491.00
"K2-343 c","K2-343",,7.67697200000,,4.74000000,2.02000000,0.490000,0.460000,3804.00
"K2-342 b","K2-342",,11.56105200000,,4.78000000,2.03000000,1.010000,1.090000,5920.00
"Kepler-260 b","Kepler-260",0.0750000000,8.18739900000,0.000000,4.70000000,2.01000000,1.013000,0.862000,5250.00
"K2-381 d","K2-381",,26.80302300000,,3.50000000,1.68900000,0.754000,0.675000,4473.00
"K2-381 b","K2-381",,7.93893340000,,1.26000000,1.07500000,0.754000,0.675000,4473.00
"K2-384 d","K2-384",,6.67958200000,,2.52000000,1.39200000,0.330000,0.348000,3623.00
"K2-352 c","K2-352",,8.23488500000,,4.35000000,1.92000000,0.980000,0.950000,5791.00
"K2-384 c","K2-384",,4.19476600000,,1.82000000,1.19100000,0.330000,0.348000,3623.00
"K2-205 b","K2-205",,26.67226300000,,4.64000000,1.99552771,0.951027,1.077574,5890.00
"K2-209 b","K2-209",,2.08061500000,,0.58600000,0.86850263,0.744790,0.712365,4720.00
"Kepler-745 b","Kepler-745",0.0915000000,9.93143556000,0.000000,5.31000000,2.16000000,1.040000,1.040000,5849.00
"K2-211 b","K2-211",0.0141900000,0.66956100000,0.190000,2.33000000,1.33162691,0.851000,0.818000,5117.00
"Kepler-262 c","Kepler-262",0.1520000000,21.85372200000,0.000000,3.33000000,1.64000000,0.816000,0.881000,5841.00
"K2-394 b","K2-394",,5.09571700000,,3.51000000,1.69200000,0.478000,0.631000,4938.00
"GJ 581 e","GJ 581",0.0279900000,3.14810000000,0.012000,2.48000000,1.38000000,0.295000,0.302000,3500.00
"Kepler-744 b","Kepler-744",0.0973500000,12.06222443000,0.000000,3.26000000,1.62000000,0.940000,0.930000,5594.00
"Kepler-764 b","Kepler-764",0.0724000000,7.33683936000,0.000000,3.33000000,1.64000000,0.920000,0.890000,5557.00
"HD 20794 b","HD 20794",0.1257000000,18.31400000000,0.064000,2.70000000,1.45000000,0.790000,0.930000,5368.00
"HD 156668 b","HD 156668",0.0500000000,4.64550000000,0.000000,4.15000000,1.87000000,0.772000,0.720000,4850.00
"Kepler-746 b","Kepler-746",0.0435000000,3.48159251000,0.000000,1.41000000,1.11000000,0.910000,0.930000,5418.00
"K2-133 b","K2-133",0.0319400000,3.07133000000,,2.36000000,1.34000000,0.461000,0.455000,3655.00
"Kepler-286 b","Kepler-286",0.0270000000,1.79630200000,0.000000,2.07000000,1.24000000,0.830000,0.863000,5580.00
"Kepler-69 b","Kepler-69",0.0940000000,13.72234100000,0.160000,5.65000000,2.24000000,0.810000,0.930000,5638.00
"K2-138 b","K2-138",0.0338500000,2.35309000000,0.048000,3.10000000,1.51000000,0.935000,0.863000,5356.30
"TOI-663 b","TOI-663",0.0295000000,2.59890200000,,4.45000000,2.27000000,0.514000,0.512000,3681.00
"Kepler-283 b","Kepler-283",0.0820000000,11.00815100000,0.000000,5.18000000,2.13000000,0.596000,0.566000,4351.00
"TOI-663 d","TOI-663",0.0576000000,7.10272680000,,5.20000000,1.92000000,0.514000,0.512000,3681.00
"HD 20794 e","HD 20794",0.5090000000,147.02000000000,0.290000,4.77000000,2.03000000,0.813000,0.930000,5401.00
"K2-239 b","K2-239",0.0441000000,5.24000000000,,1.37000000,1.10000000,0.400000,0.360000,3420.00
"TOI-880.02","TOI-880",0.0349000000,2.57571000000,,5.43000000,2.19000000,0.870000,0.830000,5050.00
"K2-239 d","K2-239",0.0685000000,10.11500000000,,1.37000000,1.10000000,0.400000,0.360000,3420.00
"Kepler-778 b","Kepler-778",0.0453000000,3.75574426000,0.000000,3.46000000,1.68000000,0.810000,0.770000,5102.00
"K2-157 b","K2-157",0.0096200000,0.36525750000,,1.14000000,0.93500000,0.890000,0.860000,5334.00
"K2-148 b","K2-148",0.0454000000,4.38395000000,,2.33000000,1.33000000,0.650000,0.632000,4079.00
"K2-148 d","K2-148",0.0774000000,9.75790000000,,3.33000000,1.64000000,0.650000,0.632000,4079.00
"K2-152 b","K2-152",0.1716000000,32.64790000000,,5.86000000,2.29000000,0.630000,0.610000,4044.00
"K2-243 c","K2-243",0.1817000000,24.94598000000,,4.70000000,2.01000000,1.290000,1.390000,6570.00
"K2-162 b","K2-162",0.0795000000,9.45889000000,,2.67000000,1.44000000,0.750000,0.690000,4842.00
"tau Cet h","tau Cet",0.2430000000,49.41000000000,0.230000,1.83000000,1.19000000,0.783000,0.830000,5310.00
"K2-154 c","K2-154",0.0677000000,7.95486000000,,4.94000000,2.07000000,0.650000,0.630000,4097.00
"K2-155 b","K2-155",0.0562000000,6.34200000000,,3.89000000,1.80000000,0.650000,0.580000,4258.00
"YZ Cet d","YZ Cet",0.0285100000,4.65626000000,0.070000,1.09000000,1.03000000,0.142000,0.157000,3151.00
"Kepler-90 i","KOI-351",0.1201380843,14.44912000000,0.000000,2.30000000,1.32000000,1.120000,1.290000,6015.00
"GJ 667 C g","GJ 667 C",0.5490000000,256.20000000000,0.080000,4.60000000,1.99000000,0.330000,,3350.00
"Kepler-504 b","Kepler-504",0.0646000000,9.54927542200,0.000000,3.15000000,1.59000000,0.330000,0.330000,3519.00
"K2-221 b","K2-221",,2.39909400000,,3.46000000,1.67890272,1.010842,0.947599,5716.00
"K2-130 b","K2-130",0.0320000000,2.49412000000,0.170000,2.10000000,1.25000000,0.695630,0.744261,4356.47
"K2-129 b","K2-129",0.0570000000,8.23949300000,0.130000,1.12000000,1.04000000,0.360031,0.360010,3459.09
"K2-233 b","K2-233",0.0329300000,2.46758300000,0.000000,2.40000000,1.31500000,0.790000,0.710000,4796.00
"Kepler-814 b","Kepler-814",0.0695000000,6.14698510000,0.000000,5.14000000,2.12000000,1.150000,1.220000,6162.00
"Kepler-962 b","Kepler-962",0.0987400000,12.05707239000,0.000000,4.54000000,1.97000000,0.930000,0.860000,5478.00
"HD 101581 b","HIP 56998",0.0460000000,4.46569000000,,0.82700000,0.95600000,0.653000,0.630000,4675.00
"Kepler-922 b","Kepler-922",0.0179500000,0.93846683200,0.000000,2.60000000,1.42000000,0.950000,0.930000,5671.00
"Barnard c","Barnard's star",0.0274000000,4.12440000000,0.080000,0.33500000,0.74300000,0.162000,0.185000,3195.00
"TOI-6281 b","TOI-6281",,1.05426244177,,4.36000000,1.92416074,0.650000,0.874219,4533.23
"Barnard b","Barnard's star",0.0229000000,3.15420000000,0.030000,0.29900000,0.72000000,0.162000,0.185000,3195.00
"Barnard e","Barnard's star",0.0381000000,6.73920000000,0.040000,0.19300000,0.63700000,0.162000,0.185000,3195.00
"TIC 38825265 b","TIC 38825265",,3.31336980985,,5.43000000,2.18869476,0.640000,0.664503,4375.52
"Kepler-1012 b","Kepler-1012",0.0606600000,5.50860439000,0.000000,2.21000000,1.29000000,0.950000,0.910000,5556.00
"LHS 1678 d","LHS 1678",0.0400000000,4.96522290000,0.036000,0.90700000,0.98100000,0.345000,0.329000,3490.00
"Kepler-935 b","Kepler-935",0.0527000000,4.88083852000,0.000000,2.39000000,1.35000000,0.780000,0.730000,4830.00
"Kepler-879 c","Kepler-879",,0.64671600000,,0.03640000,0.40000000,0.974000,1.022000,5456.75
"Wolf 1069 b","Wolf 1069",0.0672000000,15.56400000000,,1.26000000,1.08000000,0.167000,0.181300,3158.00
"Kepler-1026 b","Kepler-1026",0.1977000000,36.51560530000,0.000000,5.52000000,2.21000000,0.790000,0.750000,4948.00
"G 261-6 b","G 261-6",0.0297100000,5.45360000000,0.000000,1.37000000,1.10000000,0.118000,0.153162,2907.00
"TOI-5789 d","TOI-5789",0.1756000000,29.65000000000,0.096000,4.29000000,1.91000000,0.821000,0.833000,5185.00
"TOI-5789 b","TOI-5789",0.0360800000,2.76369000000,0.000000,2.12000000,1.26000000,0.821000,0.833000,5185.00
"K2-411 b","K2-411",0.0511000000,3.21410000000,,0.93700000,0.98980000,1.018000,1.375000,5711.00
"Kepler-348 b","Kepler-348",0.0760000000,7.05677000000,0.000000,2.92000000,1.52000000,1.189000,1.359000,6177.00
"Kepler-332 b","Kepler-332",0.0700000000,7.62632400000,0.000000,1.71000000,1.17000000,0.743000,0.720000,4955.00
"Kepler-914 b","Kepler-914",0.0545400000,4.40966548000,0.000000,2.48000000,1.38000000,1.100000,1.150000,5877.00
"K2-413 c","K2-413",0.0426000000,5.33010000000,,2.05000000,1.23270000,0.808000,0.700000,4116.00
"TOI-6086 b","TOI-6086",0.0154100000,1.38887250000,,1.76000000,1.18000000,0.254000,0.259000,3200.00
"HIP 29442 c","TOI-469",0.0451800000,3.53795590000,,4.50000000,1.55100000,0.901000,0.980000,5289.00
"HD 63433 d","HD 63433",0.0503000000,4.20907500000,0.160000,1.25000000,1.07300000,0.990000,0.912000,5688.00
"Kepler-1768 b","Kepler-1768",0.1286000000,15.13589954000,0.000000,5.62000000,2.23346338,1.240000,1.572000,6050.00
"Kepler-981 b","Kepler-981",0.0535000000,4.46975773600,0.000000,5.95000000,2.31000000,0.980000,0.960000,5718.00
"HIP 113103 b","HIP 113103",0.0689900000,7.61030300000,0.170000,4.00000000,1.82900000,0.761000,0.742000,4930.00
"TIC 260969020 b","TIC 260969020",,8.48584501953,,5.59000000,2.22686612,0.750000,0.689880,4572.94
"Kepler-1053 b","Kepler-1053",0.0315000000,2.41435165400,0.000000,0.90400000,0.98000000,0.740000,0.690000,4529.00
"Kepler-102 d","Kepler-102",0.0861800000,10.31176700000,0.092000,3.00000000,1.15400000,0.803000,0.724000,4909.00
"Kepler-347 b","Kepler-347",0.1100000000,12.79836000000,0.000000,4.54000000,1.97000000,0.922000,1.005000,6088.00
"Kepler-1032 b","Kepler-1032",0.0361000000,3.29011795300,0.000000,4.16000000,1.87000000,0.770000,0.710000,4647.00
"GJ 1002 c","GJ 1002",0.0738000000,21.20200000000,,1.36000000,1.10000000,0.120000,0.137000,3024.00
"Kepler-932 b","Kepler-932",0.0287600000,1.92143739600,0.000000,2.45000000,1.37000000,0.870000,0.840000,5331.00
"Kepler-138 d","Kepler-138",0.1288000000,23.09230000000,0.010000,2.10000000,1.51000000,0.535000,0.535000,3841.00
"Kepler-973 b","Kepler-973",0.2489000000,49.60773310000,0.000000,4.50000000,1.96000000,0.860000,0.780000,5213.00
"Kepler-408 b","Kepler-408",0.0359200000,2.46502000000,0.000000,5.00000000,0.82000000,1.080000,1.230000,6104.00
"GJ 3988 b","GJ 3988",0.0405000000,6.94420000000,0.000000,3.69000000,1.74000000,0.184200,0.197340,3273.00
"Kepler-958 b","Kepler-958",0.0863100000,9.76788050000,0.000000,4.90000000,2.06000000,0.910000,0.860000,5421.00
"TOI-5624 d","TOI-5624",0.1067000000,13.73146800000,0.000000,4.90000000,3.58400000,0.858000,0.820000,5327.00
"Kepler-20 e","Kepler-20",0.0637000000,6.09848820000,0.092000,0.76000000,0.82100000,0.929000,0.916400,5495.00
"Kepler-507 b","Kepler-507",0.0478100000,3.56809692600,0.000000,5.69692195,1.30000000,1.160000,1.320000,6113.00
"HN Lib b","HN Lib",0.1417000000,36.11600000000,0.079000,5.46000000,2.20000000,0.291000,0.299000,3347.00
"Kepler-399 b","Kepler-399",0.1030000000,14.42528100000,0.000000,0.84000000,0.96000000,0.902000,0.680000,5502.00
"Kepler-110 c","Kepler-110",0.1980000000,31.71977500000,0.000000,5.52000000,2.21000000,0.989000,1.149000,5960.00
"Kepler-1248 b","Kepler-1248",0.0806000000,7.46725407000,0.000000,1.76000000,1.18000000,1.210000,1.210000,6149.00
"Kepler-1269 b","Kepler-1269",0.2361100000,37.33315360000,0.000000,3.29000000,1.63000000,1.100000,1.150000,5998.00
"Kepler-1870 b","Kepler-1870",0.0452000000,3.60694003100,0.000000,5.07000000,2.10143764,0.955000,0.840000,5508.00
"Kepler-236 b","Kepler-236",0.0650000000,8.29561100000,0.000000,3.09000000,1.57000000,0.596005,0.510000,3750.00
"Kepler-125 c","Kepler-125",0.0510000000,5.77446400000,0.000000,0.33000000,0.74000000,0.542101,0.512000,3810.00
"Kepler-126 c","Kepler-126",0.1620000000,21.86974100000,0.190000,1.27942148,1.58000000,1.108000,1.358000,6239.00
"Kepler-400 c","Kepler-400",0.1340000000,17.34082400000,0.000000,2.83000000,1.49000000,1.080000,1.145000,5886.00
"Kepler-1089 b","Kepler-1089",0.0497000000,5.13248561800,0.000000,4.01000000,1.83000000,0.520000,0.490000,3753.00
"Kepler-102 f","Kepler-102",0.1656000000,27.45359200000,0.100000,4.30000000,0.86100000,0.803000,0.724000,4909.00
"Kepler-1223 b","Kepler-1223",0.1186000000,16.30125900000,0.000000,1.98000000,1.22000000,0.800000,0.750000,4870.00
"Kepler-1853 b","Kepler-1853",0.2395000000,48.88819885000,0.000000,2.92000000,1.51862272,0.765000,0.788000,4821.00
"Kepler-369 b","Kepler-369",0.0300000000,2.73275600000,0.000000,1.51000000,1.13000000,0.500000,0.471000,3591.00
"Kepler-1227 b","Kepler-1227",0.3855500000,94.28875770000,0.000000,5.86000000,2.29000000,0.970000,0.950000,5747.00
"Kepler-215 c","Kepler-215",0.1130000000,14.66710800000,0.000000,3.78000000,1.77000000,0.788000,1.027000,5739.00
"Kepler-267 c","Kepler-267",0.0600000000,6.87745000000,0.000000,5.18000000,2.13000000,0.541571,0.555000,4258.00
"Kepler-373 c","Kepler-373",0.1260000000,16.72594800000,0.000000,2.07000000,1.24000000,0.981000,0.845000,5787.00
"Kepler-329 b","Kepler-329",0.0610000000,7.41639700000,0.000000,2.54000000,1.40000000,0.602000,0.523000,4257.00
"HD 219134 c","HD 219134",0.0653000000,6.76458000000,0.062000,4.36000000,1.51100000,0.810000,0.778000,4699.00
"Kepler-1198 b","Kepler-1198",0.0732000000,7.68477160000,0.000000,2.76000000,1.47000000,0.930000,0.900000,5517.00
"Kepler-161 c","Kepler-161",0.0680000000,7.06424000000,0.000000,3.61000000,2.05000000,0.853000,0.806000,5078.00
"Kepler-1319 b","Kepler-1319",0.0296000000,2.88676264500,0.330000,2.36000000,1.34000000,0.560000,0.540000,3655.00
"Kepler-374 b","Kepler-374",0.0290000000,1.89780600000,0.000000,1.08000000,1.03000000,1.033000,0.911000,5977.00
"Kepler-305 e","Kepler-305",0.0401700000,3.20538000000,0.000000,3.87000000,1.79381530,0.820000,0.827279,4974.00
"Kepler-11 f","Kepler-11",0.2500000000,46.68880000000,0.013000,2.00000000,2.49000000,0.961000,1.065000,5663.00
"Kepler-1251 b","Kepler-1251",0.2478000000,45.09046430000,0.000000,4.04000000,1.84000000,0.920000,0.890000,5545.00
"Kepler-1857 b","Kepler-1857",0.0830800000,8.94340992000,0.000000,4.50000000,1.96065412,0.873000,1.005000,6074.00
"Kepler-190 c","Kepler-190",0.0450000000,3.76302400000,0.000000,2.73000000,1.46000000,0.834000,0.795000,5106.00
"Kepler-123 c","Kepler-123",0.1810000000,26.69507400000,0.000000,2.79000000,1.48000000,1.079000,1.264000,6089.00
"Kepler-380 c","Kepler-380",0.0780000000,7.63000400000,0.000000,2.15000000,1.27000000,0.990000,1.224000,6045.00
"Kepler-283 c","Kepler-283",0.3410000000,92.74371100000,0.000000,3.97000000,1.82000000,0.596000,0.566000,4351.00
"Kepler-85 b","Kepler-85",0.0788500000,8.30000000000,0.020000,1.84000000,1.77800000,0.928000,0.875000,5505.20
"Kepler-1884 b","Kepler-1884",0.0845000000,8.98832035100,0.000000,3.95000000,1.81406781,0.993000,0.906000,5984.00
"Kepler-381 b","Kepler-381",0.0660000000,5.62902100000,0.000000,0.93700000,0.99000000,1.144000,1.568000,6152.00
"Kepler-84 d","Kepler-84",0.0520000000,4.22453700000,0.000000,2.48000000,1.38000000,1.060000,1.169000,6031.00
"Kepler-334 b","Kepler-334",0.0610000000,5.47031900000,0.000000,1.46000000,1.12000000,1.022000,1.068000,5828.00
"Kepler-285 c","Kepler-285",0.0640000000,6.18667600000,0.000000,1.46000000,1.12000000,0.915000,0.808000,5411.00
"Kepler-1232 b","Kepler-1232",0.1654500000,26.78391830000,0.000000,4.38000000,1.93000000,0.920000,0.890000,5471.00
"Kepler-204 c","Kepler-204",0.1730000000,25.66059300000,0.000000,3.86000000,1.79000000,1.038000,1.238000,5812.00
"Kepler-515 b","Kepler-515",0.1333000000,19.96371318000,0.000000,2.73000000,1.46000000,0.900000,0.830000,5293.00
"Kepler-1877 b","Kepler-1877",0.0347200000,2.37756991400,0.000000,0.17900000,0.62408600,1.022000,0.936000,5615.00
"Kepler-1679 b","Kepler-1679",0.0892000000,9.75376000000,0.000000,4.93000000,2.06920360,0.960000,0.873196,5501.00
"Kepler-1278 b","Kepler-1278",0.0441700000,3.23941344000,0.000000,1.01000000,1.01000000,1.110000,1.160000,6074.00
"Kepler-1864 b","Kepler-1864",0.0490000000,3.88151001900,0.000000,0.35300000,0.75408365,1.030000,0.979000,5854.00
"Kepler-1324 b","Kepler-1324",0.0466000000,4.11584467900,0.000000,2.89000000,1.51000000,0.780000,0.730000,4776.00
"Kepler-226 d","Kepler-226",0.0760000000,8.10904400000,0.000000,1.98000000,1.22000000,0.904000,0.802000,5571.00
"Kepler-221 b","Kepler-221",0.0370000000,2.79590600000,0.000000,5.95575000,1.71000000,0.854000,0.821000,5243.00
"Kepler-352 b","Kepler-352",0.0850000000,10.05537000000,0.000000,0.56600000,0.86000000,0.798000,0.781000,5212.00
"Kepler-382 c","Kepler-382",0.0970000000,12.16270100000,0.000000,3.15000000,1.59000000,1.002000,0.945000,5600.00
"Kepler-336 b","Kepler-336",0.0330000000,2.02482300000,0.000000,1.04000000,1.02000000,1.090000,1.304000,5867.00
"Kepler-267 d","Kepler-267",0.1540000000,28.46451500000,0.000000,5.77000000,2.27000000,0.541571,0.555000,4258.00
"Kepler-384 c","Kepler-384",0.2360000000,45.34826900000,0.000000,1.51000000,1.13000000,0.882000,0.882000,5577.00
"Kepler-299 e","Kepler-299",0.2200000000,38.28548900000,0.000000,4.16000000,1.87000000,1.004000,1.032000,5617.00
"Kepler-1104 b","Kepler-1104",0.0632100000,5.03728015000,0.000000,2.04000000,1.23000000,1.300000,1.410000,6417.00
"Kepler-1987 e","Kepler-1987",0.0765000000,8.74292005000,0.000000,4.35000000,1.92000000,0.799000,0.714000,4769.00
"Kepler-1688 b","Kepler-1688",0.0577000000,5.62012000000,0.000000,2.13000000,1.26174569,0.814000,0.746000,4632.11
"Kepler-55 f","Kepler-55",0.0810000000,10.19854500000,0.000000,3.15000000,1.59000000,0.631000,0.619000,4503.00
"Kepler-1669 d","Kepler-1669",0.0468000000,4.72941177000,0.000000,1.98000000,1.22000000,0.609000,0.603000,4224.00
"Kepler-69 c","Kepler-69",0.6400000000,242.46130000000,0.140000,3.57000000,1.71000000,0.810000,0.930000,5638.00
"Kepler-1067 c","Kepler-1067",0.0606900000,5.42583990100,0.000000,3.70000000,1.74682428,0.981000,0.934000,5594.00
"Kepler-299 d","Kepler-299",0.1180000000,15.05478600000,0.000000,4.12000000,1.86000000,1.004000,1.032000,5617.00
"Kepler-208 c","Kepler-208",0.0790000000,7.46662300000,0.000000,2.51000000,1.39000000,1.082000,1.314000,6092.00
"Kepler-354 d","Kepler-354",0.1460000000,24.20984200000,0.000000,2.07000000,1.24000000,0.652000,0.674000,4648.00
"Kepler-1114 b","Kepler-1114",0.1105600000,14.97435694000,0.000000,2.39000000,1.35000000,0.870000,0.830000,5374.00
"Kepler-114 d","Kepler-114",0.0835800000,11.77600000000,0.000000,3.90000000,2.53000000,0.560000,0.540000,4660.00
"Kepler-303 c","Kepler-303",0.0570000000,7.06114900000,0.000000,1.55000000,1.14000000,0.575000,0.485000,3944.00
"Kepler-1212 b","Kepler-1212",0.1082000000,12.94130146000,0.000000,5.22000000,2.14000000,1.100000,1.150000,6051.00
"Kepler-394 c","Kepler-394",0.1100000000,12.13068600000,0.000000,3.39000000,1.66000000,0.870000,1.132000,6402.00
"Kepler-393 c","Kepler-393",0.1240000000,14.61361200000,0.000000,2.33000000,1.33000000,1.256000,1.382000,6189.00
"Kepler-185 b","Kepler-185",0.0260000000,1.63290000000,0.000000,1.71000000,1.17000000,0.763000,0.806000,5208.00
"Kepler-1283 b","Kepler-1283",0.1062000000,12.94609780000,0.000000,4.31000000,1.91000000,1.160000,1.250000,6175.00
"Kepler-1331 b","Kepler-1331",0.0142000000,0.78916165300,0.000000,1.16000000,1.05000000,0.720000,0.690000,4508.00
"Kepler-319 b","Kepler-319",0.0510000000,4.36270500000,0.000000,3.29000000,1.63000000,0.933000,0.903000,5526.00
"Kepler-1084 b","Kepler-1084",0.0324000000,2.05333679000,0.000000,1.41000000,1.11000000,1.120000,1.280000,6113.00
"Kepler-1108 b","Kepler-1108",0.0511000000,4.51005748000,0.000000,2.73000000,1.46000000,0.880000,0.840000,5406.00
"Kepler-155 c","Kepler-155",0.2420000000,52.66179300000,0.000000,5.65000000,2.24000000,0.635000,0.620000,4508.00
"Kepler-1370 b","Kepler-1370",0.1576300000,20.26416840000,0.000000,4.04000000,1.84000000,1.190000,1.290000,6202.00
"Kepler-252 b","Kepler-252",0.0580000000,6.66839100000,0.000000,2.04000000,1.23000000,0.610000,0.549000,4208.00
"Kepler-360 c","Kepler-360",0.0750000000,7.18643400000,0.000000,5.06000000,2.10000000,0.994000,1.058000,6053.00
"Kepler-520 c","Kepler-520",0.0603500000,5.21104261000,0.000000,1.24000000,1.07000000,1.100000,1.090000,6112.00
"Kepler-1244 b","Kepler-1244",0.0502000000,3.70428172000,0.000000,2.39000000,1.35000000,1.460000,1.770000,6680.00
"Kepler-169 c","Kepler-169",0.0620000000,6.19546900000,0.000000,1.92000000,1.21000000,0.825000,0.763000,4997.00
"Kepler-97 b","Kepler-97",0.0356300000,2.58664000000,0.000000,3.51000000,1.48000000,0.940000,0.980000,5779.00
"Kepler-1336 b","Kepler-1336",0.1584500000,23.19868100000,0.000000,4.58000000,1.98000000,0.940000,1.300000,5512.00
"Kepler-301 d","Kepler-301",0.1120000000,13.75124300000,0.000000,3.71000000,1.75000000,1.022000,0.900000,5815.00
"Kepler-104 d","Kepler-104",0.2570000000,51.75539400000,0.000000,5.54022107,3.58000000,0.818000,1.349000,5711.00
"Kepler-212 b","Kepler-212",0.1330000000,16.25758200000,0.000000,1.32000000,1.09000000,1.166000,1.455000,5852.00
"Kepler-1372 b","Kepler-1372",0.0240000000,1.31155556800,0.000000,2.15000000,1.27000000,0.980000,0.970000,5677.00
"Kepler-364 b","Kepler-364",0.1780000000,25.74571800000,0.000000,3.02000000,1.55000000,1.076000,1.284000,6108.00
"HD 191939 d","HD 191939",0.2132000000,38.35303700000,0.031000,2.80000000,2.99500000,0.810000,0.940000,5348.00
"TOI-1752 c","TOI-1752",0.1614000000,32.71443000000,,5.86000000,2.29000000,0.524000,0.530000,3762.00
"Kepler-1705 c","Kepler-1705",,11.28000000000,0.028000,5.42000000,2.05000000,1.139000,1.259000,6312.00
"Kepler-1408 b","Kepler-1408",0.0421800000,2.99793191000,0.000000,0.64000000,0.89000000,1.210000,1.350000,6170.00
"Teegarden's Star b","Teegarden's Star",0.0259000000,4.90634000000,0.030000,1.16000000,1.05000000,0.097000,0.120000,3034.00
"Kepler-1410 b","Kepler-1410",0.2543000000,60.86616800000,0.000000,3.82000000,1.78000000,0.630000,0.600000,4092.00
"K2-315 b","K2-315",,3.14431890000,,0.80900000,0.95000000,0.174000,0.196000,3300.00
"Kepler-296 c","Kepler-296",0.0521000000,5.84163660000,0.330000,4.66000000,2.00000000,0.498000,0.480000,3740.00
"GJ 514 b","GJ 514",0.4220000000,140.43000000000,0.450000,5.20000000,2.13000000,0.510000,0.500000,3728.00
"Kepler-876 b","Kepler-876",0.0549000000,5.14438011000,0.000000,2.63000000,1.43000000,0.810000,0.770000,5060.00
"Kepler-1894 c","Kepler-1894",0.0576000000,5.05368985000,0.000000,1.92000000,1.21000000,0.999000,0.901000,5772.00
"TOI-712 b","TOI-712",0.0792800000,9.53136100000,0.540000,4.85000000,2.04900000,0.732000,0.674000,4622.00
"Kepler-303 b","Kepler-303",0.0240000000,1.93705500000,0.000000,0.64000000,0.89000000,0.575000,0.485000,3944.00
"Kepler-271 c","Kepler-271",0.0699300000,7.41086267000,0.000000,0.80900000,0.95000000,0.900000,0.870000,5555.00
"K2-400 b","K2-400",,3.86505300000,,1.67000000,1.16300000,0.374000,0.382000,3578.00
"TOI-2094 b","TOI-2094",0.1360000000,18.79319300000,,4.27000000,1.90000000,0.425000,0.384000,3435.00
"HD 164922 d","HD 164922",0.1030000000,12.45800000000,0.120000,4.00000000,1.83000000,0.926000,0.946000,5390.00
"Kepler-402 b","Kepler-402",0.0510000000,4.02875100000,0.000000,1.98000000,1.22000000,1.072000,1.264000,6090.00
"EPIC 201841433 b","EPIC 201841433",0.0350000000,4.16980000000,,1.12000000,1.04000000,0.802000,0.628461,5053.00
"K2-318 b","K2-318",0.0911000000,7.01000000000,,3.39000000,1.66000000,0.561000,0.552000,3851.00
"EPIC 206215704 b","EPIC 206215704",,2.25543600000,,0.97200000,1.00000000,0.407000,0.250000,3297.00
"Kepler-848 b","Kepler-848",0.0758600000,6.91134416000,0.000000,3.53000000,1.70000000,1.010000,1.200000,5695.00
"TOI-799 b","TOI-799",,5.54519139676,,4.92000000,2.06631784,1.000000,0.915519,5662.81
"Kepler-822 b","Kepler-822",0.0407800000,3.22296927300,0.000000,3.78000000,1.77000000,1.060000,1.080000,5928.00
"TOI-808 b","TOI-808",,9.73944854026,,5.49000000,2.20344362,0.870000,0.833198,5078.20
"Kepler-1371 c","Kepler-1371",0.0293700000,2.00541269000,0.000000,0.19600000,0.64000000,0.870000,0.830000,5361.00
"EPIC 212587672 b","EPIC 212587672",,15.28078000000,,2.13000000,1.26000000,0.990000,0.980000,6004.00
"K2-408 b","K2-408",,20.97895900000,,3.45000000,1.67700000,0.813000,0.784000,5335.00
"Kepler-1423 b","Kepler-1423",0.1586000000,23.95537800000,0.000000,1.20000000,1.06000000,0.790000,0.750000,4939.00
"Kepler-1888 b","Kepler-1888",0.0956000000,11.39169979000,0.000000,2.32000000,1.32578716,0.897000,1.249000,5557.00
"Kepler-1901 b","Kepler-1901",0.0453000000,3.48412990600,0.000000,2.77000000,1.47418907,1.022000,0.921000,5696.00
"K2-374 c","K2-374",,16.43445000000,,5.53000000,2.21300000,0.731000,0.907000,5789.00
"TOI-1860 b","TOI-1860",0.0204000000,1.06621070000,,2.27000000,1.31000000,0.990000,0.940000,5752.00
"Kepler-1395 b","Kepler-1395",0.0497400000,3.78470649000,0.000000,0.43700000,0.80000000,1.170000,1.230000,6138.00
"Kepler-1905 b","Kepler-1905",0.0451000000,3.42392993000,0.000000,2.69000000,1.44607340,1.038000,1.015000,5788.00
"GJ 682 b","GJ 682",0.0800000000,17.47800000000,0.080000,4.40000000,1.93000000,0.270000,0.298255,3028.00
"TOI-2194 b","TOI-2194",,15.33759700000,,4.61000000,1.98920000,0.740000,0.690900,4756.00
"Kepler-102 e","Kepler-102",0.1162000000,16.14569940000,0.089000,4.70000000,2.17000000,0.803000,0.724000,4909.00
"K2-384 b","K2-384",,2.23152700000,,1.26000000,1.07600000,0.330000,0.348000,3623.00
"Kepler-430 c","Kepler-430",0.4757000000,110.97900000000,0.000000,3.71000000,1.75000000,1.166000,1.485000,5884.00
"Kepler-1963 b","Kepler-1963",0.0291500000,1.96226000800,0.000000,0.33700000,0.74437023,0.915000,0.979000,5726.00
"Kepler-1711 b","Kepler-1711",0.1463000000,21.06080055000,0.000000,4.36000000,1.92300000,0.940000,1.034000,5706.00
"Kepler-348 c","Kepler-348",0.1380000000,17.26542700000,0.000000,2.33000000,1.33000000,1.189000,1.359000,6177.00
"Kepler-174 c","Kepler-174",0.2140000000,44.00052900000,0.000000,2.83000000,1.49000000,0.602000,0.622000,4880.00
"Kepler-1468 b","Kepler-1468",0.0817000000,8.23984869000,0.000000,3.64000000,1.73000000,1.040000,1.050000,5893.00
"KMT-2021-BLG-1391L b","KMT-2021-BLG-1391L",2.2900000000,,,4.55000000,1.97000000,0.370000,,
"Kepler-195 c","Kepler-195",0.1970000000,34.09686300000,0.000000,3.02000000,1.55000000,0.867000,0.775000,5329.00
"TOI-2267 d","TOI-2267 B",0.0145000000,2.03446710000,,3.78000000,1.77000000,0.098900,0.130000,3022.00
"Kepler-1254 c","Kepler-1254",0.0422000000,3.60084276000,0.000000,2.24000000,1.30000000,0.780000,0.750000,4985.00
"Kepler-208 d","Kepler-208",0.1030000000,11.13178600000,0.000000,1.87000000,1.20000000,1.082000,1.314000,6092.00
"Kepler-1525 b","Kepler-1525",0.0355700000,2.41660118300,0.000000,0.69300000,0.91000000,1.070000,1.040000,5748.00
"Kepler-1645 b","Kepler-1645",0.1285000000,16.17795610000,0.000000,3.82000000,1.78000000,1.020000,1.020000,5812.00
"PSR B1257+12 d","PSR B1257+12",0.4600000000,98.21140000000,0.026400,3.90000000,1.80000000,1.400000,,
"Kepler-220 d","Kepler-220",0.1630000000,28.12239700000,0.000000,0.90400000,0.98000000,0.729000,0.666000,4632.00
"Kepler-1949 b","Kepler-1949",0.0352000000,2.20828008700,0.000000,5.56000000,2.21964541,1.194000,1.454000,6028.00
"OGLE-2005-BLG-390L b","OGLE-2005-BLG-390L",2.6000000000,3285.00000000000,,5.50000000,2.21000000,0.220000,,
"Kepler-220 b","Kepler-220",0.0460000000,4.15980700000,0.000000,0.45700000,0.81000000,0.729000,0.666000,4632.00
"Kepler-154 e","Kepler-154",0.0476600000,3.93276465000,0.000000,2.86000000,1.50000000,0.980000,0.980000,5769.00
"Kepler-390 c","Kepler-390",0.1010000000,13.06002200000,0.000000,0.41800000,0.79000000,0.787000,0.776000,5166.00
"Kepler-1814 c","Kepler-1814",0.0133000000,0.62628176600,0.000000,3.75000000,1.76000000,0.790000,0.823000,4922.00
"Kepler-1588 b","Kepler-1588",0.0741900000,7.84931739000,0.000000,0.36300000,0.76000000,0.960000,0.990000,5817.00
"Kepler-158 c","Kepler-158",0.1580000000,28.55138300000,0.000000,4.27000000,1.90000000,0.655000,0.624000,4623.00
"OGLE-2017-BLG-0173L b","OGLE-2017-BLG-0173L",3.9130000000,,,3.26900000,1.62000000,0.396000,,
"Kepler-968 c","Kepler-968",0.0520000000,5.70940491800,0.000000,3.50000000,1.69000000,0.760000,0.700000,4598.00
"Kepler-28 b","Kepler-28",0.0568700000,5.91000000000,0.000000,1.63000000,1.95900000,0.684000,0.664000,4499.30
"OGLE-2013-BLG-0341L B b","OGLE-2013-BLG-0341L B",0.7020000000,,,1.66000000,1.16000000,0.112700,,
"KMT-2017-BLG-0428L b","KMT-2017-BLG-0428L",1.8100000000,,,5.59000000,2.23000000,0.340000,,
"KMT-2019-BLG-1806L b","KMT-2019-BLG-1806L",3.0200000000,,,4.67000000,2.00000000,0.740000,,
"Kepler-1616 b","Kepler-1616",0.0731800000,6.76284377000,0.000000,1.04000000,1.02000000,1.210000,1.340000,6266.00
"Kepler-362 b","Kepler-362",0.0870000000,10.32718600000,0.000000,0.61500000,0.88000000,0.904000,0.722000,5788.00
"Kepler-81 c","Kepler-81",0.0834700000,12.04000000000,0.000000,4.30000000,2.37000000,0.640000,0.590000,4385.00
"KMT-2016-BLG-1105L b","KMT-2016-BLG-1105L",2.4400000000,,,2.32000000,1.33000000,0.410000,,
"Kepler-1144 b","Kepler-1144",0.1291000000,17.14647302000,0.000000,4.62000000,1.99000000,0.980000,0.960000,5753.00
"TOI-201 d","TOI-201",0.0698000000,5.84889000000,0.300000,5.80000000,1.39000000,1.320000,1.310000,6423.00
"Kepler-373 b","Kepler-373",0.0600000000,5.53530900000,0.000000,2.42000000,1.36000000,0.981000,0.845000,5787.00
"Kepler-377 c","Kepler-377",0.1820000000,27.01497600000,0.000000,4.90000000,2.06000000,1.043000,1.224000,5949.00
"Kepler-444 d","Kepler-444",0.0600000000,6.18939200000,0.180000,0.20000000,0.53000000,0.758000,0.752000,5046.00
"Kepler-1649 b","Kepler-1649",0.0514000000,8.68909900000,0.000000,1.03000000,1.01700000,0.197700,0.231700,3240.00
"Kepler-179 c","Kepler-179",0.0640000000,6.40013000000,0.000000,4.66000000,2.00000000,0.893000,0.759000,5302.00
"Kepler-1787 b","Kepler-1787",0.2270000000,39.31370163000,0.000000,5.99000000,2.31898181,1.008000,0.925000,6060.00
"Kepler-1542 b","Kepler-1542",0.0476500000,3.95116882000,0.000000,0.36300000,0.76000000,0.940000,0.990000,5564.00
"Kepler-1444 b","Kepler-1444",0.2090600000,33.42035034000,0.000000,5.39000000,2.18000000,1.030000,1.050000,5810.00
"Kepler-1997 b","Kepler-1997",0.1815000000,26.75758660000,0.000000,5.82000000,2.28000000,1.111000,1.052000,6215.00
"K2-168 b","K2-168",,15.85230000000,,4.12000000,1.86000000,0.877000,0.830000,5502.70
"Kepler-730 c","Kepler-730",0.0399700000,2.85188338000,0.000000,3.09000000,1.56926000,1.047000,1.411000,5620.00
"Kepler-1585 b","Kepler-1585",0.0445000000,3.58274630000,0.000000,3.86000000,1.79000000,0.940000,0.910000,5538.00
"Kepler-1961 b","Kepler-1961",0.0588000000,5.60471010200,0.000000,3.25000000,1.61878080,0.871000,0.777000,5401.00
"Kepler-1446 b","Kepler-1446",0.0140500000,0.68996783200,0.000000,0.47700000,0.82000000,0.810000,0.750000,4865.00
"Kepler-342 c","Kepler-342",0.1850000000,26.23413800000,0.000000,4.50000000,1.96000000,1.213000,1.472000,6175.00
"Kepler-1638 b","Kepler-1638",0.7450000000,259.33683000000,0.000000,4.16000000,1.87000000,0.970000,0.950000,5710.00
"K2-146 b","K2-146",0.0248000000,2.64460000000,0.129000,5.77000000,2.05000000,0.331000,0.330000,3385.00
"Kepler-1590 b","Kepler-1590",0.0711600000,7.61760804000,0.000000,1.55000000,1.14000000,1.110000,1.160000,6053.00
"K2-83 b","K2-83",0.0301400000,2.74697000000,0.070000,2.08000000,1.24400000,0.484000,0.424000,3910.00
"Kepler-1683 b","Kepler-1683",0.1182000000,15.03370000000,0.000000,4.17000000,1.87477762,0.950000,0.900327,5429.00
"Kepler-1653 b","Kepler-1653",0.4706000000,140.25240000000,0.000000,5.35000000,2.17000000,0.719000,0.693000,4807.00
"Kepler-343 c","Kepler-343",0.1670000000,23.22182000000,0.000000,4.74000000,2.02000000,1.055000,1.433000,5807.00
"Kepler-354 b","Kepler-354",0.0540000000,5.47666000000,0.000000,4.04000000,1.84000000,0.652000,0.674000,4648.00
"Kepler-1434 b","Kepler-1434",0.0917000000,8.05333618000,0.000000,1.41000000,1.11000000,1.470000,2.040000,6291.00
"K2-122 b","K2-122",0.0373000000,2.21930230000,0.210000,1.65000000,1.16000000,0.630000,0.590000,4009.00
"Kepler-1046 b","Kepler-1046",0.1185800000,14.37508035000,0.000000,3.57000000,1.71000000,1.040000,1.040000,5913.00
"Kepler-1907 c","Kepler-1907",0.1037100000,14.86390018000,0.000000,1.63000000,1.15547044,0.752000,0.800000,5159.00
"Kepler-1594 b","Kepler-1594",0.0396000000,2.71603809000,0.000000,1.20000000,1.06000000,1.060000,1.080000,5946.00
"Kepler-438 b","Kepler-438",0.1660000000,35.23319000000,0.030000,1.46000000,1.12000000,0.544000,0.520000,3748.00
"Kepler-1455 b","Kepler-1455",0.2149000000,49.27676400000,0.000000,5.31000000,2.16000000,0.620000,0.600000,4075.00
"K2-345 b","K2-345",,10.36743700000,,5.10000000,2.11000000,0.560000,0.520000,3779.00
"Kepler-1133 b","Kepler-1133",0.0983000000,11.55562343000,0.000000,4.54000000,1.97000000,0.930000,0.900000,5569.00
"Kepler-1953 b","Kepler-1953",0.0607000000,6.24565982800,0.000000,2.20000000,1.28574667,0.786000,0.707000,4858.00
"Kepler-251 b","Kepler-251",0.0530000000,4.79093600000,0.000000,2.33000000,1.33000000,0.891000,0.890000,5526.00
"Kepler-370 c","Kepler-370",0.1400000000,19.02293000000,0.000000,4.31000000,1.91000000,0.982000,0.900000,5852.00
"Kepler-1161 b","Kepler-1161",0.0784000000,10.71252541000,0.000000,5.18000000,2.13000000,0.590000,0.570000,4253.00
"Kepler-1181 c","Kepler-1181",0.0928000000,8.93484887000,0.000000,4.01000000,1.83000000,1.336000,1.347000,6688.00
"Kepler-1599 b","Kepler-1599",0.4823000000,122.36355300000,0.000000,3.26000000,1.62000000,0.990000,0.990000,5767.00
"Kepler-442 b","Kepler-442",0.4090000000,112.30530000000,0.040000,2.36000000,1.34000000,0.609000,0.598000,4402.00
"Kepler-1185 b","Kepler-1185",0.4297000000,104.35189760000,0.000000,2.33000000,1.33000000,0.960000,0.870000,5622.00
"Kepler-1070 b","Kepler-1070",0.0675300000,6.22161470000,0.000000,3.64000000,1.73000000,1.210000,1.320000,6261.00
"Kepler-1162 b","Kepler-1162",0.1900000000,32.56370690000,0.000000,5.52000000,2.21000000,0.890000,0.840000,5390.00
"Kepler-1560 b","Kepler-1560",0.0417500000,3.03195744000,0.000000,0.64000000,0.89000000,1.020000,1.020000,5815.00
"Kepler-1702 b","Kepler-1702",0.1275000000,18.50120000000,0.000000,3.20000000,1.60190793,0.850000,0.725742,5093.00
"Kepler-1621 b","Kepler-1621",0.4204000000,92.26371400000,0.000000,5.31000000,2.16000000,1.150000,1.240000,6158.00
"Kepler-1972 c","Kepler-1972",0.1049300000,11.32950000000,0.043000,2.11000000,0.86800000,1.120000,1.384000,5818.00
"Kepler-42 d","Kepler-42",0.0154000000,1.86516900000,0.020000,0.35778500,0.57000000,0.130000,0.170000,3068.00
"Kepler-1050 b","Kepler-1050",0.1235300000,15.37875460000,0.000000,3.19000000,1.60000000,1.090000,1.130000,6010.00
"Kepler-1164 b","Kepler-1164",0.0463500000,3.97599768000,0.000000,1.46000000,1.12000000,0.850000,0.790000,5183.00
"Kepler-1464 c","Kepler-1464",0.0610100000,5.32786292000,0.000000,0.97200000,1.00000000,1.020000,1.010000,5828.00
"Kepler-594 b","Kepler-594",0.1089000000,13.64618192000,0.000000,5.39000000,2.18000000,0.910000,0.870000,5485.00
"Kepler-150 b","Kepler-150",0.0440000000,3.42805400000,0.000000,2.10000000,1.25000000,0.956000,0.939000,5560.00
"Kepler-1499 b","Kepler-1499",0.2322500000,44.20080000000,0.000000,1.81000000,1.19000000,0.820000,0.780000,5097.00
"Kepler-1498 b","Kepler-1498",0.2528000000,48.05140500000,0.000000,2.33000000,1.33000000,0.860000,0.810000,5256.00
"Kepler-611 b","Kepler-611",0.0351000000,2.43703330200,0.000000,3.36000000,1.65000000,1.010000,1.010000,5761.00
"Kepler-1141 b","Kepler-1141",0.0349600000,2.34451194400,0.000000,0.47700000,0.82000000,1.010000,1.070000,5791.00
"Kepler-1073 b","Kepler-1073",0.0805000000,8.67888593000,0.000000,5.90000000,2.30000000,1.000000,1.000000,5792.00
"Kepler-157 d","Kepler-157",0.0706000000,7.02573474000,0.000000,2.73000000,1.46000000,1.020000,1.030000,5866.00
"Kepler-632 b","Kepler-632",0.1885000000,30.99660733000,0.000000,5.52000000,2.21000000,0.910000,0.840000,5322.00
"Kepler-253 b","Kepler-253",0.0460000000,3.78398600000,0.000000,3.29000000,1.63000000,0.860000,0.786000,5208.00
"Kepler-1119 b","Kepler-1119",0.0812000000,8.32651530000,0.000000,4.35000000,1.92000000,1.110000,1.170000,6083.00
"Kepler-1710 b","Kepler-1710",0.1158300000,14.91110039000,0.000000,3.49494179,3.19744103,0.932000,0.899000,5650.00
"Kepler-1928 b","Kepler-1928",0.1940000000,19.57783000000,0.430000,4.63000000,1.99200000,1.010000,0.920000,5720.00
"KOI-7368 b","KOI-7368",0.0678000000,6.84303440000,0.000000,5.56000000,2.22000000,0.879000,0.874000,5241.00
"Kepler-26 d","Kepler-26",0.0390000000,3.54391900000,0.000000,1.24000000,1.07000000,0.593000,0.571000,4486.00
"HD 93385 b","HD 93385",0.0756000000,7.34260000000,0.295000,4.20000000,1.88000000,1.040000,1.184840,5977.00
"TOI-4529 b","TOI-4529",,5.87957700000,,4.90000000,1.77000000,0.482000,0.480000,3697.00
"Kepler-906 b","Kepler-906",0.2236300000,41.69799760000,0.000000,5.10000000,2.11000000,1.060000,1.020000,6035.00
"Kepler-780 b","Kepler-780",0.0150000000,0.67737516400,0.000000,0.64000000,0.89000000,1.010000,1.020000,5769.00
"TOI-1634 b","TOI-1634",0.0154400000,0.98934551000,0.000000,4.90000000,1.75900000,0.502000,0.450000,3550.00
"Kepler-121 c","Kepler-121",0.2160000000,41.00801100000,0.000000,5.77000000,2.27000000,0.859000,0.701000,5311.00
"TOI-4342 c","TOI-4342",0.0804000000,10.68866200000,0.000000,4.80000000,2.34900000,0.587000,0.598000,3866.00
"Kepler-168 b","Kepler-168",0.0560000000,4.42539100000,0.000000,2.73000000,1.46000000,1.113000,1.107000,6282.00
"HD 137496 b","HD 137496",0.0273200000,1.62116000000,0.000000,4.04000000,1.31000000,1.040000,1.590000,5799.00
"Kepler-761 b","Kepler-761",0.0874000000,10.12804789000,0.000000,4.78000000,2.03000000,0.950000,0.930000,5706.00
"TOI-4578 b","TOI-4578",,8.62392630369,,5.77000000,2.26974262,1.077000,0.878735,5951.32
"HD 108236 c","HD 108236",0.0620000000,6.20344900000,0.034000,4.94000000,2.07100000,0.869000,0.877000,5660.00
"K2-392 b","K2-392",,15.39872300000,,4.08000000,1.85000000,0.841000,1.058000,5726.00
"Kepler-273 c","Kepler-273",0.0730000000,8.01492700000,0.000000,4.58000000,1.98000000,0.756000,0.815000,5626.00
"GJ 3138 c","GJ 3138",0.0570000000,5.97400000000,0.110000,4.18000000,1.88000000,0.681000,0.500000,3717.00
"Kepler-181 b","Kepler-181",0.0400000000,3.13787300000,0.000000,2.15000000,1.27000000,0.810000,0.749000,5333.00
"GJ 273 b","GJ 273",0.0911010000,18.64980000000,0.100000,2.89000000,1.51000000,0.290000,0.293000,3382.00
"Kepler-271 b","Kepler-271",0.0878400000,10.43547805000,0.000000,2.04000000,1.23000000,0.900000,0.870000,5555.00
"GJ 273 c","GJ 273",0.0364670000,4.72340000000,0.170000,1.18000000,1.06000000,0.290000,0.293000,3382.00
"HD 110113 b","HD 110113",0.0350000000,2.54100000000,0.093000,4.55000000,2.05000000,0.997000,0.968000,5732.00
"K2-398 b","K2-398",,6.39302500000,,5.79000000,2.27400000,0.945000,1.239000,5946.00
"Kepler-833 b","Kepler-833",0.1139000000,18.75469980000,0.000000,4.74000000,2.02000000,0.640000,0.620000,4339.00
"Kepler-294 b","Kepler-294",0.0480000000,3.70121200000,0.000000,3.78000000,1.77000000,0.947000,0.976000,5913.00
"Kepler-309 b","Kepler-309",0.0590000000,5.92365300000,0.000000,3.05000000,1.56000000,0.816000,0.721000,4713.00
"Kepler-270 b","Kepler-270",0.1070000000,11.47609400000,0.000000,4.70000000,2.01000000,1.170000,1.461000,6067.00
"LHS 1678 b","LHS 1678",0.0123900000,0.86023250000,0.033000,0.35000000,0.68500000,0.345000,0.329000,3490.00
"Kepler-903 b","Kepler-903",0.0908100000,10.35077210000,0.000000,4.70000000,2.01000000,0.980000,0.970000,5682.00
"EPIC 211822797 b","EPIC 211822797",0.1195000000,21.17019630000,0.060000,4.35000000,1.92000000,0.620000,0.580000,4057.00
"K2-254 c","K2-254",0.0923000000,12.11839000000,,5.43000000,2.19000000,0.710000,0.670000,4629.00
"HD 39194 d","HD 39194",0.1949000000,33.87400000000,0.159000,5.16000000,2.12000000,0.860000,0.783742,5205.00
"Kepler-1756 b","Kepler-1756",0.0319000000,2.35575008400,0.000000,2.77000000,1.47199944,0.781000,0.812000,4915.00
"EPIC 206317286 c","EPIC 206317286",,17.51547200000,,5.03000000,2.09400000,0.832000,0.758000,4752.00
"Kepler-195 b","Kepler-195",0.0770000000,8.30787200000,0.000000,4.78000000,2.03000000,0.867000,0.775000,5329.00
"K2-28 b","K2-28",0.0214000000,2.26045500000,0.000000,5.99000000,2.32000000,0.257000,0.288000,3214.00
"K2-42 b","K2-42",0.0617000000,6.68796000000,,5.27000000,2.15000000,0.702000,0.643000,4613.00
"Kepler-452 b","Kepler-452",1.0460000000,384.84300000000,0.000000,3.29000000,1.63000000,1.037000,1.110000,5757.00
"Kepler-220 c","Kepler-220",0.0760000000,9.03419900000,0.000000,3.09000000,1.57000000,0.729000,0.666000,4632.00
"K2-35 b","K2-35",0.0310000000,2.39996400000,0.130000,2.30000000,1.32000000,0.701968,0.619575,4402.71
"K2-368 b","K2-368",,5.02559800000,,2.34000000,1.33200000,0.746000,0.663000,4663.00
"K2-43 b","K2-43",0.0378400000,3.47114900000,0.070000,18.50000000,4.51000000,0.571000,0.542000,3840.60
"Kepler-1176 b","Kepler-1176",0.1589000000,24.17385790000,0.000000,6.57000000,2.45000000,1.010000,1.020000,5844.00
"Kepler-368 c","Kepler-368",0.3600000000,72.37933400000,0.000000,14.30000000,3.88000000,1.165000,2.019000,5502.00
"K2-123 b","K2-123",0.1649000000,30.95152400000,0.060000,8.05000000,2.76000000,0.620000,0.590000,4035.00
"K2-107 b","K2-107",0.0475000000,3.31395900000,0.000000,266.97720000,15.98000000,1.300000,1.810000,6061.00
"K2-45 b","K2-45",0.0224000000,1.72926840000,0.100000,36.40000000,6.71000000,0.503000,0.445000,4103.00
"K2-365 b","K2-365",,23.44817200000,,8.78000000,2.90600000,0.823000,1.051000,5561.00
"K2-127 b","K2-127",0.0411000000,3.58816300000,0.120000,52.90000000,8.37000000,0.720000,0.660000,4575.00
"K2-195 b","K2-195",0.1208000000,15.85297500000,,9.96000000,3.13000000,0.940000,0.990000,5713.00
"K2-229 c","K2-229",0.0769000000,8.32727000000,0.000000,7.00000000,2.03000000,0.870000,0.790000,5315.00
"HAT-P-3 b","HAT-P-3",0.0386600000,2.89970000000,0.000000,206.58950000,10.53646000,1.060000,0.870000,5185.00
"HAT-P-67 b","HAT-P-67",0.0650500000,4.81010690000,0.000000,143.02278315,23.98721870,1.730000,2.620000,6640.00
"Kepler-1101 b","Kepler-1101",0.3483000000,81.31510590000,0.000000,6.66000000,2.47000000,0.940000,0.910000,5614.00
"Kepler-1388 b","Kepler-1388",0.0882000000,12.28546030000,0.000000,7.22000000,2.59000000,0.630000,0.610000,4098.00
"Kepler-937 b","Kepler-937",0.3214000000,67.66882700000,0.000000,13.40000000,3.72000000,1.150000,1.220000,6095.00
"Kepler-1789 b","Kepler-1789",0.3543000000,80.23190308000,0.000000,8.40000000,2.83137505,0.920000,0.888000,5436.00
"Kepler-461 b","Kepler-461",0.0789500000,8.31378305900,0.000000,7.18000000,2.58000000,0.980000,0.910000,5634.00
"Kepler-576 b","Kepler-576",0.1790000000,29.91136794000,0.000000,10.70000000,3.27000000,0.990000,0.970000,5672.00
"Kepler-666 b","Kepler-666",0.0542000000,4.49876092000,0.000000,6.35000000,2.40000000,1.030000,1.050000,5887.00
"Kepler-211 c","Kepler-211",0.0620000000,6.04045000000,0.000000,18.30000000,1.29000000,0.867000,0.816000,5123.00
"GJ 674 b","GJ 674",0.0390000000,4.69380000000,0.200000,11.09000000,3.33000000,0.350000,0.364630,3600.00
"HD 69830 c","HD 69830",0.1860000000,31.56000000000,0.130000,11.80000000,3.46000000,0.860000,0.886947,5385.00
"HD 107148 b","HD 107148",0.2690000000,48.05600000000,0.050000,66.74100000,9.60000000,1.120000,1.169193,5797.00
"HD 179949 b","HD 179949",0.0443000000,3.09251400000,0.022000,291.12000000,13.90000000,1.210000,1.266865,6168.00
"HD 46375 b","HD 46375",0.0398000000,3.02357300000,0.063000,71.80000000,10.00000000,0.920000,0.914196,5285.00
"HD 109749 b","HD 109749",0.0615000000,5.23989100000,0.000000,85.81410000,11.10000000,1.130000,1.220000,5824.00
"HD 224693 b","HD 224693",0.1910000000,26.69040000000,0.104000,222.48100000,14.00000000,1.310000,1.930000,5894.00
"HIP 14810 d","HIP 14810",1.9400000000,981.80000000000,0.185000,187.51970000,14.10000000,1.010000,1.070000,5544.00
"HD 207832 b","HD 207832",0.5860000000,160.07000000000,0.197000,177.98480000,14.20000000,1.050000,0.890000,5726.00
"HD 211810 b","HD 211810",2.6560000000,1558.00000000000,0.680000,212.94610000,14.00000000,1.030000,1.130000,5652.00
"HD 221416 b","HD 221416",0.1228000000,14.27670000000,0.115000,60.50000000,9.17000000,1.212000,2.943000,5080.00
"Kepler-595 b","Kepler-595",0.1582000000,25.30290920000,0.000000,17.40000000,3.70800000,0.930000,0.821000,5138.50
"Lupus-TR-3 b","Lupus-TR-3",0.0464000000,3.91405000000,0.000000,257.43100000,9.97600000,0.870000,0.820000,5000.00
"WASP-21 b","WASP-21",0.0520000000,4.32248200000,0.000000,95.34500000,11.99000000,1.010000,1.060000,5800.00
"CoRoT-12 b","CoRoT-12",0.0401600000,2.82804200000,0.070000,291.43800000,16.14000000,1.078000,1.116000,5675.00
"HD 285968 b","HD 285968",0.0660000000,8.78360000000,0.000000,8.40000000,2.83000000,0.500000,0.478214,3703.49
"HD 16417 b","HD 16417",0.1400000000,17.24000000000,0.200000,22.10000000,5.00000000,1.200000,1.639984,5841.00
"HD 9446 b","HD 9446",0.1890000000,30.05200000000,0.200000,222.47200000,14.00000000,1.000000,1.000000,5793.00
"Kepler-4 b","Kepler-4",0.0456000000,3.21346000000,0.000000,24.47200000,4.00200000,1.223000,1.487000,5857.00
"GJ 876 c","GJ 876",0.1295900000,30.08810000000,0.255910,226.98460000,14.00000000,0.320000,0.300000,3293.74
"TOI-907.01","TOI-907",0.0552254810,4.58491290000,,67.00000000,9.61588510,1.069357,2.059789,6272.00
"WASP-31 b","WASP-31",0.0465900000,3.40590960000,0.000000,151.91600000,17.36300000,1.163000,1.252000,6302.00
"Kepler-9 d","Kepler-9",0.0273000000,1.59285100000,0.000000,8.41466053,1.64000000,1.070000,1.020000,5777.00
"HD 90156 b","HD 90156",0.2500000000,49.77000000000,0.310000,17.98000000,4.43000000,0.840000,0.920286,5599.00
"HD 177830 c","HD 177830",0.5137000000,110.90000000000,0.300000,47.67250000,7.87000000,1.470000,2.620000,4949.00
"ups And b","ups And",0.0592216600,4.61703300000,0.021500,218.53100000,14.00000000,1.300000,1.560000,6156.77
"OGLE-2017-BLG-0373L b","OGLE-2017-BLG-0373L",2.4240000000,,,127.00000000,14.00000000,0.248000,,
"Kepler-1737 b","Kepler-1737",0.2970000000,64.61750031000,0.000000,25.10000000,5.39500000,0.834000,0.881000,5043.00
"TOI-1249 b","TOI-1249",0.1090000000,13.07915100000,0.000000,11.90000000,3.27103010,1.006200,0.978500,5497.00
"Kepler-106 d","Kepler-106",0.1606300000,23.98020000000,0.000000,8.10000000,0.95000000,1.000000,1.040000,5858.00
"CD-35 2722 B b","CD-35 2722 B",0.2000000000,171.11000000000,0.270000,292.40213444,13.90000000,0.035000,0.159000,1800.00
"OGLE-2014-BLG-0319L b","OGLE-2014-BLG-0319L",3.4900000000,,,181.16219199,14.10000000,0.520000,,
"KMT-2022-BLG-0303L b","KMT-2022-BLG-0303L",4.8100000000,,,163.04597279,14.20000000,0.368000,,
"WASP-123 b","WASP-123",0.0426300000,2.97764359000,0.000000,285.72917000,15.13212395,1.166000,1.285000,5740.00
"KOI-984 b","KOI-984",0.0504000000,4.28817850000,0.120000,17.10000000,4.30000000,0.928000,0.818000,5295.00
"Kepler-802 b","Kepler-802",0.2265000000,40.05874730000,0.000000,12.30000000,3.54000000,0.930000,0.900000,5507.00
"KMT-2023-BLG-1454L b","KMT-2023-BLG-1454L",1.1800000000,,,200.23189641,14.10000000,0.170000,,
"Kepler-949 b","Kepler-949",0.0773900000,8.68930729600,0.000000,8.80000000,2.91000000,0.890000,0.860000,5403.00
"KMT-2023-BLG-1592L b","KMT-2023-BLG-1592L",3.9000000000,,,184.34047606,14.10000000,0.550000,,
"KMT-2017-BLG-1057L b","KMT-2017-BLG-1057L",2.3600000000,,,23.50000000,5.19000000,0.570000,,
"KMT-2025-BLG-1616L b","KMT-2025-BLG-1616L",1.6000000000,,,42.32000000,7.34000000,0.260000,,
"Kepler-62 f","Kepler-62",0.7180000000,267.29100000000,0.000000,35.00000000,1.41000000,0.690000,0.640000,4925.00
"OGLE-2016-BLG-1598L b","OGLE-2016-BLG-1598L",2.5000000000,,,120.77479466,13.60000000,0.550000,,
"HATS-44 b","HATS-44",0.0364900000,2.74390040000,0.279000,177.98480000,11.96000300,0.860000,0.847000,5080.00
"KMT-2021-BLG-0192L b","KMT-2021-BLG-0192L",1.6200000000,,,34.96112477,6.56000000,0.270000,,
"Kepler-49 b","Kepler-49",0.0592900000,7.20000000000,0.000000,9.77000000,2.57900000,0.607000,0.618000,4095.60
"Kepler-218 c","Kepler-218",0.2480000000,44.69957600000,0.000000,10.00000000,3.14000000,1.019000,1.063000,5502.00
"GJ 328 c","GJ 328",0.6570000000,241.80000000000,,21.40000000,4.91000000,0.650000,0.630000,3897.00
"K2-212 b","K2-212",0.0785000000,9.79564700000,,7.51000000,2.65000000,0.622000,0.678000,4349.00
"KMT-2022-BLG-1818L c","KMT-2022-BLG-1818L",12.6000000000,,,114.41822652,13.20000000,0.790000,,
"Qatar-8 b","Qatar-8",0.0474000000,3.71495000000,0.000000,117.91493000,14.40356500,1.029000,1.315000,5738.00
"Kepler-74 b","Kepler-74",0.0781000000,7.34071100000,0.000000,200.22000000,10.76000000,1.180000,1.120000,6000.00
"OGLE-2017-BLG-0482L b","OGLE-2017-BLG-0482L",1.8000000000,,,9.00000000,2.95000000,0.200000,,
"K2-140 b","K2-140",0.0680000000,6.56918800000,0.000000,295.58041851,13.56286665,0.960000,1.060000,5585.00
"HD 184010 c","HD 184010",1.3340000000,484.30000000000,0.000000,95.34852210,11.80000000,1.350000,4.860000,4971.00
"EPIC 201595106 b","EPIC 201595106",0.0177000000,0.87724000000,0.000000,7.67000000,1.56500000,0.958000,0.980000,5679.00
"TOI-1203 e","TOI-1203",,204.59000000000,0.152000,42.10000000,7.31000000,0.886000,1.179000,5737.00
"Kepler-1781 b","Kepler-1781",0.0574000000,4.88752985000,0.000000,6.26000000,2.38091029,1.053000,0.957000,5568.00
"Kepler-57 c","Kepler-57",0.0958800000,11.60000000000,0.072500,6.86000000,2.19600000,0.859000,0.826000,5187.90
"K2-136 c","K2-136",0.1185000000,17.30723000000,0.047000,18.10000000,3.00000000,0.742000,0.677000,4500.00
"Kepler-464 b","Kepler-464",0.0793100000,7.25696522400,0.000000,10.90000000,3.30000000,1.210000,1.590000,5933.00
"Kepler-580 b","Kepler-580",0.0683000000,8.22241965600,0.000000,7.13000000,2.57000000,0.670000,0.640000,4298.00
"Kepler-637 b","Kepler-637",0.1661900000,23.20584623000,0.000000,20.20000000,4.75000000,1.640000,2.560000,6096.00
"HD 22946 d","HD 22946",0.2958000000,47.42489000000,,26.57000000,2.60700000,1.098000,1.117000,6169.00
"Kepler-873 b","Kepler-873",0.1542000000,20.55338440000,0.000000,13.50000000,3.75000000,1.180000,1.270000,6163.00
"HD 31527 c","HD 31527",0.2663000000,51.20530000000,0.040000,14.16000000,3.85000000,0.960000,1.073694,5898.00
"Kepler-1684 b","Kepler-1684",0.2253000000,47.70550000000,0.000000,8.60000000,2.87084792,0.750000,0.666755,4706.54
"DMPP-2 c","DMPP-2",0.0478900000,3.16800000000,0.280000,51.79000000,8.26000000,1.410000,1.780000,6500.00
"TOI-1062 b","TOI-1062",0.0520000000,4.11296000000,0.177000,10.15000000,2.26500000,0.940000,0.840000,5328.00
"TOI-1759 b","TOI-1759",0.1177000000,18.85019000000,0.000000,10.80000000,3.14000000,0.606000,0.597000,4065.00
"TOI-2285 b","TOI-2285",0.1363000000,13.63510900000,0.300000,19.50000000,1.77000000,0.454000,0.464000,3491.00
"Kepler-546 b","Kepler-546",0.0502000000,4.14702025800,0.000000,39.10000000,7.00000000,1.110000,1.150000,5967.00
"Kepler-682 b","Kepler-682",0.1058000000,12.61190667200,0.000000,42.60000000,7.37000000,0.920000,0.890000,5559.00
"TOI-220 b","TOI-220",0.0891100000,10.69526400000,0.032000,13.80000000,3.03000000,0.825000,0.858000,5298.00
"TOI-5624 f","TOI-5624",0.2366000000,45.37000000000,0.000000,13.00000000,3.66000000,0.858000,0.820000,5327.00
"Kepler-242 b","Kepler-242",0.0750000000,8.20395000000,0.000000,7.32000000,2.61000000,0.748000,0.850000,5020.00
"Kepler-258 b","Kepler-258",0.1030000000,13.19722000000,0.000000,15.50000000,4.06000000,0.820000,0.915000,4942.00
"TOI-4898 b","TOI-4898",,2.76520470167,,13.40000000,3.71979540,0.619077,0.639344,4201.57
"TOI-3278 b","TOI-3278",0.0430000000,3.24645600000,0.000000,95.34852210,13.89913607,1.040000,1.390000,5720.00
"Kepler-103 b","Kepler-103",0.1330000000,15.96532870000,0.171000,11.67000000,3.48570000,1.212000,1.492000,6047.00
"pi Men d","HD 39091",0.5060000000,124.64000000000,0.220000,13.38000000,3.72000000,1.070000,1.190000,5998.00
"Kepler-1058 b","Kepler-1058",0.3679000000,110.96546000000,0.000000,7.85000000,2.72000000,0.730000,0.690000,4644.00
"Kepler-346 c","Kepler-346",0.1680000000,23.85154900000,0.000000,9.64000000,3.07000000,0.943000,1.021000,6033.00
"Kepler-1914 b","Kepler-1914",0.1954000000,30.82789993000,0.000000,8.97000000,2.94298030,1.047000,0.960000,5982.00
"HATS-43 b","HATS-43",0.0494400000,4.38884970000,0.173000,82.95363000,13.22662000,0.837000,0.812000,5099.00
"Kepler-685 b","Kepler-685",0.0265000000,1.62552220000,0.000000,78.80000000,10.58000000,1.110000,1.160000,5963.00
"HIP 54373 c","HIP 54373",0.0990000000,15.14400000000,0.200000,12.44000000,3.57000000,0.570000,0.564998,4021.00
"HAT-P-46 b","HAT-P-46",0.0577000000,4.46312900000,0.123000,156.68400000,14.39200000,1.284000,1.396000,6120.00
"K2-396 c","K2-396",,25.76051000000,,9.93000000,3.12400000,0.954000,0.920000,5236.00
"TOI-913 b","TOI-913",,11.09864400000,,6.59000000,2.45280000,0.820000,0.732500,4969.00
"TOI-1105 b","TOI-1105",,10.86818410933,,9.58000000,3.05823658,0.740000,0.755833,4678.46
"Kepler-559 b","Kepler-559",0.1277000000,17.58752333000,0.000000,12.70000000,3.61000000,0.960000,0.950000,5630.00
"WASP-34 b","WASP-34",0.0524000000,4.31768000000,0.040000,177.98480000,11.20900000,0.960000,0.910000,5700.00
"Kepler-610 b","Kepler-610",0.0719000000,6.99692655400,0.000000,16.30000000,4.19000000,1.100000,1.130000,5943.00
"TOI-2322 c","TOI-2322",0.1362000000,20.22552800000,0.000000,18.10000000,1.87400000,0.703000,0.662000,4664.00
"Kepler-1916 b","Kepler-1916",0.2053000000,31.25429916000,0.000000,7.35000000,2.61757235,1.180000,1.092000,6246.00
"TIC 320419023 b","TIC 320419023",,5.26375651589,,8.11000000,2.77280763,1.056000,0.952319,5703.36
"K2-255 b","K2-255",0.0274000000,1.96417000000,,8.75000000,2.90000000,0.710000,0.690000,4676.00
"Kepler-1678 b","Kepler-1678",0.5302000000,147.97400000000,0.000000,10.90000000,3.30422249,1.030000,0.834976,5754.00
"Kepler-480 b","Kepler-480",0.0602400000,4.91958379500,0.000000,8.15000000,2.78000000,1.250000,1.340000,6322.00
"Kepler-1030 b","Kepler-1030",0.1338000000,19.32952416000,0.000000,6.71000000,2.48000000,0.800000,0.760000,4983.00
"TOI-1806.01","TOI-1806",0.0877350440,15.14546930000,,11.50000000,3.40953670,0.392935,0.401575,3272.00
"K2-141 c","K2-141",0.0683000000,7.74850000000,0.092000,8.00000000,7.00000000,0.708000,0.681000,4570.00
"K2-232 b","K2-232",0.1035600000,11.16845400000,0.258000,126.49634000,11.20900000,1.188000,1.161000,6154.00
"55 Cnc b","55 Cnc",0.1180000000,14.65155200000,0.002900,263.97850000,13.90000000,1.015000,0.980000,5198.00
"55 Cnc c","55 Cnc",0.2470000000,44.39360000000,0.088000,54.47380000,8.51000000,1.015000,0.980000,5198.00
"55 Cnc e","55 Cnc",0.0154400000,0.73654740000,0.050000,7.99000000,1.87500000,0.905000,0.943000,5172.00
"55 Cnc f","55 Cnc",0.8020000000,260.58000000000,0.063000,44.81200000,7.59000000,1.015000,0.980000,5198.00
"GJ 1214 b","GJ 1214",0.0150500000,1.58040453100,0.006200,8.41000000,2.73300000,0.182000,0.216200,3101.00
"GJ 436 b","GJ 436",0.0291000000,2.64388312000,0.138270,22.10000000,4.17000000,0.470000,0.455000,3586.11
"HAT-P-12 b","HAT-P-12",0.0384000000,3.21305980000,0.000000,67.05900000,10.74900000,0.733000,0.701000,4650.00
"HAT-P-13 b","HAT-P-13",0.0438300000,2.91625000000,0.013300,270.46200000,14.25800000,1.320000,1.756000,5653.00
"HAT-P-17 b","HAT-P-17",0.0892000000,10.33852000000,0.350000,184.34140000,11.76945000,0.990000,0.870000,5246.00
"HAT-P-18 b","HAT-P-18",0.0559000000,5.50802910000,0.030000,55.52462270,10.70457657,0.770000,0.717000,4870.00
"HAT-P-1 b","HAT-P-1",0.0556100000,4.46529976000,0.000000,166.86075000,14.78467100,1.151000,1.174000,5980.00
"HAT-P-26 b","HAT-P-26",0.0474800000,4.23452000000,0.120000,22.24810000,7.06167000,1.120000,0.870000,5079.00
"HAT-P-30 b","HAT-P-30",0.0419000000,2.81060000000,0.040000,263.79890000,16.14096000,1.550000,1.310000,6304.00
"HAT-P-32 b","HAT-P-32",0.0339700000,2.15000820000,0.159000,216.12440000,22.19382000,1.132000,1.367000,6001.00
"HD 149026 b","HD 149026",0.0436400000,2.87589000000,0.000000,120.77540000,8.29466000,1.420000,1.410000,6179.00
"HD 209458 b","HD 209458",0.0470700000,3.52474859000,0.000000,232.01590000,15.58051000,1.230000,1.190000,6091.00
"HD 86226 b","HD 86226",2.7300000000,1628.00000000000,0.059000,143.02350000,14.30000000,1.019000,1.053000,5863.00
"TrES-4 b","TrES-4",0.0508400000,3.55395000000,0.000000,247.90740000,18.04649000,1.080000,1.660000,6200.00
"WASP-15 b","WASP-15",0.0516500000,3.75210000000,0.000000,171.62820000,15.80469000,1.180000,1.480000,6300.00
"WASP-17 b","WASP-17",0.0515000000,3.73543000000,0.000000,247.90740000,20.96083000,2.280000,1.490000,6550.00
"WASP-25 b","WASP-25",0.0473000000,3.76483370000,0.000000,179.25522155,13.80946422,0.962000,0.884000,5697.00
"WASP-39 b","WASP-39",0.0482800000,4.05529410000,0.000000,89.31023000,14.33631100,0.913000,0.939000,5485.00
"WASP-6 b","WASP-6",0.0421700000,3.36100260000,0.054000,148.42586607,12.54284940,0.854000,0.790000,5438.00
"GJ 3470 b","GJ 3470",0.0355000000,3.33664960000,0.017000,13.90000000,4.57000000,0.539000,0.547000,3600.00
"WASP-63 b","WASP-63",0.0574000000,4.37808000000,0.000000,117.59710000,15.80469000,1.280000,1.860000,5550.00
"WASP-52 b","WASP-52",0.0272000000,1.74977980000,0.000000,146.20000000,14.24000000,0.870000,0.790000,5000.00
"WASP-80 b","WASP-80",0.0344000000,3.06785234000,0.002000,170.99254000,11.19779100,0.577000,0.586000,4143.00
"WASP-96 b","WASP-96",0.0453000000,3.42526020000,0.000000,152.55000000,13.45000000,1.060000,1.050000,5540.00
"WASP-94 A b","WASP-94 A",0.0550000000,3.95019000000,0.000000,158.91500000,17.71022000,1.670000,1.480000,6170.00
"WASP-94 B b","WASP-94 B",0.0335000000,2.00839000000,0.000000,196.41100000,14.10000000,1.240000,1.350000,6040.00
"WASP-69 b","WASP-69",0.0453000000,3.86813881000,0.000000,82.58000000,11.21000000,0.830000,0.801000,4792.00
"WASP-84 b","WASP-84",0.0778000000,8.52349648000,0.000000,220.00000000,10.72000000,0.853000,0.768000,5280.00
"WASP-20 b","WASP-20",0.0599900000,4.89964477000,0.000000,98.84100000,15.46839337,1.200000,1.242000,5940.00
"HATS-6 b","HATS-6",0.0362300000,3.32527250000,0.000000,101.38777000,11.18658200,0.574000,0.570000,3724.00
"K2-18 b","K2-18",0.1429000000,32.93962300000,0.200000,8.92000000,2.37000000,0.359000,0.411000,3457.00
"KELT-8 b","KELT-8",0.0455000000,3.24406000000,0.040000,209.76780000,18.15858000,0.810000,1.460000,5754.00
"WASP-47 d","WASP-47",0.0850000000,9.03050100000,0.001000,15.50000000,3.65000000,1.058000,1.156000,5565.00
"WASP-47 e","WASP-47",0.0167300000,0.78961000000,0.000000,9.00000000,1.83000000,1.058000,1.156000,5565.00
"WASP-76 b","WASP-76",0.0330000000,1.80988198000,0.000000,284.13859586,20.78145022,1.458000,1.756000,6329.00
"KELT-4 A b","KELT-4 A",0.0431700000,2.98959320000,0.000000,286.68266000,19.04409100,1.201000,1.603000,6206.00
"HIP 41378 b","HIP 41378",0.1303000000,15.57209000000,0.050000,6.90000000,2.64000000,1.220000,1.300000,6290.00
"HIP 41378 d","HIP 41378",1.1700000000,278.36180000000,0.063000,6.53000000,3.65000000,1.220000,1.300000,6290.00
"HIP 41378 e","HIP 41378",0.6800000000,393.00000000000,0.065000,7.62000000,5.19000000,1.220000,1.300000,6290.00
"HIP 41378 f","HIP 41378",1.3940000000,542.07970000000,0.052000,25.00000000,9.47000000,1.220000,1.300000,6290.00
"HD 3167 c","HD 3167",0.1794000000,29.84651100000,0.040000,11.41000000,2.98300000,0.864000,0.871000,5338.00
"HAT-P-65 b","HAT-P-65",0.0404200000,2.60544751000,0.304000,176.07693748,18.05766791,1.297000,1.666000,5872.00
"WASP-131 b","WASP-131",0.0608000000,5.32201250000,0.000000,86.76715511,13.74221034,1.060000,1.561000,5990.00
"WASP-139 b","WASP-139",0.0620000000,5.92426200000,0.000000,37.18611000,8.96720000,0.920000,0.800000,5310.00
"WASP-127 b","WASP-127",0.0484000000,4.17806203000,0.000000,52.34660100,14.69499900,0.950000,1.333000,5620.00
"HD 106315 b","HD 106315",0.0907000000,9.55237000000,0.093000,12.60000000,2.44000000,1.091000,1.296000,6327.00
"HD 106315 c","HD 106315",0.1536000000,21.05704000000,0.220000,15.20000000,4.35000000,1.091000,1.296000,6327.00
"KELT-11 b","KELT-11",0.0623000000,4.73620865000,0.000000,65.15482343,15.13212395,1.440000,2.690000,5375.00
"HD 3167 d","HD 3167",0.0770000000,8.39670000000,0.350000,7.30000000,2.61000000,0.864000,0.871000,5338.00
"WASP-107 b","WASP-107",0.0550000000,5.72148750000,0.052000,33.02237149,10.48039695,0.683000,0.657000,4425.00
"K2-18 c","K2-18",0.0600000000,8.96200000000,0.470000,7.51000000,2.65000000,0.359000,0.411000,3457.00
"NGTS-2 b","NGTS-2",0.0630000000,4.51116400000,0.000000,235.19420000,17.87835500,1.640000,1.702000,6478.00
"K2-287 b","K2-287",0.1206000000,14.89329100000,0.478000,100.11645000,9.49402300,1.056000,1.070000,5695.00
"HD 15337 b","HD 15337",0.0524500000,4.75598040000,0.058000,6.51900000,1.77000000,0.829000,0.855000,5131.00
"HD 15337 c","HD 15337",0.1235000000,17.18054600000,0.096000,6.79200000,2.52600000,0.829000,0.855000,5131.00
"V1298 Tau b","V1298 Tau",0.1685000000,24.14000600000,0.007900,13.10000000,9.41000000,1.100000,1.320000,4970.00
"WASP-166 b","WASP-166",0.0641000000,5.44354000000,0.000000,32.10083000,7.06167000,1.190000,1.220000,6050.00
"TOI-270 c","TOI-270",0.0452600000,5.66051000000,0.004400,6.20000000,2.33000000,0.386000,0.380000,3506.00
"GJ 357 d","GJ 357",0.2040000000,55.66100000000,,6.10000000,2.34000000,0.342000,0.337000,3505.00
"V1298 Tau d","V1298 Tau",0.1081000000,12.40139400000,0.008700,6.00000000,6.53000000,1.100000,1.320000,4970.00
"V1298 Tau e","V1298 Tau",0.2689000000,48.67771400000,0.012400,15.30000000,10.17000000,1.100000,1.320000,4970.00
"LP 791-18 c","LP 791-18",0.0296100000,4.98991000000,0.000100,7.16000000,2.48800000,0.139000,0.182000,2960.00
"TOI-125 b","TOI-125",0.0518600000,4.65382000000,0.194000,9.50000000,2.72600000,0.859000,0.848000,5320.00
"TOI-125 c","TOI-125",0.0814000000,9.15059000000,0.066000,6.63000000,2.75900000,0.859000,0.848000,5320.00
"TOI-125 d","TOI-125",0.1370000000,19.98000000000,0.168000,13.60000000,2.93000000,0.859000,0.848000,5320.00
"HATS-48 A b","HATS-48 A",0.0376900000,3.13166660000,0.162000,77.23269000,8.96720000,0.727900,0.715200,4546.00
"HATS-72 b","HATS-72",0.0665170000,7.32794740000,0.013000,39.85588200,8.09738160,0.731100,0.721400,4656.10
"TOI-1130 b","TOI-1130",0.0453000000,4.07455400000,0.052162,19.80000000,3.66000000,0.745000,0.697000,4360.00
"LTT 3780 c","LTT 3780",0.0757000000,12.25228400000,0.024000,8.04000000,2.39000000,0.381000,0.380000,3358.00
"TOI-1338 b","TOI-1338 A",0.4607000000,95.40010000000,0.033100,11.30000000,7.66100000,1.093600,1.313000,5723.20
"AU Mic b","AU Mic",0.0700000000,8.46344600000,0.070000,8.99000000,4.79000000,0.635000,0.862000,3540.00
"WASP-148 b","WASP-148",0.0821500000,8.80380900000,0.208000,91.21675281,8.47398941,0.954000,0.912000,5555.00
"WASP-148 c","WASP-148",0.2044000000,34.52400000000,0.180900,124.58873554,13.90000000,0.954000,0.912000,5555.00
"NGTS-11 b","NGTS-11",0.2010000000,35.45533000000,0.130000,109.33352000,9.15775300,0.862000,0.832000,5050.00
"TOI-849 b","TOI-849",0.0155000000,0.76554800000,0.000000,41.80000000,3.64000000,0.970000,0.970000,5257.00
"TOI-700 c","TOI-700",0.0929000000,16.05113700000,0.068000,7.27000000,2.60000000,0.415000,0.421000,3459.00
"HIP 67522 b","HIP 67522",0.0748000000,6.95947310000,0.064000,71.40000000,9.98720180,1.220000,1.380000,5675.00
"TOI-1899 b","TOI-1899",0.1525000000,29.09031200000,0.044000,212.94503269,11.09689089,0.632000,0.607000,3926.00
"HD 86226 c","HD 86226",0.0490000000,3.98442000000,0.075000,7.25000000,2.16000000,1.019000,1.053000,5863.00
"LTT 9779 b","LTT 9779",0.0167900000,0.79205200000,0.000000,29.32000000,4.72000000,1.020000,0.949000,5443.00
"TOI-824 b","TOI-824",0.0217700000,1.39297800000,,18.46700000,2.92600000,0.710000,0.695000,4600.00
"TOI-421 b","TOI-421",0.0554000000,5.19757600000,0.130000,6.70000000,2.64000000,0.833000,0.866000,5291.00
"TOI-421 c","TOI-421",0.1170000000,16.06754100000,0.190000,14.10000000,5.09000000,0.833000,0.866000,5291.00
"GJ 3473 c","GJ 3473",0.0876000000,15.50900000000,0.000000,7.41000000,2.63000000,0.360000,0.364000,3347.00
"WASP-107 c","WASP-107",,1091.00000000000,0.315000,111.23994245,13.00000000,0.683000,0.657000,4425.00
"TOI-776 c","TOI-776",0.1001000000,15.66532300000,0.089000,6.90000000,2.04700000,0.542000,0.547000,3725.00
"TOI-561 d","TOI-561",0.1587000000,25.71268000000,0.111000,13.33000000,2.61500000,0.806000,0.843000,5342.00
"TOI-561 e","TOI-561",0.3300000000,77.14400000000,0.074000,12.40000000,2.51700000,0.806000,0.843000,5342.00
"TOI-451 d","TOI-451",0.1168000000,16.36496200000,0.000000,10.20000000,3.93000000,0.930000,0.850000,5490.00
"TOI-1231 b","TOI-1231",0.1288000000,24.24558600000,0.087000,15.40000000,3.65000000,0.485000,0.476000,3553.00
"TOI-674 b","TOI-674",0.0250000000,1.97714300000,0.000000,23.60000000,5.25000000,0.420000,0.420000,3514.00
"TOI-2076 b","TOI-2076",0.0878100000,10.35504000000,0.011400,6.70000000,2.59000000,0.849000,0.758000,5187.00
"TOI-2076 c","TOI-2076",0.1407000000,21.01447000000,0.036000,7.20000000,3.54000000,0.849000,0.758000,5187.00
"TOI-2076 d","TOI-2076",0.1982000000,35.12803000000,0.027000,7.30000000,3.27000000,0.849000,0.758000,5187.00
"AU Mic c","AU Mic",0.1190000000,18.85902300000,0.180000,14.46000000,2.79000000,0.635000,0.862000,3540.00
"TOI-431 d","TOI-431",0.0980000000,12.46103000000,0.000000,9.90000000,3.29000000,0.780000,0.731000,4850.00
"HD 63935 b","HD 63935",0.0830000000,9.05880700000,0.000000,10.50000000,2.91575244,0.940600,0.959800,5513.00
"HD 63935 c","HD 63935",0.1480000000,21.40270000000,0.000000,11.10000000,3.06451296,0.940600,0.959800,5513.00
"HATS-75 b","HATS-75",0.0327420000,2.78865560000,0.064000,156.05374784,9.90873894,0.601700,0.584800,3790.40
"TOI-1075 b","TOI-1075",0.0115900000,0.60473280000,0.000000,9.95000000,1.79100000,0.604000,0.581000,3875.00
"TOI-1670 b","TOI-1670",0.1030000000,10.98462000000,0.590000,41.31769291,2.06000000,1.210000,1.316000,6170.00
"TOI-1670 c","TOI-1670",0.2490000000,40.74976000000,0.090000,200.23189641,11.06326395,1.210000,1.316000,6170.00
"TOI-500 d","TOI-500",,26.23300000000,0.016000,33.12000000,6.35000000,0.740000,0.678000,4440.00
"TOI-500 e","TOI-500",,61.30000000000,0.073000,15.05000000,3.99000000,0.740000,0.678000,4440.00
"TOI-3714 b","TOI-3714",0.0270000000,2.15484900000,0.030000,222.47988490,11.32107051,0.530000,0.510000,3660.00
"TOI-181 b","TOI-181",0.0539000000,4.53200000000,0.154300,46.16870000,6.95590000,0.822000,0.745000,4994.00
"TOI-199 b","TOI-199",0.4254000000,104.85400000000,0.090000,54.03082919,9.07927437,0.936000,0.820000,5255.00
"TOI-836.01","TOI-836",0.0750000000,8.59545000000,0.078000,9.60000000,2.58700000,0.678000,0.665000,4552.00
"TOI-1136 d","TOI-1136",0.1062000000,12.51990000000,0.042000,8.35000000,4.62700000,1.022000,0.968000,5770.00
"TOI-1136 c","TOI-1136",0.0669000000,6.25740000000,0.110000,6.32000000,2.87900000,1.022000,0.968000,5770.00
"TOI-1136 f","TOI-1136",0.1740000000,26.32100000000,0.001000,9.70000000,3.73591482,1.022000,0.968000,5770.00
"TOI-1136 e","TOI-1136",0.1400000000,18.80100000000,0.042500,6.07000000,2.63900000,1.022000,0.968000,5770.00
"TOI-1173 b","TOI-1173",0.0710000000,7.06439710000,0.037000,28.28672822,8.77663189,0.911000,0.934000,5350.00
"TOI-1420 b","TOI-1420",0.0710000000,6.95610630000,0.170000,25.10000000,11.89000000,0.987000,0.923000,5510.00
"HIP 9618 b","HIP 9618",0.1450000000,20.77285800000,0.000000,8.30000000,3.82838127,0.942000,0.959300,5649.00
"HIP 9618 c","HIP 9618",0.2690000000,52.56363000000,0.000000,7.00000000,3.42855926,0.942000,0.959300,5649.00
"TOI-1823 b","TOI-1823",0.2120000000,38.80000000000,0.000000,67.40000000,7.54062410,0.841400,0.804900,4927.00
"TOI-2031 A b","TOI-2031 A",0.0660000000,5.71548654000,0.076000,254.26272560,14.20177855,1.174000,1.241000,6490.00
"TOI-2134 b","TOI-2134",0.0780300000,9.22919800000,0.067000,9.37000000,2.73500000,0.744000,0.709000,4580.00
"TOI-2134 c","TOI-2134",0.3715000000,95.85284000000,0.312500,58.30000000,7.35000000,0.744000,0.709000,4580.00
"TOI-2374 b","TOI-2374",0.0481800000,4.31361930000,0.130000,61.65871096,7.48759911,0.802000,0.711000,5002.00
"TOI-2431 b","TOI-2431",0.0063000000,0.22419578000,0.000000,6.20000000,1.53400000,0.661000,0.651000,4109.00
"TOI-3235 b","TOI-3235",0.0270900000,2.59261842000,0.029000,211.35589065,11.39953337,0.393900,0.369700,3388.80
"TOI-3757 b","TOI-3757",0.0384500000,3.43875300000,0.140000,85.30000000,12.00000000,0.640000,0.620000,3913.00
"TOI-3884 b","TOI-3884",0.0361000000,4.54458280000,0.060000,32.59000000,6.43000000,0.298000,0.302000,3180.00
"TOI-3984 A b","TOI-3984 A",0.0410000000,4.35332600000,0.230000,44.00000000,7.90000000,0.490000,0.470000,3476.00
"TOI-4010 c","TOI-4010",0.0580000000,5.41465400000,0.030000,20.31000000,5.93000000,0.880000,0.830000,4960.00
"TOI-4010 d","TOI-4010",0.1130000000,14.70886000000,0.070000,38.15000000,6.18000000,0.880000,0.830000,4960.00
"TOI-4010 b","TOI-4010",0.0229000000,1.34833500000,0.030000,11.00000000,3.02000000,0.880000,0.830000,4960.00
"LP 890-9 b","LP 890-9",0.0187500000,2.72990250000,,13.20000000,1.32000000,0.118000,0.155600,2850.00
"HD 20329 b","HD 20329",0.0180000000,0.92611800000,0.000000,7.42000000,1.72000000,0.900000,1.130000,5596.00
"TOI-5293 A b","TOI-5293 A",0.0340000000,2.93028900000,0.380000,170.40000000,11.90000000,0.540000,0.520000,3586.00
"KOI-94 d","KOI-94",0.1684000000,22.34298900000,0.022000,106.00000000,11.27000000,1.277000,1.520000,6182.00
"LP 890-9 c","LP 890-9",0.0398400000,8.45746300000,,25.30000000,1.36700000,0.118000,0.155600,2850.00
"HD 3167 e","HD 3167",0.3797000000,91.90000000000,0.128000,14.90000000,3.97000000,0.864000,0.871000,5338.00
"TOI-1338 c","TOI-1338 A",0.7940000000,215.79000000000,0.037000,75.40000000,10.30000000,1.093600,1.313000,5723.20
"WASP-84 c","WASP-84",0.0235900000,1.44688490000,,15.20000000,1.95000000,0.853000,0.768000,5280.00
"TOI-6109 c","TOI-6109",0.0786000000,8.53887800000,,20.80000000,4.83260000,1.030000,1.021000,5660.00
"WASP-193 b","WASP-193",0.0668000000,6.24634750000,0.081000,35.59678158,14.78464554,1.018000,1.213000,6080.00
"HD 207496 b","HD 207496",0.0629000000,6.44100800000,0.231000,6.10000000,2.25000000,0.800000,0.769000,4819.00
"GJ 367 d","GJ 367",,34.36900000000,0.140000,6.03000000,2.33000000,0.455000,0.458000,3522.00
"TOI-6109 b","TOI-6109",0.0599000000,5.69047600000,,21.10000000,4.87040000,1.030000,1.021000,5660.00
"TOI-199 c","TOI-199",0.8070000000,273.69000000000,0.096000,88.99195396,11.40000000,0.936000,0.820000,5255.00
"AU Mic e","AU Mic",,33.11000000000,,21.10000000,4.87000000,0.600000,0.820000,3665.00
"HD 110067 c","HD 110067",0.1039000000,13.67369400000,,6.30000000,2.38800000,0.798000,0.788000,5266.00
"HD 110067 d","HD 110067",0.1362000000,20.51961700000,,8.52000000,2.85200000,0.798000,0.788000,5266.00
"HD 110067 g","HD 110067",0.2621000000,54.76992000000,,8.40000000,2.60700000,0.798000,0.788000,5266.00
"TOI-6894 b","TOI-6894",0.0260400000,3.37077196000,0.029000,53.39517238,9.58367850,0.207000,0.227600,3007.00
"IRAS 04125+2902 b","IRAS 04125+2902",0.0770000000,8.83497800000,,80.80000000,10.73820351,0.700000,1.450000,4080.00
"HIP 67522 c","HIP 67522",0.1228000000,14.33489200000,0.077000,48.30000000,7.93595834,1.220000,1.380000,5675.00
"BD+05 4868 A b","BD+05 4868 A",0.0208000000,1.27186900000,,6.20000000,,0.700000,0.690000,4596.00
"HIP 41378 g","HIP 41378",,63.19000000000,0.055000,6.81000000,2.50000000,1.220000,1.300000,6290.00
"GJ 3090 c","GJ 3090",0.0997000000,15.94070000000,0.000000,10.00000000,3.14000000,0.519000,0.516000,3707.00
"HD 278555 b","HD 278555",0.1985000000,28.84243800000,0.085000,266.97586188,11.02963701,1.255000,1.624000,6047.00
"Kepler-12 b","Kepler-12",0.0553000000,4.43796290000,0.000000,137.30256000,19.66058600,1.166000,1.483000,5947.00
"KOI-94 b","KOI-94",0.0511900000,3.74320800000,0.250000,10.50000000,1.71000000,1.277000,1.520000,6182.00
"Kepler-51 d","Kepler-51",0.5090000000,130.19400000000,0.008000,7.60000000,9.70000000,1.040000,0.940000,6018.00
"KOI-94 c","KOI-94",0.1013000000,10.42364800000,0.430000,15.60000000,4.32000000,1.277000,1.520000,6182.00
"KOI-94 e","KOI-94",0.3046000000,54.32031000000,0.019000,35.00000000,6.56000000,1.277000,1.520000,6182.00
"PH2 b","PH2",0.8330000000,282.52542000000,0.215000,87.08498352,9.33708092,0.966000,0.949000,5734.00
"HAT-P-11 b","HAT-P-11",0.0525800000,4.88800000000,0.251000,25.00000000,4.36000000,0.811000,0.683000,4653.00
"HAT-P-52 b","HAT-P-52",0.0369400000,2.75359530000,0.047000,259.98494000,11.30988100,0.887000,0.893000,5131.00
"TOI-4747 b","TOI-4747",,5.21924158592,,14.80000000,3.95803201,1.010000,0.988751,5595.08
"Kepler-891 b","Kepler-891",0.2881000000,53.44945593000,0.000000,33.60000000,6.41000000,1.060000,1.070000,5887.00
"Kepler-1159 b","Kepler-1159",0.1603000000,22.70816791000,0.000000,6.21000000,2.37000000,1.190000,1.280000,6217.00
"GJ 676 A e","GJ 676 A",0.1810000000,35.47358000000,0.152000,6.67439655,2.47000000,0.626000,0.690000,3734.00
"Kepler-48 c","Kepler-48",0.0863300000,9.67395000000,0.000000,14.61000000,2.71000000,0.880000,0.890000,5194.00
"HD 21411 b","HD 21411",0.3620000000,84.28800000000,0.400000,65.90000000,9.52000000,0.890000,0.825605,5605.00
"Kepler-104 b","Kepler-104",0.0940000000,11.42754800000,0.000000,19.60000000,3.10000000,0.818000,1.349000,5711.00
"Kepler-1849 b","Kepler-1849",0.2597000000,57.29290009000,0.000000,6.29000000,2.38685349,0.709000,0.729000,4806.00
"Kepler-1036 b","Kepler-1036",0.4772600000,122.88080580000,0.000000,9.32000000,3.01000000,0.950000,0.890000,5533.00
"Kepler-511 c","Kepler-511",0.1717700000,26.62949944000,0.000000,16.50000000,4.20964327,0.958000,1.417000,5866.00
"TIC 183374187 b","TIC 183374187",,5.05907000000,0.506000,177.98390792,14.03364384,0.853000,1.344000,5768.00
"Kepler-1987 d","Kepler-1987",0.0571000000,5.64491415400,0.000000,7.56000000,2.66000000,0.799000,0.714000,4769.00
"Kepler-245 b","Kepler-245",0.0710000000,7.49019000000,0.000000,146.78000000,2.57000000,0.856000,0.795000,5100.00
"Kepler-131 c","Kepler-131",0.1739100000,25.51690000000,0.000000,8.25000000,0.84000000,1.020000,1.030000,5685.00
"HD 93385 c","HD 93385",0.1120000000,13.18000000000,0.200000,7.10000000,2.56000000,1.040000,1.184840,5977.00
"Kepler-203 d","Kepler-203",0.1000000000,11.32972000000,0.000000,33.90000000,1.44000000,1.060000,1.114000,5821.00
"Kepler-1129 b","Kepler-1129",0.1648100000,24.33978040000,0.000000,9.06000000,2.96000000,1.000000,1.000000,5831.00
"Kepler-472 b","Kepler-472",0.0482300000,4.17625551400,0.000000,10.50000000,3.22000000,0.850000,0.780000,4996.00
"Kepler-1690 b","Kepler-1690",0.7097000000,234.63600000000,0.000000,8.30000000,2.81109223,0.940000,0.862346,5404.00
"TOI-7510 c","TOI-7510",0.1595000000,22.56874230000,0.009100,131.00000000,10.81000000,1.063000,1.035000,5720.00
"WASP-174 b","WASP-174",0.0550300000,4.23370050000,0.000000,104.88337431,16.10730527,1.240000,1.347000,6399.00
"TOI-1294 b","TOI-1294",0.0510000000,3.91529200000,0.000000,63.90000000,10.12369881,1.157800,1.556600,5718.00
"EPIC 212737443 c","EPIC 212737443",0.2800000000,65.55000000000,0.200000,7.70000000,2.69000000,0.690000,0.673000,4684.00
"Kepler-874 b","Kepler-874",0.2234000000,40.06867270000,0.000000,14.70000000,3.94000000,1.090000,1.130000,6020.00
"WASP-151 b","WASP-151",0.0550000000,4.53347750000,0.000000,100.43377661,13.30506009,1.081000,1.181000,5871.00
"K2-289 b","K2-289",0.1070000000,13.15696900000,,61.00000000,9.10000000,0.953000,1.025000,5529.00
"Kepler-1143 c","Kepler-1143",0.6477000000,210.63059100000,0.000000,12.60000000,3.60000000,0.810000,0.770000,5053.00
"TOI-2587 A b","TOI-2587 A",0.0635000000,5.45664000000,0.000000,69.28659273,12.07207221,1.150000,1.726000,5760.00
"Kepler-1154 b","Kepler-1154",0.0631000000,5.18561420000,0.000000,6.08000000,2.34000000,1.260000,1.430000,6327.00
"Kepler-1780 b","Kepler-1780",0.4276000000,109.44499970000,0.000000,12.70000000,3.60600667,0.868000,0.868000,5403.00
"Kepler-1518 c","Kepler-1518",0.0905000000,9.63102580000,0.000000,8.75000000,2.90000000,1.060000,1.345000,6432.00
"Kepler-1718 b","Kepler-1718",0.4841800000,135.18800350000,0.000000,7.12000000,2.56852070,0.846000,0.906000,5731.00
"TOI-4914 b","TOI-4914",0.0980000000,10.60057000000,0.408000,227.00000000,12.87000000,1.030000,1.000000,5805.00
"Kepler-109 c","Kepler-109",0.1546000000,21.22265000000,0.098000,8.20000000,2.65000000,1.094000,1.387000,5950.00
"Kepler-475 b","Kepler-475",0.0398900000,3.10550818900,0.000000,6.76000000,2.49000000,0.860000,0.790000,5009.00
"Kepler-1978 b","Kepler-1978",0.0914000000,10.84969477000,0.000000,7.61000000,2.67000000,0.869000,0.778000,5251.00
"Kepler-1836 b","Kepler-1836",0.0602000000,5.25416994100,0.000000,7.05000000,2.55303229,1.053000,0.987000,6123.00
"Kepler-350 c","Kepler-350",0.1385000000,17.84900000000,0.000000,6.10000000,3.10000000,1.000000,1.250000,6492.30
"Kepler-816 b","Kepler-816",0.0895000000,10.50682564600,0.000000,74.50000000,10.24000000,0.900000,0.850000,5286.00
"HD 51608 b","HD 51608",0.1059000000,14.07260000000,0.090000,12.77000000,3.62000000,0.800000,0.916136,5358.00
"TOI-1768.01","TOI-1768",0.0763810000,7.33770364900,,11.80000000,3.45300000,1.100000,1.100000,5994.00
"HIP 10090 c","HIP 10090",0.9000000000,321.82000000000,0.188000,270.15414595,13.90000000,0.940000,1.382680,5661.00
"Kepler-855 b","Kepler-855",0.0762000000,7.88663110400,0.000000,52.70000000,8.35000000,1.030000,1.030000,5835.00
"TOI-205 b","TOI-205",,4.25300773815,,6.81000000,2.50121142,1.200000,1.453820,6302.74
"Kepler-1886 b","Kepler-1886",0.1600000000,24.27580070000,0.000000,7.18000000,2.58158428,0.928000,0.837000,5745.00
"Kepler-279 c","Kepler-279",0.2236000000,35.73600000000,0.000000,49.40000000,4.30000000,1.100000,1.070000,6689.45
"Kepler-106 e","Kepler-106",0.2400600000,43.84450000000,0.000000,11.17000000,2.56000000,1.000000,1.040000,5858.00
"Kepler-19 b","Kepler-19",0.0846000000,9.28699000000,0.410000,6.10000000,2.20900000,0.936000,0.859000,5541.00
"Kepler-1102 b","Kepler-1102",0.2731000000,51.32856230000,0.000000,7.56000000,2.66000000,0.960000,0.940000,5724.00
"Kepler-1681 b","Kepler-1681",0.3200000000,69.89560000000,0.000000,7.05000000,2.55321772,0.893000,0.759000,5756.40
"TOI-544 c","TOI-544",,50.08900000000,0.320000,21.50000000,4.92000000,0.631000,0.623000,4169.00
"Kepler-251 d","Kepler-251",0.1820000000,30.13300100000,0.000000,8.10000000,2.77000000,0.891000,0.890000,5526.00
"TOI-5624 e","TOI-5624",0.1439000000,21.48993600000,0.000000,8.90000000,3.24700000,0.858000,0.820000,5327.00
"Kepler-1154 c","Kepler-1154",0.0875000000,8.45808312000,0.000000,6.17000000,2.36000000,1.260000,1.430000,6327.00
"Kepler-863 b","Kepler-863",0.1220000000,15.59461874000,0.000000,8.75000000,2.90000000,0.960000,0.950000,5678.00
"Kepler-278 c","Kepler-278",0.2870000000,51.11100000000,0.616000,34.90000000,3.26800000,1.227000,2.861000,4965.00
"GJ 180 d","GJ 180",0.3090000000,106.30000000000,0.140000,7.56000000,2.66000000,0.430000,0.413049,3371.00
"Kepler-564 b","Kepler-564",0.0484000000,3.75083228500,0.000000,19.40000000,4.63000000,0.950000,0.920000,5626.00
"Kepler-338 b","Kepler-338",0.1170000000,13.72697600000,0.040000,30.60000000,2.44000000,1.105000,1.735000,5923.00
"KOI-884 e","Kepler-247",,31.10165900000,0.041500,66.05405000,9.54000000,0.887000,0.788000,5060.00
"K2-87 b","K2-87",0.0940000000,9.72661800000,,44.90000000,7.60000000,1.164000,1.401000,5747.00
"Kepler-983 b","Kepler-983",0.3148000000,60.08550820000,0.000000,6.17000000,2.36000000,1.130000,1.080000,6052.00
"Kepler-458 c","KIC 9663113",0.1701200000,20.74028413000,0.000000,16.40000000,4.20000000,1.150000,2.215620,6117.21
"TOI-2093 b","TOI-2093",0.0970000000,12.83600000000,0.000000,10.60000000,3.25000000,0.745000,0.729000,4426.00
"Kepler-563 b","Kepler-563",0.1418000000,22.18432708000,0.000000,9.75000000,3.09000000,0.800000,0.770000,5066.00
"Kepler-172 c","Kepler-172",0.0680000000,6.38899600000,0.000000,8.55000000,2.86000000,1.081000,1.085000,5526.00
"KIC 5437945 b","KIC 5437945",1.1967100000,440.78130000000,0.000000,33.60000000,6.40000000,1.070000,1.240000,6340.00
"Kepler-232 c","Kepler-232",0.1010000000,11.37934900000,0.000000,14.00000000,3.83000000,0.970000,0.968000,5847.00
"Kepler-151 b","Kepler-151",0.1160000000,15.22895800000,0.000000,9.59000000,3.06000000,0.870000,0.830000,5460.00
"TOI-201 b","TOI-201",0.3030000000,52.97860000000,0.275000,164.00000000,11.40000000,1.320000,1.310000,6423.00
"Kepler-207 d","Kepler-207",0.0680000000,5.86807500000,0.000000,11.00000000,3.31000000,1.313000,1.588000,5920.00
"WASP-108 b","WASP-108",,2.67555212374,0.000000,283.50293904,15.13212395,1.167000,1.344150,6783.00
"Kepler-1521 b","Kepler-1521",0.2347600000,47.14840805000,0.000000,6.80000000,2.50000000,0.810000,0.760000,5042.00
"Kepler-238 c","Kepler-238",0.0690000000,6.15555700000,0.000000,152.52200000,2.39000000,1.229000,1.430000,5751.00
"Kepler-620 b","Kepler-620",0.1053000000,12.91375431000,0.000000,11.00000000,3.32000000,1.150000,1.220000,6155.00
"Kepler-1889 b","Kepler-1889",0.2082000000,37.30369949000,0.000000,8.98000000,2.94360686,0.864000,0.817000,5646.00
"TOI-880 c","TOI-880",0.0635000000,6.38727030000,,21.70000000,4.95000000,0.870000,0.830000,5050.00
"HD 12235 b","HD 12235",0.0540000000,4.36305000000,0.376000,10.48833743,3.23000000,1.100000,1.801850,5986.00
"GJ 887 c","GJ 887",0.1210000000,21.78400000000,0.170000,6.50000000,2.43000000,0.495000,0.468000,3688.00
"Kepler-368 b","Kepler-368",0.1860000000,26.84768000000,0.000000,10.70000000,3.26000000,1.165000,2.019000,5502.00
"TOI-1898 b","TOI-1898",0.2690000000,45.52234000000,0.485000,129.00000000,9.39553231,1.248400,1.613100,6241.00
"Kepler-450 b","Kepler-450",0.2009200000,28.45485100000,0.020000,19.40000000,6.14000000,1.190000,1.641620,6197.21
"HAT-P-47 b","HAT-P-47",,4.73217441000,,65.47265184,14.71739166,1.387000,1.515000,6703.00
"TOI-1859 b","TOI-1859",0.3370000000,63.48347000000,0.570000,68.60000000,9.75181321,1.287000,1.360000,6341.00
"TOI-1836 b","TOI-1836",0.1597000000,20.38079900000,0.000000,38.45723725,8.00321222,1.307000,1.577000,6380.00
"Kepler-616 b","Kepler-616",0.0927000000,9.99761851000,0.000000,6.48000000,2.43000000,0.980000,0.970000,5753.00
"HD 141399 e","HD 141399",5.0000000000,5000.00000000000,0.260000,209.76780000,14.10000000,1.070000,1.387236,5600.00
"TOI-2133 b","TOI-2133",0.0410000000,3.82664720000,,6.21000000,2.37000000,0.644000,0.620000,4250.00
"TOI-2406 b","TOI-2406",0.0226700000,3.07668910000,0.170000,15.60000000,2.86000000,0.166000,0.204000,3100.00
"WASP-157 b","WASP-157",0.0499000000,3.95162300000,0.000000,182.43442000,11.19000000,1.060000,1.100000,5772.00
"Kepler-1183 b","Kepler-1183",0.1793000000,28.50571890000,0.000000,8.35000000,2.82000000,1.000000,0.990000,5765.00
"TOI-5322 b","TOI-5322",0.0604000000,5.42332070000,0.055000,184.02264765,16.61170940,0.998000,1.462000,5692.00
"HD 153557 b","HD 153557",0.0680000000,7.29903000000,0.065000,20.34101805,4.77000000,0.790000,0.745171,4837.00
"TIC 117642575 b","TIC 117642575",,4.94459060181,,8.38000000,2.82716337,1.060000,1.081020,5719.98
"Kepler-1113 b","Kepler-1113",0.2415000000,42.30049540000,0.000000,8.30000000,2.81000000,1.120000,1.170000,5931.00
"TOI-216.02","TOI-216",0.1293000000,17.16073000000,0.160000,18.75187601,8.00000000,0.770000,0.748000,5026.00
"Kepler-91 b","Kepler-91",0.0731000000,6.24658000000,0.051900,257.44230000,15.32270300,1.310000,6.300000,4550.00
"K2-290 b","K2-290",0.0923000000,9.21165000000,0.000000,10.90000000,3.06000000,1.194000,1.511000,6302.00
"Kepler-473 b","Kepler-473",0.1204800000,14.55731705000,0.000000,15.60000000,4.08000000,1.060000,1.340000,5816.00
"TOI-6158 b","TOI-6158",0.0327500000,3.04468990000,0.059000,135.00000000,10.40000000,0.503000,0.476000,3467.00
"Kepler-1840 b","Kepler-1840",0.4620600000,131.19000240000,0.000000,8.13000000,2.77771129,0.774000,0.803000,4898.00
"TOI-2578 b","TOI-2578",0.0495000000,3.45796670000,0.098000,167.17774208,19.66055215,1.270000,1.640000,6333.00
"TOI-5349 b","TOI-5349",0.0369000000,3.31792100000,0.030000,127.40000000,10.20000000,0.610000,0.580000,3751.00
"TOI-1294 c","TOI-1294",0.6100000000,159.90000000000,0.000000,147.00000000,14.30000000,1.157800,1.556600,5718.00
"HAT-P-60 b","HAT-P-60",0.0627700000,4.79478130000,0.250000,182.43350562,18.28184752,1.435000,2.197000,6212.00
"HD 88986 b","HD 88986",0.5800000000,146.05000000000,0.240000,17.20000000,2.49000000,1.250000,1.543000,5861.00
"Kepler-704 b","Kepler-704",0.0470000000,3.76182115000,0.000000,7.32000000,2.61000000,0.970000,0.960000,5616.00
"Kepler-950 b","Kepler-950",0.3982000000,98.71804060000,0.000000,59.60000000,8.98000000,1.020000,1.020000,5857.00
"HD 207897 b","HD 207897",0.1170000000,16.20166000000,0.000000,14.80000000,2.34302132,0.820800,0.782700,5106.00
"HD 360 b","HD 360",0.9800000000,273.10000000000,0.139000,238.37130525,14.00000000,1.690000,10.860000,4770.00
"TOI-4030 b","TOI-4030",,2.50900199461,,28.80000000,5.84625590,0.980000,0.991737,5640.37
"Kepler-741 b","Kepler-741",0.0744000000,7.03902374000,0.000000,9.11000000,2.97000000,1.160000,1.240000,6129.00
"Kepler-1299 b","Kepler-1299",0.1357000000,19.94008740000,0.000000,9.17000000,2.98000000,0.940000,0.910000,5609.00
"Kepler-1806 b","Kepler-1806",0.0813000000,9.03332042700,0.000000,6.15000000,2.35560189,0.884000,0.788000,5311.00
"Kepler-749 b","Kepler-749",0.1054000000,17.31716585000,0.000000,9.80000000,3.10000000,0.790000,0.750000,5009.00
"TOI-1194 b","TOI-1194",0.0340000000,2.31064460000,0.000000,120.00000000,8.71664516,0.983500,0.960800,5394.00
"Kepler-1951 b","Kepler-1951",0.1435000000,20.65780067000,0.000000,6.00000000,2.32107188,0.923000,1.306000,5468.00
"Kepler-1920 b","Kepler-1920",0.2043000000,30.25410080000,0.000000,9.03000000,2.95415848,1.239000,1.161000,6277.00
"HATS-38 b","HATS-38",0.0503600000,4.37502100000,0.000000,23.51942000,6.88232600,0.890000,1.105000,5732.00
"TIC 178172313 b","TIC 178172313",,4.37318161360,,8.27000000,2.80405322,0.910000,0.843450,5405.59
"Kepler-266 c","Kepler-266",0.4570000000,107.72360100000,0.000000,14.40000000,3.89000000,0.947000,1.028000,5885.00
"Kepler-1388 e","Kepler-1388",0.1861000000,37.63270840000,0.000000,6.62000000,2.46000000,0.630000,0.610000,4098.00
"Kepler-1991 c","Kepler-1991",0.1528000000,22.79020351000,0.000000,7.13000000,2.57000000,0.914000,1.053000,5478.00
"Kepler-126 d","Kepler-126",0.4480000000,100.28313400000,0.020000,54.59018723,2.50000000,1.108000,1.358000,6239.00
"TOI-4029 b","TOI-4029",,5.88498234631,,36.60000000,6.73756618,1.018000,1.178340,5662.53
"Kepler-1247 b","Kepler-1247",0.1091000000,13.71220213000,0.000000,6.04000000,2.33000000,0.860000,0.820000,5303.00
"Kepler-68 e","Kepler-68",4.6000000000,3455.00000000000,0.330000,86.44932670,11.20000000,1.057000,1.256400,5847.00
"Kepler-1682 b","Kepler-1682",0.1134000000,14.83340000000,0.000000,8.70000000,2.88940836,0.990000,0.842301,5619.12
"Kepler-326 b","Kepler-326",0.0320000000,2.24832900000,0.000000,44.60000000,1.52000000,0.910000,0.801000,5105.00
"GJ 3998 d","GJ 3998",0.1890000000,41.78000000000,0.000000,6.07000000,2.34000000,0.520000,0.500000,3726.00
"HD 205158 b","HD 205158",0.1770000000,25.33798000000,0.145000,124.58873554,13.90000000,1.160000,1.877410,6133.55
"HD 219134 h","HD 219134",3.1100000000,2247.00000000000,0.060000,108.06220000,12.70000000,0.794000,0.770000,4913.00
"Kepler-1519 b","Kepler-1519",0.7655000000,240.79893970000,0.000000,39.60000000,7.06000000,0.940000,0.910000,5644.00
"TCP J05074264+2447555 b","TCP J05074264+2447555",0.9400000000,,,20.00000000,4.72000000,0.586000,1.424870,5805.00
"TOI-2459 b","TOI-2459",,19.10471800000,,9.03000000,2.95310000,0.660000,0.675100,4195.00
"TOI-2641 b","TOI-2641",0.0607000000,4.88097400000,0.180000,122.68176510,18.10250383,1.160000,1.336000,6100.00
"Kepler-255 c","Kepler-255",0.0920000000,9.94604700000,0.000000,9.22000000,2.99000000,0.867000,0.933000,5573.00
"HD 51608 c","HD 51608",0.3809000000,95.94460000000,0.140000,14.31000000,3.87000000,0.800000,0.916136,5358.00
"TIC 434398831 c","TIC 434398831",0.0657200000,6.21029100000,0.013000,27.00000000,5.63000000,0.992000,0.909000,5638.00
"TOI-3082 b","TOI-3082",,1.92690700000,,13.00000000,3.66210000,0.664000,0.684700,4263.00
"TOI-2141 d","TOI-2141",0.2906000000,60.45000000000,,14.90000000,3.97000000,0.896000,0.950000,5635.00
"TOI-1448 b","TOI-1448",0.0567000000,8.11224500000,0.360000,19.50000000,2.74900000,0.372000,0.380000,3412.00
"K2-272 b","K2-272",0.1007000000,14.45367560000,,9.96000000,3.13000000,0.860000,0.830000,5397.00
"TOI-3474 b","TOI-3474",0.0502000000,3.87951050000,0.130000,193.87532827,14.67255574,1.121000,1.256000,6020.00
"Kepler-266 b","Kepler-266",0.0710000000,6.61833000000,0.000000,6.71000000,2.48000000,0.947000,1.028000,5885.00
"CoRoT-28 b","CoRoT-28",0.0603000000,5.20851000000,0.047000,153.82972000,10.70459500,1.010000,1.780000,5150.00
"Kepler-1755 b","Kepler-1755",0.1668000000,24.81209946000,0.000000,29.40000000,5.91688317,1.003000,0.921000,6086.00
"HD 219828 b","HD 219828",0.0490000000,3.83483000000,0.091000,19.06970442,4.59000000,1.040000,1.560000,5891.00
"Kepler-835 b","Kepler-835",0.1070000000,11.41909375000,0.000000,8.20000000,2.79000000,1.080000,1.110000,5954.00
"Kepler-1666 c","Kepler-1666",0.2383000000,40.71570000000,0.000000,10.50000000,3.23564749,1.230000,1.145860,6293.00
"KOI-4777.01","KOI-4777",0.0080000000,0.41200000000,0.000000,99.20000000,0.51000000,0.410000,0.400000,3515.00
"NGTS-17 b","NGTS-17",0.0391000000,3.24253000000,0.000000,242.82090295,13.89913607,1.025000,1.337000,5650.00
"TIC 198190129 b","TIC 198190129",,7.94804910667,,8.87000000,2.92284949,0.638000,0.640675,4377.53
"TOI-5811 B b","TOI-5811 B",0.0731000000,6.25663000000,,257.44100967,21.96960217,1.080000,3.730000,4840.00
"Kepler-1041 b","Kepler-1041",0.1688000000,24.75764210000,0.000000,8.96000000,2.94000000,1.060000,1.080000,5957.00
"KIC 10525077 b","KIC 10525077",,854.08300000000,,25.90000000,5.50000000,1.010000,1.010000,6091.00
"K2-70 b","K2-70",0.1112000000,13.97896000000,,8.70000000,2.89000000,0.940000,0.930000,5622.00
"TOI-5704 b","TOI-5704",,3.77111600000,,10.50000000,3.22740000,0.730000,0.757500,4590.00
"Kepler-121 b","Kepler-121",0.0390000000,3.17742200000,0.000000,6.08000000,2.34000000,0.859000,0.701000,5311.00
"HD 163607 b","HD 163607",0.3620000000,75.22030000000,0.744100,249.05158800,13.90000000,1.120000,1.760000,5522.00
"TOI-7393 b","TOI-7393",0.0366400000,3.33708000000,0.119800,194.78000000,11.30000000,0.600000,0.582000,3927.00
"DMPP-8 b","DMPP-8",0.3098000000,62.91500000000,0.275000,81.09000000,10.80000000,0.990000,1.240000,6009.00
"Kepler-501 b","Kepler-501",0.0627000000,5.64067757200,0.000000,17.10000000,4.30000000,1.030000,1.040000,5904.00
"K2-199 c","K2-199",0.0662000000,7.37448970000,0.030000,12.40000000,2.85000000,0.711000,0.682000,4491.00
"Kepler-1065 b","Kepler-1065",0.0455000000,3.60930890700,0.000000,13.40000000,3.73000000,0.940000,0.930000,5635.00
"TOI-5614 b","TOI-5614",,4.17221328949,,10.40000000,3.21759316,0.674000,0.734919,4553.00
"Kepler-20 b","Kepler-20",0.0456500000,3.69610490000,0.083000,9.70000000,1.77300000,0.929000,0.916400,5495.00
"Kepler-1634 b","Kepler-1634",1.0525000000,374.87623900000,0.000000,10.30000000,3.19000000,0.920000,0.890000,5474.00
"HD 715 b","HD 715",0.3360000000,56.40000000000,0.210000,201.82103844,11.99360935,1.600000,2.500000,6070.00
"Kepler-1835 b","Kepler-1835",0.0997000000,11.96409988000,0.000000,12.20000000,3.53387773,0.922000,0.961000,5903.00
"Kepler-1024 b","Kepler-1024",0.3033000000,66.41621330000,0.000000,14.50000000,3.91000000,0.810000,0.780000,5143.00
"Kepler-1545 b","Kepler-1545",0.5442000000,163.69234900000,0.000000,7.75000000,2.70000000,0.840000,0.800000,5201.00
"Kepler-1774 b","Kepler-1774",0.2949600000,59.77080154000,0.000000,10.20000000,3.18179549,1.101000,1.122000,6214.00
"KOBE-1 b","KOBE-1",0.0700600000,8.53990000000,0.000000,8.80000000,2.91000000,0.629000,0.619000,4135.00
"Kepler-324 c","Kepler-324",0.2600000000,51.80561200000,0.000000,6.20000000,3.15000000,0.901000,0.840000,5194.00
"HD 134606 c","HD 134606",0.3007000000,58.88300000000,0.055000,11.31000000,3.37000000,1.046000,1.158000,5576.00
"TIC 150070085 b","TIC 150070085",,10.47423000000,,12.80000000,3.62000000,1.160000,1.086000,5999.00
"HD 5278 b","HD 5278",0.1202000000,14.33915600000,0.080000,7.80000000,2.45000000,1.126000,1.194000,6203.00
"DMPP-4 b","DMPP-4",0.0485300000,3.49820000000,0.063000,12.20000000,3.53000000,1.250000,1.380000,6400.00
"Kepler-184 d","Kepler-184",0.1790000000,29.02235800000,0.000000,6.76000000,2.49000000,0.872000,0.873000,5788.00
"Kepler-1140 b","Kepler-1140",0.1478000000,24.08627070000,0.000000,8.10000000,2.77000000,0.760000,0.730000,4850.00
"Kepler-1696 b","Kepler-1696",0.3244000000,65.94090000000,0.000000,8.29000000,2.80982017,1.020000,1.198110,5712.00
"Kepler-153 c","Kepler-153",0.2370000000,46.90232000000,0.000000,6.94000000,2.53000000,0.756000,0.892000,5404.00
"HD 175541 b","HD 175541",0.9750000000,298.43000000000,0.110000,190.06234000,14.10000000,1.390000,4.190000,5013.00
"HD 219134 g","HD 219134",0.3753000000,94.20000000000,0.000000,10.80622000,3.28000000,0.794000,0.770000,4913.00
"Kepler-708 b","Kepler-708",0.0426000000,3.16789193800,0.000000,8.91000000,2.93000000,0.970000,0.960000,5692.00
"WASP-54 b","WASP-54",0.0498800000,3.69364000000,0.070000,187.51970000,17.71022000,1.080000,1.760000,6100.00
"K2-250 b","K2-250",0.0460600000,4.01392000000,0.210000,7.81000000,2.71257333,0.809000,0.797000,5003.00
"Kepler-1325 b","Kepler-1325",0.2004000000,33.87868380000,0.000000,8.55000000,2.86000000,0.930000,0.910000,5550.00
"Kepler-703 b","Kepler-703",0.0535000000,4.58352175600,0.000000,51.10000000,8.20000000,1.180000,1.270000,6185.00
"TOI-1533 c","TOI-1533",0.0760000000,8.06379260000,0.000000,36.60000000,7.50000000,0.880000,0.849000,5146.00
"Kepler-957 b","Kepler-957",0.0559000000,5.90741353700,0.000000,25.90000000,5.50000000,0.810000,0.750000,4963.00
"TOI-3856 b","TOI-3856",0.0325000000,2.04360352000,0.083000,171.62733978,13.59649359,1.096000,1.055000,5622.00
"Kepler-1740 b","Kepler-1740",0.0779000000,8.17240047500,0.000000,11.00000000,3.32321414,0.943000,0.905000,5705.00
"Kepler-307 b","Kepler-307",0.0935900000,10.42080000000,0.000000,7.44000000,2.43000000,0.907000,0.814000,5367.00
"Kepler-607 c","Kepler-607",0.2150700000,39.67679977000,0.000000,8.05000000,2.76001201,0.808000,0.888000,5244.00
"K2-320 b","K2-320",0.0142000000,1.99500000000,,7.37000000,2.62000000,0.117000,0.300000,3157.00
"Kepler-210 c","Kepler-210",0.0700000000,7.97251300000,0.000000,12.80000000,3.62000000,0.770000,0.650000,4559.00
"Kepler-1551 b","Kepler-1551",0.1772000000,24.49736980000,0.000000,7.56000000,2.66000000,1.140000,1.220000,6136.00
"TIC 188624430 b","TIC 188624430",,6.21860433132,,12.90000000,3.64811843,0.929000,0.786574,5369.46
"Kepler-1981 b","Kepler-1981",1.3292000000,453.54212000000,0.000000,62.50000000,9.23000000,1.519000,3.006000,5874.00
"TOI-6041 c","TOI-6041",0.3721000000,88.00000000000,,77.90000000,10.50000000,0.885000,0.879000,5445.00
"HD 109833 c","HD 109833",,13.90014800000,0.300000,7.22000000,2.59000000,1.080000,1.000000,5881.00
"TOI-7155 b","TOI-7155",,3.89489711981,,6.38000000,2.40821473,0.755000,0.670748,4673.03
"Kepler-84 b","Kepler-84",0.0827000000,8.72600000000,0.000000,40.00000000,2.23000000,1.000000,1.430000,6039.00
"TOI-3353.01","TOI-3353",0.0601182180,4.66579650000,,7.59000000,2.66675550,1.332089,1.020700,6365.00
"Kepler-1725 b","Kepler-1725",0.1326300000,16.71990013000,0.000000,8.31000000,2.81251770,1.049000,1.085000,6020.00
"Kepler-120 b","Kepler-120",0.0550000000,6.31250100000,0.000000,8.50000000,2.15000000,0.654000,0.534000,4096.00
"Kepler-627 b","Kepler-627",0.2266100000,40.69944430000,0.000000,13.40000000,3.73000000,1.300000,1.490000,6424.00
"Kepler-1326 b","Kepler-1326",0.2743000000,42.35142670000,0.000000,16.30000000,4.18000000,1.450000,1.740000,6725.00
"TOI-1184 b","TOI-1184",0.0560270000,5.74843380300,0.000000,6.80000000,2.39000000,0.710000,0.690000,4534.00
"Kepler-684 b","Kepler-684",0.0640000000,6.77030200800,0.000000,11.20000000,3.36000000,0.890000,0.860000,5493.00
"WASP-159 b","WASP-159",0.0538000000,3.84040100000,0.000000,174.80650000,15.46842000,1.410000,2.110000,6120.00
"K2-26 b","K2-26",0.0962000000,14.56650000000,,7.61000000,2.67000000,0.560000,0.520000,3785.00
"Kepler-1175 b","Kepler-1175",0.2181000000,37.94563000000,0.000000,9.22000000,2.99000000,0.900000,0.860000,5453.00
"TOI-2453 b","TOI-2453",,4.44143463188,,10.60000000,3.24380341,0.500519,0.502498,3720.23
"TOI-1062 c","TOI-1062",0.0800000000,7.97200000000,0.140000,9.78000000,3.10000000,0.940000,0.840000,5328.00
"Kepler-30 b","Kepler-30",0.1800000000,29.33434000000,0.042000,11.30000000,3.90000000,0.990000,0.950000,5498.00
"TOI-1230.01","TOI-1230",,25.05734661842,,6.29000000,2.38627705,1.140000,1.152810,5696.00
"Kepler-416 b","Kepler-416",0.0674000000,6.31900000000,0.000000,58.20000000,2.48000000,1.000000,1.075000,5718.00
"Kepler-416 c","Kepler-416",0.1045400000,12.20900000000,0.000000,6.13000000,2.35200000,1.000000,1.075000,5718.00
"KOI-142 c","KOI-142",0.1541210030,22.26492000000,0.057240,214.10000000,14.00000000,0.990000,0.897000,5466.00
"Kepler-103 c","Kepler-103",0.6679000000,179.60978000000,0.103000,58.47000000,5.45390000,1.212000,1.492000,6047.00
"CoRoT-8 b","CoRoT-8",0.0630000000,6.21229000000,0.000000,69.92000000,6.39000000,0.880000,0.770000,5080.00
"Kepler-361 c","Kepler-361",0.3000000000,55.18802300000,0.000000,6.90000000,2.52000000,1.191000,1.343000,6169.00
"HD 191939 g","HD 191939",0.8120000000,284.00000000000,0.030000,13.50000000,3.74000000,0.810000,0.940000,5348.00
"TOI-707 b","TOI-707",0.2750000000,52.79918000000,,6.42000000,2.41600000,0.990000,0.978000,5424.00
"Kepler-738 b","Kepler-738",0.1552000000,24.58721573000,0.000000,6.80000000,2.50000000,0.860000,0.820000,5327.00
"Kepler-725 c","Kepler-725",0.6744000000,207.54100000000,0.436000,9.70000000,3.08000000,0.950000,0.880000,5395.00
"Kepler-596 b","Kepler-596",0.1516100000,21.30022655000,0.000000,11.80000000,3.46000000,1.210000,1.320000,6267.00
"K2-174 b","K2-174",0.1260000000,19.56230700000,,7.27000000,2.60000000,0.700000,0.676000,4455.00
"TOI-2154 b","TOI-2154",0.0513000000,3.82408010000,0.117000,292.40213444,16.28664896,1.233000,1.396000,6280.00
"Kepler-1807 b","Kepler-1807",0.0988000000,10.86060047000,0.000000,7.77000000,2.70393215,1.087000,1.496000,6455.00
"TOI-2525 c","TOI-2525",0.2490000000,49.25190000000,0.157000,208.81326340,10.13291855,0.849000,0.785000,5096.00
"Kepler-574 b","Kepler-574",0.0723000000,7.65880414000,0.000000,6.30000000,2.39000000,0.950000,0.910000,5612.00
"TOI-1836 c","TOI-1836",0.0308900000,1.77274710000,0.000000,8.00000000,2.59987579,1.251800,1.645400,6237.00
"Kepler-411 d","Kepler-411",0.2790000000,58.02035000000,0.128000,15.20000000,3.31900000,0.870000,0.820000,4974.00
"Kepler-247 c","Kepler-247",0.0840000000,9.43945200000,0.000000,15.70000000,4.09000000,0.887000,0.768000,5100.00
"K2-317 b","K2-317",0.0542000000,6.22000000000,,8.91000000,2.93000000,0.403000,0.379000,3387.00
"TOI-6478 b","TOI-6478",0.1136000000,34.00501900000,,19.20000000,4.60000000,0.230000,0.234000,3230.00
"WASP-59 b","WASP-59",0.0697000000,7.91958500000,0.100000,274.27600000,8.68700000,0.719000,0.613000,4650.00
"K2-63 c","K2-63",0.1890000000,25.45560000000,,14.50000000,3.90000000,1.400000,1.630000,6771.00
"Kepler-1539 b","Kepler-1539",0.4765000000,133.30367410000,0.000000,7.75000000,2.70000000,0.840000,0.800000,5176.00
"Kepler-614 b","Kepler-614",0.1027000000,14.03491514000,0.000000,6.30000000,2.39000000,0.850000,0.810000,5268.00
"Kepler-257 c","Kepler-257",0.0660000000,6.58148400000,0.000000,25.20000000,5.41000000,0.916000,1.037000,5180.00
"TOI-5398 b","TOI-5398",0.0980000000,10.59054700000,0.130000,58.70000000,10.30000000,1.146000,1.051000,6000.00
"TOI-938 b","TOI-938",,8.80733882211,,20.80000000,4.82401567,1.100000,0.985134,5829.42
"Kepler-1765 b","Kepler-1765",0.0917000000,10.41889954000,0.000000,6.78000000,2.49508857,0.946000,1.064000,5692.00
"Kepler-27 d","Kepler-27",0.0657800000,6.54628992100,0.000000,7.78000000,2.70619460,0.926000,0.817000,5251.00
"Kepler-1854 b","Kepler-1854",0.2089400000,39.83110046000,0.000000,7.21000000,2.58746104,0.800000,0.759000,5026.00
"TOI-5624 b","TOI-5624",0.0420100000,3.39034730000,0.000000,9.40000000,2.31400000,0.858000,0.820000,5327.00
"Kepler-739 b","Kepler-739",0.1054000000,12.53248465000,0.000000,11.00000000,3.32000000,0.930000,0.900000,5601.00
"TOI-5800 b","TOI-5800",0.0344000000,2.62788380000,0.300000,9.50000000,2.46000000,0.778000,0.773000,4850.00
"Kepler-1462 b","Kepler-1462",0.3094000000,65.64883410000,0.000000,14.00000000,3.82000000,1.000000,1.000000,5756.00
"HD 191939 b","HD 191939",0.0804000000,8.88032560000,0.031000,10.00000000,3.41000000,0.810000,0.940000,5348.00
"Kepler-893 b","Kepler-893",0.0699000000,6.33855761000,0.000000,9.43000000,3.03000000,1.000000,0.990000,5820.00
"Kepler-1487 c","Kepler-1487",0.2588000000,35.80071120000,0.000000,48.70000000,7.97000000,1.801000,3.955000,5745.00
"KOI-7913 b","KOI-7913 A",0.1456000000,24.27855300000,0.000000,6.08000000,2.34000000,0.760000,0.788000,4324.00
"TOI-1472 c","TOI-1472",0.1160000000,15.53817470000,0.172000,21.13000000,3.33400000,0.870000,0.840000,5100.00
"Kepler-1239 b","Kepler-1239",0.0625000000,5.19104016000,0.000000,8.75000000,2.90000000,1.400000,1.570000,6564.00
"Kepler-297 b","Kepler-297",0.2170000000,38.87182600000,0.000000,48.50000000,2.87000000,0.927000,0.915000,5619.00
"Kepler-351 d","Kepler-351",0.5177000000,142.54424700000,0.000000,7.85000000,2.72000000,0.810000,0.780000,5225.00
"KOI-1599.02","KOI-1599",0.1122930000,13.60880000000,0.011400,9.00000000,1.90000000,1.020000,0.972000,5833.00
"HD 109833 b","HD 109833",,9.18852600000,0.180000,8.69000000,2.88800000,1.080000,1.000000,5881.00
"HIP 71135 b","HIP 71135",0.3350000000,87.19000000000,0.210000,18.80000000,4.55000000,0.660000,0.681296,4146.00
"Kepler-11 d","Kepler-11",0.1550000000,22.68450000000,0.004000,7.30000000,3.12000000,0.961000,1.065000,5663.00
"K2-131 b","K2-131",0.0093600000,0.36930380000,0.000000,7.90000000,1.69000000,0.803000,0.759500,5120.00
"Kepler-218 d","Kepler-218",0.4988400000,124.52446470000,0.000000,7.56000000,2.66000000,1.010000,1.020000,5542.00
"TOI-6054.01","TOI-6054",0.0763000000,7.50142800000,0.164000,12.50000000,2.64000000,1.107000,1.662000,6047.00
"Kepler-1937 b","Kepler-1937",0.0915000000,9.68859958600,0.000000,9.39000000,3.02291330,1.190000,1.196000,6457.00
"HATS-71 b","HATS-71",0.0374500000,3.79552020000,0.000000,117.59710000,11.47801600,0.486100,0.478300,3405.00
"K2-341 b","K2-341",,36.55255100000,,10.40000000,3.21000000,0.980000,1.160000,5817.00
"K2-194 b","K2-194",,39.72138600000,,12.90000000,3.64229858,1.110086,1.281115,5979.00
"TOI-5795 b","TOI-5795",0.0640000000,6.14063250000,0.250000,23.66000000,5.62000000,0.901000,1.082000,5715.00
"K2-196 b","K2-196",,48.32422200000,,12.60000000,3.59970536,1.162095,1.538801,6045.00
"TOI-5599 b","TOI-5599",,5.43691503941,,40.90000000,7.18882120,1.210000,1.913340,6137.02
"TOI-1260 c","TOI-1260",0.0657000000,7.49313400000,0.000000,13.20000000,2.76000000,0.679000,0.672000,4227.00
"Kepler-198 c","Kepler-198",0.2590000000,49.56741600000,0.000000,6.66000000,2.47000000,0.995000,0.940000,5574.00
"Kepler-129 b","Kepler-129",0.1300000000,15.79000000000,0.010000,20.00000000,2.40000000,1.178000,1.653000,5770.00
"Kepler-1549 b","Kepler-1549",0.6687000000,214.88654500000,0.000000,7.13000000,2.57000000,0.880000,0.840000,5324.00
"HD 8326 b","HD 8326",0.5330000000,158.99100000000,0.200000,66.60000000,9.58000000,0.800000,0.783181,4914.00
"TOI-1742 b","TOI-1742",0.1540000000,21.26908400000,0.300000,9.70000000,2.36507598,1.086100,1.131000,5815.00
"HD 11343 c","HIP 8541",0.9230000000,228.53731000000,0.169000,255.53403923,13.90000000,2.009000,6.840000,4672.00
"TOI-2295 b","TOI-2295",0.1992000000,30.03330200000,0.334000,278.09985612,16.47720163,1.168000,1.459000,5730.00
"Kepler-1941 b","Kepler-1941",0.2054000000,31.33510017000,0.000000,7.51000000,2.64976949,1.175000,1.142000,6404.00
"Kepler-1311 d","Kepler-1311",0.6843400000,197.51100160000,0.000000,67.50000000,9.65837605,1.032000,1.674000,5616.00
"Kepler-1316 b","Kepler-1316",0.3976500000,87.97321360000,0.000000,12.30000000,3.54000000,1.040000,1.120000,5884.00
"TOI-6954 b","TOI-6954",,4.02074127419,,12.80000000,3.63524486,0.834000,0.947112,5170.87
"TOI-209 b","TOI-209",,4.37943587445,,6.32000000,2.39472090,0.810000,0.742779,4806.66
"TOI-261.01","TOI-261",0.0347921890,3.36392540000,,9.51000000,3.04498630,0.496728,1.280180,5890.30
"TOI-261.02","TOI-261",,13.03935862135,,11.20000000,3.34822227,1.069000,1.313830,5890.30
"TOI-2040 b","TOI-2040",0.0473000000,3.86085760000,0.109000,248.22398587,10.32347122,0.920000,0.870000,5132.00
"TOI-2227 b","TOI-2227",,4.22175815648,,9.79000000,3.09885187,1.030000,1.208470,5889.54
"Kepler-256 d","Kepler-256",0.0640000000,5.83917200000,0.000000,6.71000000,2.48000000,1.037000,1.301000,5551.00
"Kepler-1118 b","Kepler-1118",0.2079000000,38.67150750000,0.000000,7.95000000,2.74000000,0.960000,0.970000,5688.00
"HD 141004 b","HD 141004",0.1238000000,15.50830000000,0.160000,13.63483866,3.77000000,1.051904,1.389372,5885.38
"Kepler-168 c","Kepler-168",0.1160000000,13.19324200000,0.000000,7.70000000,2.69000000,1.113000,1.107000,6282.00
"TOI-1422 c","TOI-1422",0.2050000000,34.56330000000,0.200000,14.00000000,2.61000000,0.990300,1.019000,5840.00
"TOI-4155 b","TOI-4155",,3.32072900000,,10.40000000,3.21000000,1.160000,0.950000,5724.00
"GJ 9689 b","GJ 9689",0.1139000000,18.27000000000,0.290000,9.65000000,3.07000000,0.590000,0.570000,3836.00
"K2-8 b","K2-8",0.0856000000,10.35239000000,,12.50000000,3.58000000,0.780000,0.740000,4870.00
"Kepler-805 b","Kepler-805",0.1985200000,30.86389310000,0.000000,8.70000000,2.89000000,1.190000,1.650000,6112.00
"Kepler-264 c","Kepler-264",0.5660000000,140.10126100000,0.000000,8.40000000,2.83000000,1.426000,1.550000,6158.00
"Kepler-941 b","Kepler-941",0.1311000000,17.42395198000,0.000000,9.69000000,3.08000000,0.890000,0.860000,5539.00
"HD 38283 b","HD 38283",1.0200000000,363.20001000000,0.410000,127.13200000,14.00000000,1.370000,1.490000,5981.00
"TIC 153919886 b","TIC 153919886",,2.10510492329,,7.78000000,2.70601108,0.581261,0.591697,4137.16
"Kepler-1669 b","Kepler-1669",0.0745000000,9.51216000000,0.000000,8.15000000,2.78043818,0.670000,0.714145,4303.00
"Kepler-100 c","Kepler-100",0.1106100000,12.81590000000,0.020000,7.05000000,2.20000000,1.080000,1.490000,5825.00
"Kepler-554 b","Kepler-554",0.0302200000,1.90220855600,0.000000,17.00000000,4.29000000,0.930000,0.920000,5447.00
"Kepler-1495 b","Kepler-1495",0.3677000000,85.27325600000,0.000000,8.96000000,2.94000000,1.030000,1.040000,5831.00
"KOI-351 h","KOI-351",0.9706200000,331.60296000000,0.027600,203.00000000,11.25200000,1.242000,1.185000,6031.13
"HD 60779 c","HD 60779",,104.79000000000,0.041000,28.30000000,5.79000000,1.050000,1.129000,6081.00
"K2-19 c","K2-19",0.0982000000,11.90600000000,0.100000,11.00000000,4.10000000,0.880000,0.820000,5322.00
"Kepler-1333 b","Kepler-1333",0.4382000000,109.64718420000,0.000000,8.30000000,2.81000000,0.940000,0.920000,5628.00
"Kepler-1715 b","Kepler-1715",0.2242900000,35.59730148000,0.000000,16.00000000,4.14042267,1.082000,1.209000,6212.00
"TOI-1803 c","TOI-1803",0.0970000000,12.88577900000,0.000000,8.00000000,4.29000000,0.756000,0.715000,4687.00
"Kepler-1116 b","Kepler-1116",0.2330000000,41.69778270000,0.000000,6.99000000,2.54000000,0.950000,0.930000,5641.00
"Kepler-232 b","Kepler-232",0.0540000000,4.43122200000,0.000000,9.69000000,3.08000000,0.970000,0.968000,5847.00
"Kepler-577 b","Kepler-577",0.1348000000,25.69578251000,0.000000,7.04000000,2.55000000,0.780000,0.730000,4984.00
"Kepler-953 b","Kepler-953",0.3920000000,88.40655258000,0.000000,16.50000000,4.21000000,0.950000,0.990000,5416.00
"HD 124330 b","HD 124330",0.8600000000,270.66000000000,0.340000,238.37130525,14.00000000,1.150000,1.304460,5873.00
"Kepler-212 c","Kepler-212",0.2070000000,31.80517400000,0.000000,7.95000000,2.74000000,1.166000,1.455000,5852.00
"Kepler-1080 b","Kepler-1080",0.3781000000,77.25483960000,0.000000,10.80000000,3.28000000,1.100000,1.160000,5956.00
"TOI-5786 b","TOI-5786",0.1140000000,12.77910700000,,73.00000000,8.54000000,1.230000,1.360000,6235.00
"75 Cet c","75 Cet",3.9290000000,2051.62000000000,0.023000,289.85950718,13.90000000,1.920000,10.380000,4809.00
"Kepler-599 b","Kepler-599",0.1128000000,15.65562652000,0.000000,8.45000000,2.84000000,0.830000,0.790000,5127.00
"Kepler-575 b","Kepler-575",0.0788000000,9.37891944000,0.000000,6.30000000,2.39000000,0.970000,0.950000,5710.00
"HD 1461 b","HD 1461",0.0634000000,5.77152000000,0.172000,6.44000000,2.42000000,1.020000,1.152288,5765.00
"Kepler-782 b","Kepler-782",0.5449400000,158.68533080000,0.000000,10.40000000,3.21000000,0.980000,1.010000,5867.00
"Kepler-987 b","Kepler-987",0.4238000000,105.30331480000,0.000000,10.70000000,3.26000000,0.970000,0.910000,5637.00
"Kepler-385 d","Kepler-385",0.2872000000,56.41590000000,0.000000,7.36000000,2.61864480,1.050000,1.157000,5829.00
"Kepler-115 c","Kepler-115",0.0870000000,8.99088900000,0.000000,7.27000000,2.60000000,1.042000,1.205000,5979.00
"TOI-2120 b","TOI-2120",0.0377000000,5.79981640000,0.320000,6.80000000,2.12200000,0.211000,0.245000,3131.00
"K2-395 b","K2-395",,4.80335200000,,7.26000000,2.59700000,0.952000,0.783000,5007.00
"KOI-1833 d","Kepler-968",0.0634000000,7.68500000000,0.000000,11.02000000,2.58000000,0.681000,0.667000,4413.00
"Kepler-734 b","Kepler-734",0.0583000000,6.10485285600,0.000000,12.40000000,3.56000000,0.850000,0.780000,5326.00
"HD 104067 c","HD 104067",0.1058000000,13.89920000000,0.290000,13.20000000,3.69000000,0.820000,0.780000,4952.00
"K2-187 d","K2-187",0.0720000000,7.14958400000,,6.35000000,2.40000000,0.966999,0.830000,5438.00
"HD 44219 b","HD 44219",1.2600000000,472.00000000000,0.410000,184.34047606,14.10000000,1.200000,1.320000,5752.00
"Kepler-142 c","Kepler-142",0.0570000000,4.76170200000,0.000000,8.55000000,2.86000000,0.978000,1.269000,5790.00
"Kepler-652 b","Kepler-652",0.0495800000,4.18200253100,0.000000,6.76000000,2.49000000,0.970000,0.880000,5490.00
"TOI-332 b","TOI-332",0.0159000000,0.77703800000,0.000000,57.20000000,3.20000000,0.880000,0.870000,5251.00
"K2-380 b","K2-380",,9.40131200000,,7.89000000,2.72900000,0.993000,1.320000,5911.00
"Kepler-1066 b","Kepler-1066",0.0298000000,1.93155983900,0.000000,6.17000000,2.36000000,0.980000,0.980000,5762.00
"KIC 9663113 b","KIC 9663113",1.5534600000,572.38470000000,0.000000,19.20000000,4.60000000,0.980000,1.030000,6065.00
"NGTS-12 b","NGTS-12",0.0757000000,7.53280600000,0.000000,66.10864000,11.74703200,1.021000,1.589000,5690.00
"Kepler-657 b","Kepler-657",0.1733700000,24.54350418000,0.000000,12.20000000,3.52000000,1.010000,1.010000,5808.00
"HD 170469 b","HD 170469",2.2400000000,1145.00000000000,0.110000,209.76780000,14.10000000,1.100000,1.240000,5842.00
"Kepler-1639 b","Kepler-1639",0.0932000000,9.87848200000,0.000000,7.18000000,2.58000000,1.120000,1.180000,6150.00
"TOI-2580 b","TOI-2580",0.0480000000,3.39775000000,0.080000,200.23189641,17.37392009,1.330000,1.810000,6120.00
"Kepler-1000 b","Kepler-1000",0.5326000000,120.01812720000,0.000000,20.30000000,4.76000000,1.400000,1.510000,6453.00
"TOI-2088 b","TOI-2088",0.4720000000,124.72997000000,0.000000,37.00000000,3.68311790,0.902700,0.848100,5081.00
"HIP 38594 c","HIP 38594",3.8050000000,3477.76800000000,0.160000,48.40000000,7.94000000,0.610000,0.626646,4086.30
"Kepler-145 c","Kepler-145",0.2624400000,42.88200000000,0.110000,79.40000000,4.32000000,1.320000,1.850000,6022.00
"Kepler-219 b","Kepler-219",0.0570000000,4.58551200000,0.000000,9.01000000,2.95000000,1.164000,1.491000,5786.00
"TIC 365102760 b","TIC 365102760",0.0622000000,4.21285367000,0.406000,19.20000000,6.21000000,1.170000,3.130000,4900.00
"TOI-5126 c","TOI-5126",0.1439000000,17.89990000000,0.000000,14.20000000,3.86000000,1.240000,1.241000,6150.00
"GJ 1151 c","GJ 1151",0.5714000000,389.70000000000,,10.62000000,3.25000000,0.163900,0.178100,3280.00
"Kepler-80 c","Kepler-80",0.0792000000,9.52355000000,0.007900,6.74000000,2.74000000,0.730000,0.678000,4540.00
"Kepler-925 b","Kepler-925",0.1805000000,33.86785310000,0.000000,6.08000000,2.34000000,0.770000,0.720000,4673.00
"Kepler-194 d","Kepler-194",0.2750000000,52.81497300000,0.000000,6.35000000,2.40000000,0.940000,1.025000,6089.00
"Kepler-945 b","Kepler-945",0.2037000000,31.00338140000,0.000000,7.41000000,2.63000000,0.970000,0.970000,5718.00
"Kepler-1878 b","Kepler-1878",0.0521000000,4.44587993600,0.000000,8.86000000,2.92019781,0.956000,0.865000,5918.00
"Kepler-1447 b","Kepler-1447",0.2836000000,56.67472850000,0.000000,8.75000000,2.90000000,0.970000,0.950000,5722.00
"HD 158259 f","HD 158259",,12.02800000000,,6.14000000,2.35000000,1.080000,1.210000,5801.89
"Kepler-956 b","Kepler-956",0.0601700000,5.24867263100,0.000000,9.27000000,3.00000000,1.100000,1.150000,6040.00
"HD 63433 b","HD 63433",0.0720000000,7.10794750000,0.240000,21.75500000,2.14000000,0.956000,0.934000,5553.00
"Kepler-1733 b","Kepler-1733",0.0933000000,9.22957992600,0.000000,12.80000000,3.63582354,1.273000,1.252000,6320.00
"Kepler-357 c","Kepler-357",0.1200000000,16.85837000000,0.000000,7.61000000,2.67000000,0.794000,0.834000,5036.00
"Kepler-194 c","Kepler-194",0.1310000000,17.30803200000,0.000000,7.22000000,2.59000000,0.940000,1.025000,6089.00
"Kepler-1056 b","Kepler-1056",0.1629000000,27.49560600000,0.000000,9.32000000,3.01000000,1.120000,1.200000,6127.00
"Kepler-1642 c","Kepler-1642",0.0678000000,6.65138020000,0.000000,7.56000000,2.66000000,0.880000,0.840000,5355.00
"HD 164595 b","HD 164595",0.2300000000,40.00000000000,0.088000,16.14000000,4.16000000,0.990000,1.023606,5790.00
"K2-24 c","K2-24",0.2620000000,42.34732000000,0.028200,16.40000000,7.93000000,1.091000,1.185000,5726.00
"K2-333 b","K2-333",,14.75928700000,,31.60000000,6.18000000,1.060000,1.220000,5880.00
"Kepler-20 d","Kepler-20",0.3474000000,77.61145500000,0.082000,13.40000000,2.60600000,0.929000,0.916400,5495.00
"DMPP-1 c","DMPP-1",0.0973000000,10.03000000000,0.220000,10.94000000,3.31000000,1.210000,1.260000,6196.00
"Kepler-689 b","Kepler-689",0.1449000000,22.36656079000,0.000000,8.70000000,2.89000000,0.910000,0.880000,5518.00
"NGC 2682 YBP 1194 b","NGC 2682 YBP 1194",,6.95900000000,0.300000,101.70560000,12.30000000,1.010000,0.990000,5780.00
"HD 211970 b","HD 211970",0.1430000000,25.20100000000,0.150000,13.00000000,3.66000000,0.610000,0.574175,4127.00
"Kepler-423 b","Kepler-423",0.0358500000,2.68432850000,0.019000,189.10100000,13.36100000,0.850000,0.950000,5560.00
"Kepler-561 b","Kepler-561",0.2925600000,58.36204950000,0.000000,38.70000000,6.96000000,0.960000,0.940000,5646.00
"24 Boo b","24 Boo",0.1940000000,30.33000000000,0.032000,280.64248338,13.90000000,1.050000,12.190000,4816.00
"HD 20003 c","HD 20003",0.1964000000,33.92390000000,0.100000,14.44000000,3.89000000,0.875000,0.921637,5494.00
"Kepler-716 b","Kepler-716",0.0862800000,10.37168453000,0.000000,8.75000000,2.90000000,0.830000,0.780000,5099.00
"HD 134606 b","HD 134606",0.1046000000,12.08900000000,0.092000,9.09000000,2.97000000,1.046000,1.158000,5576.00
"K2-66 b","K2-66",0.0598300000,5.06963000000,0.000000,21.30000000,2.49000000,1.110000,1.670000,5887.00
"WASP-57 b","WASP-57",0.0376900000,2.83891856000,0.000000,204.68252000,11.76945000,0.886000,0.927000,5600.00
"TOI-1199 b","TOI-1199",0.0498800000,3.67146300000,0.030000,75.96098927,10.51402390,1.230000,1.450000,5710.00
"Kepler-118 c","Kepler-118",0.1410000000,20.17202000000,0.000000,45.70000000,7.68000000,0.811000,1.094000,5274.00
"Kepler-278 b","Kepler-278",0.2020000000,30.15560000000,0.696000,56.00000000,3.95500000,1.227000,2.861000,4965.00
"HD 167768 b","HD 167768",0.1512000000,20.65320000000,0.149000,270.15414595,13.90000000,1.080000,9.700000,4851.00
"TOI-1036 b","TOI-1036",,3.77952125496,,32.50000000,6.28499593,1.030000,1.175540,5664.68
"Kepler-1915 b","Kepler-1915",0.1140000000,13.83539963000,0.000000,10.40000000,3.21798413,1.030000,1.057000,6020.00
"Kepler-1734 b","Kepler-1734",0.0714000000,6.79685020400,0.000000,9.74000000,3.08851092,1.050000,0.970000,6061.00
"HD 96700 b","HD 96700",0.0777000000,8.12450000000,0.138000,8.90000000,2.93000000,0.890000,1.160000,5845.00
"Kepler-215 d","Kepler-215",0.1850000000,30.86442300000,0.000000,23.60000000,2.39000000,0.788000,1.027000,5739.00
"EPIC 212737443 b","EPIC 212737443",0.0980000000,13.60300000000,0.200000,7.20000000,2.58600000,0.690000,0.673000,4684.00
"Kepler-740 b","Kepler-740",0.0462000000,3.58410121600,0.000000,18.90000000,4.57000000,0.910000,0.870000,5438.00
"Kepler-1673 b","Kepler-1673",0.2136300000,33.78880000000,0.000000,8.93000000,2.93551940,1.110000,1.131660,6014.95
"Kepler-1211 b","Kepler-1211",0.0976300000,11.01816836000,0.000000,7.04000000,2.55000000,0.960000,0.940000,5705.00
"Kepler-48 f","Kepler-48",5.7191878770,5219.68185400000,0.015283,298.58099680,13.80000000,0.916000,0.836000,5190.00
"Kepler-1750 b","Kepler-1750",0.6785000000,205.91200260000,0.000000,30.10000000,6.00434637,0.981000,0.969000,5644.00
"TOI-4308 b","TOI-4308",,9.15120100000,,6.43000000,2.41890000,0.900000,0.793400,5243.00
"Kepler-24 b","Kepler-24",0.0804500000,8.14000000000,0.023000,11.14000000,2.34800000,1.060000,1.099000,6028.00
"Kepler-1875 b","Kepler-1875",0.2039000000,34.45859909000,0.000000,10.50000000,3.22686692,0.950000,0.862000,6161.00
"Kepler-1642 b","Kepler-1642",0.1016000000,12.20575130000,0.000000,10.30000000,3.20000000,0.880000,0.840000,5355.00
"HD 33142 c","HD 33142",1.9550000000,810.20000000000,0.081000,282.86728223,13.90000000,1.520000,4.170000,5025.40
"Kepler-864 b","Kepler-864",0.0687000000,5.83376092000,0.000000,6.35000000,2.40000000,1.000000,1.000000,5754.00
"HD 181720 b","HD 181720",1.8500000000,956.00000000000,0.260000,127.13200000,14.00000000,1.030000,1.500000,5736.00
"TOI-6677 b","TOI-6677",,5.45060661625,,28.70000000,5.83507112,1.450000,1.571670,6572.28
"Kepler-1672 b","Kepler-1672",0.5537400000,150.87800000000,0.000000,9.11000000,2.97022762,1.160000,1.088410,6131.95
"Kepler-58 d","Kepler-58",0.2360000000,40.10137100000,0.000000,245.34300000,2.94000000,1.024000,1.127000,6099.00
"HD 37124 d","HD 37124",2.8070000000,1862.00000000000,0.160000,221.20968000,14.00000000,0.850000,0.949168,5698.64
"Kepler-1936 b","Kepler-1936",0.5266200000,126.55699920000,0.000000,10.20000000,3.16615594,1.419000,1.854000,6501.00
"Kepler-990 b","Kepler-990",0.0859500000,9.91723428000,0.000000,7.27000000,2.60000000,1.050000,1.080000,5948.00
"HATS-28 b","HATS-28",0.0413100000,3.18107810000,0.202000,213.58176000,13.38354600,0.929000,0.922000,5498.00
"HR 858 d","HR 858",0.1046000000,11.23051100000,0.000000,7.10000000,2.00100000,1.204000,1.258000,6354.00
"TOI-2193 A b","TOI-2193 A",0.0331900000,2.12257350000,0.000000,298.75870258,19.83989584,1.082000,1.248000,5966.00
"GJ 9773 b","GJ 9773",2.9210000000,2965.00000000000,0.218000,172.58082500,14.20000000,0.358000,0.362000,3528.00
"Kepler-1785 b","Kepler-1785",0.1391700000,19.58550072000,0.000000,7.77000000,2.70422447,0.911000,0.996000,5618.00
"HD 13808 c","HD 13808",0.2554000000,53.75300000000,0.156000,9.96000000,3.13000000,0.771000,0.781000,5035.00
"Kepler-340 b","Kepler-340",0.1340000000,14.84438700000,0.000000,6.94000000,2.53000000,1.650000,1.850000,6620.00
"Kepler-1085 b","Kepler-1085",0.7336100000,219.32175280000,0.000000,41.20000000,7.22000000,1.110000,1.140000,6000.00
"TOI-1728 b","TOI-1728",0.0391000000,3.49151000000,0.057000,26.78000000,5.05000000,0.646000,0.624300,3980.00
"Kepler-1636 b","Kepler-1636",1.1219100000,425.47785000000,0.000000,10.50000000,3.23000000,1.010000,1.020000,5797.00
"Kepler-1267 b","Kepler-1267",0.1057000000,13.03139450000,0.000000,9.32000000,3.01000000,1.150000,1.200000,6096.00
"K2-285 b","K2-285",0.0381700000,3.47174500000,0.000000,9.68000000,2.59000000,0.830000,0.787000,4975.00
"TIC 349520724 b","TIC 349520724",,7.94044635021,,8.38000000,2.82626313,0.890000,0.818771,5098.60
"LP 714-47 b","LP 714-47",0.0405600000,4.05203200000,0.022000,28.38000000,4.25000000,0.542000,0.536000,4123.00
"Kepler-963 b","Kepler-963",0.0849000000,9.97683705000,0.000000,7.56000000,2.66000000,0.910000,0.870000,5461.00
"XO-2 S b","XO-2 S",0.1347000000,18.22000000000,0.150000,82.63538582,10.90000000,0.980000,1.020000,5325.00
"Kepler-1748 b","Kepler-1748",0.0615000000,5.82352018400,0.000000,7.81000000,2.71275017,0.916000,0.864000,5774.00
"Kepler-336 d","Kepler-336",0.1540000000,20.67877200000,0.000000,6.21000000,2.37000000,1.090000,1.304000,5867.00
"Kepler-712 b","Kepler-712",0.1361500000,21.02247699000,0.000000,11.50000000,3.41000000,0.840000,0.780000,5148.00
"TOI-5628 A b","TOI-5628 A",0.0368000000,4.34166120000,0.000000,28.60455663,8.29464572,0.360000,0.350000,3310.00
"TOI-615 b","TOI-615",0.0678000000,4.66159830000,0.390000,138.25535705,18.97680433,1.449000,1.732000,6850.00
"HAT-P-28 b","HAT-P-28",0.0434000000,3.25721500000,0.051000,198.95300000,13.58500000,1.025000,1.103000,5680.00
"Kepler-667 b","Kepler-667",0.2288000000,41.43962808000,0.000000,20.10000000,4.73000000,0.910000,0.870000,5327.00
"Kepler-557 b","Kepler-557",0.0469000000,3.70598955100,0.000000,7.61000000,2.67000000,1.110000,1.160000,6068.00
"EPIC 206024342 d","EPIC 206024342",,14.64753100000,,7.27000000,2.60000000,0.928000,1.100000,5724.00
"rho CrB c","rho CrB",0.4206000000,102.03600000000,0.048000,27.44200000,5.68000000,1.000000,1.361700,5817.00
"Kepler-483 b","Kepler-483",0.1947100000,30.22910400000,0.000000,10.40000000,3.21000000,1.280000,1.470000,6346.00
"Kepler-116 b","Kepler-116",0.0690000000,5.96873400000,0.000000,11.60000000,3.42000000,1.198000,1.454000,6142.00
"HAT-P-62 b","HAT-P-62",0.0377200000,2.64532350000,0.101000,241.86741773,12.02723629,1.023000,1.170000,5629.00
"TOI-3896 b","TOI-3896",,4.37730369667,,10.10000000,3.14949237,0.860000,0.747752,5110.91
"Kepler-443 b","Kepler-443",0.4950000000,177.66930000000,0.110000,6.04000000,2.33000000,0.738000,0.706000,4723.00
"Kepler-552 b","Kepler-552",0.0612000000,5.26341576500,0.000000,14.80000000,3.95000000,1.030000,1.040000,5863.00
"TOI-2719 b","TOI-2719",,3.37594000000,,29.90000000,5.98000000,1.020000,1.690000,5762.00
"K2-347 b","K2-347",,7.18725700000,,6.39000000,2.41000000,0.660000,0.630000,4599.00
"Kepler-812 b","Kepler-812",0.1024000000,10.11716531000,0.000000,12.30000000,3.55000000,1.450000,1.710000,6761.00
"Kepler-1187 b","Kepler-1187",0.1401000000,18.87064068000,0.000000,7.32000000,2.61000000,1.060000,1.090000,5975.00
"Kepler-170 b","Kepler-170",0.0800000000,7.93059200000,0.000000,82.60000000,3.20000000,1.066000,1.035000,5679.00
"Kepler-659 b","Kepler-659",0.1204000000,17.67179600000,0.000000,6.80000000,2.50000000,0.790000,0.740000,4870.00
"GJ 27.1 b","GJ 27.1",0.1010000000,15.81900000000,0.080000,13.00000000,3.66000000,0.530000,0.518887,3542.00
"TOI-4495 c","TOI-4495",0.0632300000,5.18553000000,0.023000,23.20000000,4.03000000,1.247000,1.309000,6210.00
"Kepler-798 b","Kepler-798",0.1174000000,13.71933369000,0.000000,6.30000000,2.39000000,1.190000,1.290000,6224.00
"TOI-5082.01","TOI-5082",0.0512048420,4.24012200000,,7.03000000,2.54811000,0.996650,0.930000,5670.00
"TOI-1260 d","TOI-1260",0.1116000000,16.60816400000,0.000000,11.84000000,3.12000000,0.679000,0.672000,4227.00
"HD 99109 b","HD 99109",1.1100000000,439.29999000000,0.090000,139.84520000,14.30000000,0.760000,0.980000,5282.00
"KOI-3503 b","KOI-3503",0.1424700000,21.18500000000,0.000000,9.20000000,1.19000000,0.858000,1.255000,6001.00
"HD 28109 c","HD 28109",0.3080000000,55.99712000000,0.003900,9.20000000,4.13000000,1.227000,1.425000,6189.00
"K2-11 b","K2-11",0.2257000000,39.93767000000,,44.40000000,7.55000000,1.350000,5.150000,5433.00
"NGTS-26 b","NGTS-26",0.0490000000,4.51992790000,0.000000,92.80589484,14.88552637,0.960000,1.160000,5550.00
"Kepler-696 b","Kepler-696",0.0535000000,4.19042557500,0.000000,31.30000000,6.14000000,1.060000,1.080000,5903.00
"Kepler-189 c","Kepler-189",0.1370000000,20.13486600000,0.000000,22.70000000,2.38000000,0.803000,0.750000,5235.00
"HD 105618 b","HD 105618",0.0910000000,10.02245000000,0.455000,25.42627256,5.44000000,1.010000,1.273990,5671.00
"TOI-1301.01","TOI-1301",0.0598660000,6.09640720900,,6.70000000,2.47700000,0.770000,0.732000,4820.00
"Kepler-661 b","Kepler-661",0.0585000000,6.02930132100,0.000000,9.64000000,3.07000000,0.700000,0.670000,4483.00
"Kepler-1540 b","Kepler-1540",0.4426000000,125.41311770000,0.000000,6.76000000,2.49000000,0.740000,0.690000,4540.00
"TIC 445839811 b","TIC 445839811",,11.10862603180,,6.70000000,2.47771211,0.950000,0.850041,5408.25
"HD 154088 b","HD 154088",0.1340000000,18.56000000000,0.344000,6.60000000,2.46000000,0.910000,0.950000,5374.00
"TOI-4511 b","TOI-4511",,10.98090968596,,8.01000000,2.75304932,1.017000,1.001450,5418.77
"Kepler-411 e","Kepler-411",0.1860000000,31.50972800000,0.016000,10.80000000,3.28000000,0.870000,0.820000,4974.00
"TOI-2200 b","TOI-2200",,2.93602836512,,38.70000000,6.96310517,0.850000,0.826247,5036.17
"K2-285 c","K2-285",0.0824000000,7.13804800000,0.000000,15.68000000,3.53000000,0.830000,0.787000,4975.00
"TOI-1386 c","TOI-1386",0.7500000000,232.00000000000,0.380000,75.20000000,10.30000000,1.036300,1.023500,5735.00
"BEBOP-3 b","BEBOP-3",1.4440000000,547.00000000000,0.247000,177.34825111,14.20000000,1.083000,1.414000,6033.00
"Kepler-1071 b","Kepler-1071",0.0629000000,6.17998440000,0.000000,6.26000000,2.38000000,0.860000,0.810000,5215.00
"Kepler-1515 b","Kepler-1515",0.7523500000,214.31141640000,0.000000,66.20000000,9.55000000,1.300000,1.410000,6511.00
"K2-242 b","K2-242",0.0494000000,6.51389000000,,6.99000000,2.54000000,0.380000,0.370000,3459.00
"TIC 77319217 b","TIC 77319217",,7.54830765124,,9.85000000,3.10879526,1.160000,1.184390,5961.52
"HAT-P-55 b","HAT-P-55",0.0462800000,3.58523130000,0.170000,189.42573057,14.84069045,1.028000,1.105000,5804.00
"Kepler-344 c","Kepler-344",0.4880000000,125.59680900000,0.000000,9.01000000,2.95000000,0.931000,0.976000,5774.00
"GJ 4274 c","GJ 4274",0.1860000000,69.57000000000,,8.39000000,2.83000000,0.180000,0.190000,3228.00
"Kepler-172 b","Kepler-172",0.0400000000,2.94030900000,0.000000,6.12000000,2.35000000,1.081000,1.085000,5526.00
"K2-139 b","K2-139",0.1796000000,28.38061900000,0.120000,123.00021000,9.11000000,0.960000,0.880000,5370.00
"Kepler-902 b","Kepler-902",0.2230000000,40.10995470000,0.000000,6.99000000,2.54000000,0.950000,0.930000,5647.00
"Kepler-894 b","Kepler-894",0.0916000000,9.80322400000,0.000000,8.15000000,2.78000000,0.870000,0.850000,5603.00
"TOI-1064 b","TOI-1064",0.0615200000,6.44386800000,0.047000,13.50000000,2.58700000,0.748000,0.726000,4734.00
"WASP-28 b","WASP-28",0.0442000000,3.40883495000,0.000000,282.54945382,13.66374747,0.993000,1.083000,6084.00
"GJ 3341 b","GJ 3341",0.0890000000,14.20700000000,0.310000,6.60000000,2.46000000,0.470000,0.439000,3526.00
"GJ 1289 b","GJ 1289",0.2700000000,111.74000000000,0.000000,6.27000000,2.38000000,0.210000,0.245012,3296.00
"Kepler-555 b","Kepler-555",0.1201000000,16.21775407000,0.000000,8.40000000,2.83000000,1.030000,1.040000,5894.00
"HATS-10 b","HATS-10",0.0449100000,3.31284600000,0.501000,167.17858000,10.86152100,1.101000,1.105000,5880.00
"Kepler-715 b","Kepler-715",0.0933000000,10.00652995000,0.000000,13.50000000,3.75000000,1.040000,1.040000,5871.00
"TOI-1694 b","TOI-1694",0.0445000000,3.77013890000,0.122000,28.24000000,5.27000000,0.828000,0.812000,5005.00
"Kepler-164 d","Kepler-164",0.1870000000,28.98676900000,0.000000,6.57000000,2.45000000,1.036000,1.148000,5888.00
"Kepler-786 b","Kepler-786",0.2548300000,53.52934870000,0.000000,6.48000000,2.43000000,0.810000,0.740000,4838.00
"TOI-3785 b","TOI-3785",0.0430000000,4.67473730000,0.110000,14.95000000,5.14000000,0.520000,0.500000,3576.00
"WASP-145 A b","WASP-145 A",0.0261000000,1.76903810000,0.000000,282.86870000,10.08810000,0.760000,0.680000,4900.00
"TOI-1296 b","TOI-1296",0.0510000000,3.94437360000,0.000000,95.30000000,14.11645916,1.157600,1.703100,5567.00
"Kepler-635 b","Kepler-635",0.1833200000,23.44971004000,0.000000,7.46000000,2.64000000,1.330000,1.510000,6174.00
"TOI-1279 b","TOI-1279",0.0850000000,9.61419000000,0.000000,10.60000000,2.66146528,0.878400,0.842600,5457.00
"TOI-682.01","TOI-682",,6.83923880000,,13.50000000,3.74186000,0.850000,1.080000,5085.00
"TOI-4495 b","TOI-4495",0.0395700000,2.56699000000,0.078000,7.70000000,2.48300000,1.247000,1.309000,6210.00
"Kepler-920 c","Kepler-920",0.4029000000,100.82741130000,0.000000,13.80000000,3.80000000,0.890000,0.850000,5403.00
"Kepler-818 b","Kepler-818",0.0886000000,10.03538581400,0.000000,22.90000000,5.11000000,0.940000,0.920000,5638.00
"Kepler-139 c","Kepler-139",0.5860000000,157.07287800000,0.000000,13.00000000,3.38000000,1.078000,1.300000,5594.00
"Kepler-959 b","Kepler-959",0.1633000000,14.80074836000,0.000000,17.60000000,4.38000000,1.600000,2.010000,7005.00
"WASP-83 b","WASP-83",0.0590000000,4.97125200000,0.000000,95.34900000,11.65736000,1.110000,1.050000,5510.00
"Kepler-282 e","Kepler-282",0.2333200000,44.34700000000,0.000000,56.20000000,3.10000000,0.970000,0.890000,5656.00
"Gaia-2 b","Gaia-2",0.0467000000,3.69152240000,,259.66580852,14.81827249,1.000000,1.064000,5720.00
"WASP-124 b","WASP-124",0.0449000000,3.37265000000,0.017000,190.69800000,13.89916000,1.070000,1.020000,6050.00
"TOI-1439 b","TOI-1439",0.1920000000,27.64400000000,0.157000,38.50000000,4.24278610,1.231300,1.618400,5841.00
"Kepler-257 b","Kepler-257",0.0340000000,2.38266700000,0.000000,7.32000000,2.61000000,0.916000,1.037000,5180.00
"Kepler-310 d","Kepler-310",0.3920000000,92.87612500000,0.000000,7.00000000,2.47000000,0.854000,0.876000,5797.00
"Kepler-184 b","Kepler-184",0.0920000000,10.68757600000,0.000000,6.17000000,2.36000000,0.872000,0.873000,5788.00
"Kepler-1744 b","Kepler-1744",0.2094500000,37.10110092000,0.000000,13.60000000,3.76754004,0.886000,0.850000,5986.00
"TOI-908 b","TOI-908",0.0416570000,3.18379200000,0.132000,16.13700000,3.18600000,0.950000,1.028000,5626.00
"HD 99492 c","HD 99492",,95.23300000000,0.063000,17.90000000,4.42000000,0.850000,0.822539,4929.00
"Kepler-827 b","Kepler-827",0.2742000000,51.92927591000,0.000000,27.00000000,5.63000000,0.930000,0.910000,5602.00
"Kepler-228 c","Kepler-228",0.0520000000,4.13444400000,0.000000,7.75000000,2.70000000,1.006000,1.014000,6043.00
"Kepler-77 b","Kepler-77",0.0450100000,3.57878087000,0.000000,136.66100000,10.76100000,0.950000,0.990000,5520.00
"GJ 581 b","GJ 581",0.0399000000,5.36860000000,0.034200,20.50000000,4.79000000,0.295000,0.302000,3500.00
"K2-403 b","K2-403",,33.58997900000,,24.60000000,5.33300000,0.784000,0.886000,5511.00
"Kepler-238 f","Kepler-238",0.2863500000,50.44700000000,0.000000,13.50000000,2.00000000,1.060000,0.960000,5800.00
"Kepler-68 d","Kepler-68",1.4690000000,632.62000000000,0.102000,267.00000000,13.90000000,1.057000,1.256400,5847.00
"Kepler-99 b","Kepler-99",0.0507100000,4.60358000000,0.000000,6.15000000,1.48000000,0.790000,0.730000,4782.00
"Kepler-687 b","Kepler-687",0.1326000000,20.50586978000,0.000000,12.20000000,3.52000000,0.770000,0.730000,4841.00
"BD+48 738 b","BD+48 738",1.0000000000,392.60000000000,0.200000,289.22530000,13.90000000,0.740000,11.000000,4414.00
"Kepler-1773 b","Kepler-1773",0.2483100000,40.80970001000,0.000000,12.10000000,3.50469499,1.241000,1.300000,6183.00
"TOI-7041 b","TOI-7041",,9.69100000000,0.040000,114.41822652,11.43316031,1.070000,4.100000,4700.00
"K2-37 c","K2-37",0.0653400000,6.42966000000,,6.39000000,2.41000000,0.840000,0.809000,5352.00
"TOI-1260 b","TOI-1260",0.0367000000,3.12746300000,0.000000,8.56000000,2.41000000,0.679000,0.672000,4227.00
"Kepler-52 c","Kepler-52",0.1037900000,16.38500210000,0.012000,45.40000000,1.84000000,0.540000,0.520000,4075.00
"Kepler-1990 b","Kepler-1990",0.0286000000,1.73513619000,0.000000,10.70000000,3.27000000,1.028000,1.071000,5751.00
"TOI-1749 c","TOI-1749",0.0443000000,4.49290000000,0.019000,14.00000000,2.12000000,0.580000,0.550000,3985.00
"Kepler-466 b","Kepler-466",0.2676900000,51.07926307000,0.000000,8.50000000,2.85000000,1.040000,1.050000,5927.00
"HD 63765 b","HD 63765",0.9400000000,358.00000000000,0.240000,168.44990000,14.20000000,0.650000,0.830000,5449.00
"TOI-7008 b","TOI-7008",,0.84069041367,,21.70000000,4.94735276,0.880000,0.952550,5116.06
"TOI-3877 b","TOI-3877",0.0529000000,4.12359600000,0.220000,99.79811980,11.67975789,1.160000,1.445000,5731.00
"HD 191939 e","HD 191939",0.4070000000,101.12000000000,0.031000,112.20000000,13.00000000,0.810000,0.940000,5348.00
"Kepler-859 b","Kepler-859",0.1315700000,20.38177573000,0.000000,9.75000000,3.09000000,0.810000,0.770000,5020.00
"HD 83443 b","HD 83443",0.0406000000,2.98562800000,0.012000,127.76701961,14.10000000,1.000000,0.940000,5442.00
"K2-249 b","K2-249",0.1151000000,12.40900000000,,8.20000000,2.79000000,1.320000,1.570000,6504.00
"HD 33283 b","HD 33283",0.1508000000,18.19910000000,0.399000,104.56607000,12.50000000,1.380000,1.970000,5935.00
"GJ 536 b","GJ 536",0.0668000000,8.70874000000,0.000000,6.37000000,2.41000000,0.528000,0.529000,3641.00
"Kepler-37 e","Kepler-37",0.2500000000,51.19600000000,0.000000,8.10000000,0.37000000,0.800000,0.772000,5288.00
"HD 159868 c","HD 159868",1.0320000000,351.00000000000,0.184000,244.09344000,14.00000000,1.190000,2.130000,5534.00
"Kepler-1665 b","Kepler-1665",0.0960000000,11.95480000000,0.000000,8.44000000,2.83910787,0.842000,0.777785,5049.84
"Kepler-584 b","Kepler-584",0.2281000000,35.18103040000,0.000000,16.50000000,4.21000000,1.170000,1.240000,6195.00
"Kepler-92 b","Kepler-92",0.1223200000,13.74900000000,0.170000,64.30000000,3.51000000,1.210000,1.700000,5883.00
"TOI-277 b","TOI-277",0.0269000000,3.99400000000,,7.51000000,2.65000000,0.160000,0.362000,4031.00
"TIC 67686059 b","TIC 67686059",,3.52163529551,,7.23000000,2.59125922,0.860000,0.820458,5090.09
"TIC 160113658 b","TIC 160113658",,6.72952262077,,12.00000000,3.49015778,0.760000,0.789834,4817.31
"Kepler-533 b","Kepler-533",0.1670400000,28.51120525000,0.000000,11.40000000,3.38000000,0.780000,0.720000,4758.00
"HD 23079 c","HD 23079",,5.74891300000,0.097000,8.26000000,2.80000000,1.160000,1.080000,5994.00
"Kepler-1467 b","Kepler-1467",0.2388000000,47.05690430000,0.000000,10.90000000,3.30000000,0.860000,0.820000,5332.00
"Kepler-199 c","Kepler-199",0.3160000000,67.09340800000,0.000000,10.60000000,3.25000000,0.960000,0.967000,5644.00
"K2-388 b","K2-388",,6.33932000000,,14.50000000,3.90000000,0.930000,0.910000,5310.00
"Kepler-623 b","Kepler-623",0.0854000000,9.07097734000,0.000000,9.32000000,3.01000000,0.900000,0.860000,5443.00
"WASP-176 b","WASP-176",0.0535000000,3.89905200000,0.000000,271.74465000,16.86954500,1.345000,1.925000,5941.00
"KOBE-1 c","KOBE-1",0.1607100000,29.67100000000,0.000000,12.40000000,3.56000000,0.629000,0.619000,4135.00
"Kepler-970 b","Kepler-970",0.1390000000,16.73652500000,0.340000,7.31000000,2.60900000,0.670000,0.710000,4290.00
"Kepler-943 b","Kepler-943",0.2559000000,49.77014380000,0.000000,29.50000000,5.93000000,0.930000,0.910000,5612.00
"TOI-1233.01","HD 108236",0.1074000000,14.17568500000,0.055000,6.98000000,2.53900000,0.869000,0.877000,5660.00
"Kepler-1640 b","Kepler-1640",0.0836000000,7.58441260000,0.000000,20.70000000,4.82000000,1.270000,1.430000,6324.00
"Kepler-1527 b","Kepler-1527",0.6276000000,160.12991800000,0.000000,20.40000000,4.77000000,1.210000,1.320000,6224.00
"TOI-122 b","TOI-122",0.0392000000,5.07803000000,0.000000,7.85000000,2.72000000,0.312000,0.334000,3403.00
"Kepler-619 b","Kepler-619",0.0601400000,5.40427219700,0.000000,10.10000000,3.16000000,1.090000,1.110000,5980.00
"K2-99 b","K2-99",0.1530000000,18.24783000000,0.220000,276.51071409,11.88151954,1.440000,2.550000,6069.00
"TOI-532 b","TOI-532",0.0296000000,2.32665080000,0.000000,61.50000000,5.82000000,0.639000,0.612000,3927.00
"Kepler-178 b","Kepler-178",0.0850000000,9.57669400000,0.000000,8.75000000,2.90000000,0.852000,1.066000,5676.00
"HD 13724 c","HD 13724",0.5340000000,142.22895000000,0.651000,50.85254512,8.18000000,1.004000,1.041980,5835.31
"Kepler-318 b","Kepler-318",0.0560000000,4.66271500000,0.000000,19.90000000,4.71000000,1.073000,1.189000,5746.00
"GJ 1148 c","GJ 1148",0.9120000000,532.58000000000,0.342000,68.06000000,9.71000000,0.344045,0.358519,3287.00
"Kepler-897 b","Kepler-897",0.0770000000,8.04726420000,0.000000,6.30000000,2.39000000,1.030000,1.040000,5839.00
"Kepler-435 b","Kepler-435",0.0948000000,8.60015360000,0.114000,266.97000000,22.31000000,1.538000,3.210000,6161.00
"HD 184010 d","HD 184010",1.9200000000,836.40000000000,0.000000,143.02278315,14.30000000,1.350000,4.860000,4971.00
"WASP-70 A b","WASP-70 A",0.0485300000,3.71302030000,0.000000,187.51200000,13.04700000,1.106000,1.215000,5763.00
"TOI-1798.01","TOI-1798",0.0749840000,8.02152233100,0.000000,6.50000000,2.44800000,0.870000,0.780000,5165.00
"TOI-444 b","TOI-444",0.1330000000,17.96360000000,,8.10000000,2.77000000,0.960000,0.779000,5225.00
"TOI-2202 b","TOI-2202",0.0956400000,11.91260750000,0.022000,287.31687993,10.95117414,0.841000,0.808000,5169.00
"TrES-1 b","TrES-1",0.0392500000,3.03007000000,0.000000,266.97720000,12.66617000,1.040000,0.850000,5230.00
"NGTS-34 b","NGTS-34",0.2570000000,43.12655000000,,19.10000000,3.65000000,1.266000,1.367000,6134.00
"HATS-32 b","HATS-32",0.0402400000,2.81265480000,0.471000,292.40360000,14.00004100,1.099000,1.097000,5700.00
"TOI-6564 b","TOI-6564",0.0542000000,3.98541300000,0.000000,222.16205649,16.39873876,1.180000,1.700000,5943.00
"HD 37124 b","HD 37124",0.5336400000,154.37800000000,0.054000,214.53525000,14.00000000,0.850000,0.949168,5698.64
"TOI-333 b","TOI-333",0.0490000000,3.78525030000,0.000000,20.10000000,4.26000000,1.200000,1.100000,6241.00
"Kepler-665 b","Kepler-665",0.1148000000,16.01310205000,0.000000,7.27000000,2.60000000,0.790000,0.740000,4913.00
"TOI-1347 b","TOI-1347",0.0171000000,0.84742346000,0.000000,11.10000000,1.80000000,0.913000,0.830000,5464.00
"TOI-1750 b","TOI-1750",,11.33727129656,,8.19000000,2.78943837,0.767000,0.768675,4683.75
"TOI-1696 b","TOI-1696",0.0229000000,2.50031100000,0.000000,48.80000000,3.09000000,0.255000,0.277500,3185.00
"TIC 77552382 b","TIC 77552382",,3.51025904942,,27.50000000,5.69176189,0.830000,0.886956,4981.07
"HD 96167 b","HD 96167",1.3320000000,498.04000000000,0.685000,227.88411000,14.00000000,1.270000,1.940000,5733.00
"Kepler-1770 b","Kepler-1770",0.1261000000,16.84189987000,0.000000,8.45000000,2.84141754,0.941000,1.009000,5602.00
"Kepler-292 e","Kepler-292",0.0970000000,11.97901000000,0.000000,7.61000000,2.67000000,0.865000,0.826000,5299.00
"HAT-P-33 b","HAT-P-33",0.0499500000,3.47447000000,0.000000,292.40360000,20.73665000,1.820000,1.790000,6446.00
"K2-198 d","K2-198",,7.45001770000,,6.52000000,2.43800000,0.799000,0.757000,5212.90
"HD 109246 b","HD 109246",0.3300000000,68.27000000000,0.120000,273.33380000,13.90000000,1.200000,1.070000,5844.00
"K2-415 b","K2-415",0.0270000000,4.01796940000,,7.50000000,1.01500000,0.163500,0.196500,3173.00
"Kepler-800 b","Kepler-800",0.1106000000,14.13176026000,0.000000,8.50000000,2.85000000,0.850000,0.820000,5315.00
"Kepler-327 c","Kepler-327",0.0470000000,5.21233300000,0.000000,20.30000000,1.03000000,0.591913,0.492000,3799.00
"K2-271 b","K2-271",0.0770000000,8.56242100000,,41.80000000,7.28000000,0.830000,0.990000,5644.00
"KMT-2018-BLG-0748L b","KMT-2018-BLG-0748L",0.6200000000,,,60.00000000,9.01000000,0.087000,,
"KMT-2017-BLG-0849L b","KMT-2017-BLG-0849L",2.7300000000,,,6.39000000,2.41000000,0.190000,,
"Kepler-1670 b","Kepler-1670",0.1528000000,20.49980000000,0.000000,11.20000000,3.35648010,1.050000,1.518890,5838.00
"Kepler-92 c","Kepler-92",0.1905400000,26.72300000000,0.040000,6.10000000,2.60000000,1.210000,1.700000,5883.00
"Kepler-1799 b","Kepler-1799",0.1028000000,11.92969990000,0.000000,15.90000000,4.12801189,1.016000,0.921000,5831.00
"KMT-2021-BLG-0736L b","KMT-2021-BLG-0736L",4.0000000000,,,21.00000000,4.86000000,0.600000,,
"OGLE-2016-BLG-1093L b","OGLE-2016-BLG-1093L",2.1300000000,,,225.65816897,14.00000000,0.460000,,
"MOA-2010-BLG-117L b","MOA-2010-BLG-117L",2.4200000000,,,170.00000000,14.20000000,0.580000,,
"OGLE-2006-BLG-109L b","OGLE-2006-BLG-109L",2.3000000000,1788.50000000000,,231.00000000,14.00000000,0.510000,,
"HD 332231 b","HD 332231",0.1450000000,18.71202400000,0.000000,74.10000000,9.07303305,1.164200,1.266000,6128.00
"TOI-7189 b","TOI-7189",0.0329400000,2.89055000000,0.060100,159.04000000,10.90000000,0.612000,0.591000,3775.00
"TOI-7265 B b","TOI-7265 B",0.0400700000,4.17232000000,0.037200,224.95000000,10.70000000,0.521000,0.497000,3503.00
"MOA-2016-BLG-526L b","MOA-2016-BLG-526L",2.0700000000,,,14.93793513,3.97000000,0.370000,,
"OGLE-2018-BLG-1185L b","OGLE-2018-BLG-1185L",1.5400000000,,,8.40000000,2.83000000,0.370000,,
"KMT-2024-BLG-0176L b","KMT-2024-BLG-0176L",1.3200000000,,,241.54958932,14.00000000,0.103000,,
"KMT-2021-BLG-1150L b","KMT-2021-BLG-1150L",4.5000000000,,,279.68899816,13.90000000,0.730000,,
"KMT-2017-BLG-1146L b","KMT-2017-BLG-1146L",1.6000000000,,,230.00000000,14.00000000,0.330000,,
"TWA 7 b","TWA 7",52.0000000000,,,108.06165838,12.70000000,0.460000,0.917173,3509.00
"Kepler-463 b","Kepler-463",0.0792500000,8.98101683300,0.000000,9.53000000,3.05000000,0.870000,0.900000,5661.00
"OGLE-2017-BLG-1522L b","OGLE-2017-BLG-1522L",0.5900000000,,,240.00000000,14.00000000,0.045000,,
"KMT-2019-BLG-1042L b","KMT-2019-BLG-1042L",1.7000000000,,,60.38739733,9.05000000,0.300000,,
"WASP-60 b","WASP-60",0.0554800000,4.30500000000,0.000000,174.80650000,9.86392000,1.190000,1.170000,5900.00
"TOI-5916 b","TOI-5916",0.0278900000,2.36712341000,0.045000,219.00000000,11.80000000,0.518000,0.487000,3541.00
"KMT-2018-BLG-0029L b","KMT-2018-BLG-0029L",4.2700000000,,,7.59000000,2.67000000,1.140000,,
"Kepler-1677 b","Kepler-1677",0.1599000000,22.06400000000,0.000000,7.76000000,2.70216183,1.110000,1.249590,6013.72
"KMT-2018-BLG-0087L b","KMT-2018-BLG-0087L",0.8700000000,,,73.10053361,10.10000000,0.100000,,
"OGLE-2012-BLG-0724L b","OGLE-2012-BLG-0724L",1.6000000000,,,150.00000000,14.30000000,0.290000,,
"TOI-603 b","TOI-603",0.1282000000,16.17984600000,,33.00000000,7.37000000,1.240000,1.477000,6027.00
"TOI-5174 b","TOI-5174",,12.21428600000,,24.80000000,5.35100000,1.000000,1.094570,5643.77
"WASP-172 b","WASP-172",0.0694000000,5.47743300000,0.000000,149.38010000,17.59813000,1.490000,1.910000,6900.00
"TOI-7169 b","TOI-7169",0.0428000000,3.43731250000,0.055000,130.30964687,16.53324653,0.885000,1.500000,5714.00
"Kepler-1038 b","Kepler-1038",0.5238000000,148.46033820000,0.000000,12.20000000,3.53000000,0.870000,0.830000,5335.00
"KOI-134 c","KOI-134",0.2305000000,33.95000000000,0.240000,69.92224954,9.86000000,1.407000,1.667000,6160.00
"HD 127195 c","HD 127195",,836.99000000000,0.050000,206.58846455,14.10000000,1.340000,4.160000,4981.00
"KMT-2019-BLG-0953L b","KMT-2019-BLG-0953L",1.1000000000,,,15.50000000,4.06000000,0.280000,,
"OGLE-2017-BLG-1691L b","OGLE-2017-BLG-1691L",2.4100000000,,,14.62010672,3.92000000,0.450000,,
"Kepler-122 e","Kepler-122",0.2270000000,37.99327300000,0.000000,27.70000000,2.60000000,0.982000,1.216000,6050.00
"Kepler-411 c","Kepler-411",0.0739000000,7.83443500000,0.108000,26.40000000,4.42100000,0.870000,0.820000,4974.00
"OGLE-2018-BLG-1428L b","OGLE-2018-BLG-1428L",3.3000000000,,,240.00000000,14.00000000,0.430000,,
"KMT-2021-BLG-1689L b","KMT-2021-BLG-1689L",2.5000000000,,,46.00000000,7.71000000,0.580000,,4570.00
"Kepler-302 b","Kepler-302",0.1930000000,30.18410400000,0.000000,15.50000000,4.06000000,1.021000,1.220000,5740.00
"GJ 3779 b","GJ 3779",0.0260000000,3.02320000000,0.070000,8.00000000,2.75000000,0.270000,0.281000,3324.00
"Kepler-985 b","Kepler-985",0.4466400000,116.33190100000,0.000000,9.17000000,2.98000000,0.910000,0.850000,5434.00
"Kepler-248 b","Kepler-248",0.0660000000,6.30820500000,0.000000,9.38000000,3.02000000,0.838000,0.831000,5190.00
"Kepler-836 b","Kepler-836",0.1013000000,11.36112327000,0.000000,7.90000000,2.73000000,1.030000,1.040000,5895.00
"TOI-1224 c","TOI-1224",,17.94546600000,0.000000,8.67000000,2.88400000,0.400000,0.404000,3326.00
"OGLE-2019-BLG-0304L b","OGLE-2019-BLG-0304L",1.2300000000,,,162.09248757,14.20000000,0.270000,,
"MOA-2022-BLG-563L b","MOA-2022-BLG-563L",2.1500000000,,,127.13136280,14.00000000,0.480000,,
"KMT-2021-BLG-1077L c","KMT-2021-BLG-1077L",0.9300000000,,,79.45710175,10.60000000,0.140000,,
"Kepler-1676 b","Kepler-1676",0.1954000000,29.92210000000,0.000000,11.30000000,3.37695960,1.070000,1.060660,5878.30
"OGLE-2018-BLG-0799L b","OGLE-2018-BLG-0799L",1.2800000000,,,82.63538582,10.90000000,0.093000,,
"Kepler-733 b","Kepler-733",0.1483000000,20.83424726000,0.000000,8.35000000,2.82000000,0.900000,0.860000,5418.00
"KMT-2021-BLG-0852L b","KMT-2021-BLG-0852L",7.7800000000,,,155.73591943,14.20000000,0.750000,,
"TOI-5108 b","TOI-5108",0.0730000000,6.75358100000,,32.00000000,6.60000000,1.100000,1.290000,5808.00
"KMT-2016-BLG-2605L b","KMT-2016-BLG-2605L",0.6810000000,,,245.04570180,14.00000000,0.064000,,
"OGLE-2018-BLG-0977L b","OGLE-2018-BLG-0977L",2.0000000000,,,6.40000000,2.41000000,0.470000,,
"OGLE-2007-BLG-368L b","OGLE-2007-BLG-368L",2.8000000000,,,20.00000000,4.72000000,0.640000,,
"MOA-2011-BLG-262L b","MOA-2011-BLG-262L",0.9500000000,,,17.00000000,4.29000000,0.110000,,
"KMT-2025-BLG-0481L b","KMT-2025-BLG-0481L",2.1800000000,,,187.51876013,14.10000000,0.220000,,
"HD 190007 b","HD 190007",0.0920000000,11.72412800000,0.136000,15.50000000,4.06000000,0.770000,0.790000,4610.00
"Kepler-1808 b","Kepler-1808",0.1467000000,23.34040070000,0.000000,9.40000000,3.02511302,0.773000,0.892000,5530.00
"Kepler-610 c","Kepler-610",0.5594000000,151.86392000000,0.000000,10.90000000,3.30000000,1.100000,1.130000,5943.00
"Kepler-410 A b","Kepler-410 A",0.1226000000,17.83364800000,0.170000,8.44000000,2.83800000,1.214000,1.352000,6273.00
"Gaia22dkvL b","Gaia22dkvL",1.4000000000,,,187.83658854,14.10000000,1.145000,,
"KMT-2021-BLG-1303L b","KMT-2021-BLG-1303L",2.8900000000,,,120.77479466,13.60000000,0.570000,,
"OGLE-2018-BLG-0596L b","OGLE-2018-BLG-0596L",0.9700000000,,,13.93000000,3.81000000,0.231000,,
"KMT-2023-BLG-0830L b","KMT-2023-BLG-0830L",1.7000000000,,,17.79839079,4.41000000,0.220000,,
"KMT-2023-BLG-0735L b","KMT-2023-BLG-0735L",2.9600000000,,,38.77506565,6.97000000,0.610000,,
"KMT-2021-BLG-0320L b","KMT-2021-BLG-0320L",1.5400000000,,,31.78284070,6.20000000,0.320000,,
"Kepler-1628 b","Kepler-1628",0.2952000000,76.37803300000,0.000000,33.80000000,6.43000000,0.550000,0.520000,3724.00
"Kepler-122 f","Kepler-122",0.2857500000,56.26800000000,0.000000,36.00000000,1.75000000,1.030000,0.949000,5917.00
"Kepler-414 c","Kepler-414",0.0719500000,7.17100000000,0.000000,29.90000000,3.01000000,0.890000,0.946000,5536.00
"TOI-1533 b","TOI-1533",0.0445000000,3.64579740000,0.000000,28.10000000,2.89000000,0.880000,0.849000,5146.00
"Kepler-675 b","Kepler-675",0.0325000000,2.33743801000,0.000000,6.53000000,2.44000000,0.790000,0.750000,4945.00
"Kepler-276 c","Kepler-276",0.1861900000,31.88400000000,0.000000,16.60000000,2.90000000,1.100000,1.030000,5693.00
"HIP 107772 b","HIP 107772",0.2430000000,55.19900000000,0.180000,12.90000000,3.64000000,0.630000,0.513922,4006.00
"HD 11964 c","HD 11964",0.2290000000,37.91000000000,0.300000,25.00000000,5.38000000,0.910000,2.009710,5303.00
"TOI-5515 b","TOI-5515",,8.59225810839,,7.53000000,2.65362762,0.963000,0.835682,5483.65
"TOI-2184 b","TOI-2184",,6.90683000000,0.080000,206.58846455,11.39953337,1.530000,2.900000,5966.00
"HD 199509 b","HD 199509",0.4260000000,99.62167000000,0.373000,43.22466335,7.43000000,1.040000,0.920000,5796.02
"Kepler-325 d","Kepler-325",0.2200000000,38.71518500000,0.000000,8.20000000,2.79000000,0.914000,1.003000,5752.00
"TOI-2545 b","TOI-2545",,7.99403700000,,8.00000000,2.75000000,1.055000,1.253240,5846.29
"HD 136352 c","HD 136352",0.1721000000,27.59221000000,0.000000,11.24000000,2.91600000,0.870000,1.058000,5664.00
"HD 155193 b","HD 155193",1.0400000000,352.65000000000,0.210000,238.37130525,14.00000000,1.221000,1.764390,6239.00
"Kepler-1536 b","Kepler-1536",0.8507000000,364.75803100000,0.000000,10.00000000,3.14000000,0.710000,0.670000,4434.00
"Kepler-961 b","Kepler-961",0.1258500000,16.87727414000,0.000000,7.04000000,2.55000000,0.960000,0.900000,5582.00
"HD 5278 c","HD 5278",0.2416000000,40.87000000000,0.070000,18.40000000,4.49000000,1.126000,1.194000,6203.00
"Kepler-319 c","Kepler-319",0.0690000000,6.94135700000,0.000000,7.41000000,2.63000000,0.933000,0.903000,5526.00
"Kepler-1099 b","Kepler-1099",0.0337000000,2.16845259300,0.000000,8.40000000,2.83000000,1.010000,1.000000,5837.00
"Kepler-244 d","Kepler-244",0.1400000000,20.05040100000,0.000000,15.20000000,2.31000000,0.933000,0.803000,5554.00
"Kepler-879 b","Kepler-879",0.2012000000,33.38559380000,0.000000,7.13000000,2.57000000,1.020000,1.020000,5792.00
"K2-264 c","K2-264",0.1128300000,19.66030200000,0.450000,7.60000000,2.66800000,0.496000,0.473000,3660.00
"Kepler-510 b","Kepler-510",0.1352000000,19.55659418000,0.000000,6.66000000,2.47000000,0.910000,1.410000,5746.00
"HD 164509 b","HD 164509",0.8700000000,280.17000000000,0.238000,140.79869000,14.30000000,1.120000,1.110000,5859.00
"TIC 34085383 b","TIC 34085383",,3.47793368523,,14.60000000,3.91982296,0.733000,0.809951,4694.84
"HD 187123 b","HD 187123",0.0426000000,3.09658280000,0.010300,166.21800000,14.20000000,1.040000,1.150430,5790.00
"WASP-156 b","WASP-156",0.0460000000,3.83616290000,0.160000,42.00000000,6.15000000,0.871200,0.826800,5036.00
"Kepler-16 b","Kepler-16",0.7048000000,228.77600000000,0.006900,105.83300000,8.44930000,0.689700,0.648900,4450.00
"WASP-23 b","WASP-23",0.0376000000,2.94442560000,0.062000,280.95000000,10.78300000,0.780000,0.765000,5150.00
"Kepler-18 c","Kepler-18",0.0752000000,7.64159000000,0.000000,17.30000000,5.49000000,0.972000,1.108000,5345.00
"Kepler-18 b","Kepler-18",0.0447000000,3.50472500000,0.000000,6.90000000,2.00000000,0.972000,1.108000,5345.00
"61 Vir c","61 Vir",0.2175000000,38.02100000000,0.140000,18.20000000,4.46000000,0.942000,0.963000,5577.00
"47 UMa c","47 UMa",3.6000000000,2391.00000000000,0.098000,171.62100000,14.20000000,1.060000,1.213340,5872.00
"BD-08 2823 c","BD-08 2823",0.6800000000,237.60000000000,0.190000,104.00000000,12.50000000,0.740000,0.710000,4746.00
"Kepler-18 d","Kepler-18",0.1172000000,14.85888000000,0.000000,16.40000000,6.98000000,0.972000,1.108000,5345.00
"HD 47186 c","HD 47186",2.3950000000,1353.60000000000,0.249000,111.42000000,13.00000000,0.960000,1.080000,5657.00
"Kepler-32 d","Kepler-32",0.1300000000,22.78020000000,0.000000,39.90890000,2.70000000,0.580000,0.530000,3900.00
"Kepler-42 c","Kepler-42",0.0060000000,0.45328509000,0.000000,60.33700000,0.73000000,0.130000,0.170000,3068.00
"Kepler-35 b","Kepler-35",0.6034700000,131.45800000000,0.042000,40.36300000,8.16000000,0.887700,1.028400,5606.00
"CoRoT-16 b","CoRoT-16",0.0618000000,5.35227000000,0.330000,170.03200000,13.11000000,1.098000,1.190000,5650.00
"CoRoT-5 b","CoRoT-5",0.0494700000,4.03789620000,0.090000,148.42000000,15.55800000,1.000000,1.186000,6100.00
"HD 134987 c","HD 134987",5.8000000000,5000.00000000000,0.120000,260.00000000,13.90000000,1.100000,1.250000,5585.00
"Kepler-33 f","Kepler-33",0.2535000000,41.02902000000,0.000000,9.60000000,4.46000000,1.291000,1.820000,5904.00
"Kepler-31 b","Kepler-31",0.1600000000,20.86130000000,0.000000,36.74180000,5.50000000,1.210000,1.220000,6340.00
"Kepler-34 b","Kepler-34",1.0896000000,288.82200000000,0.182000,69.92000000,8.56400000,1.047900,1.161800,5913.00
"OGLE-TR-111 b","OGLE-TR-111",0.0473000000,4.01444630000,0.000000,174.79900000,11.42197100,0.820000,0.830000,5040.00
"HD 8535 b","HD 8535",2.4500000000,1313.00000000000,0.150000,216.12440000,14.00000000,1.130000,1.190000,6136.00
"MOA-2009-BLG-266L b","MOA-2009-BLG-266L",3.2000000000,2800.00000000000,,10.40000000,3.21000000,0.560000,,
"Kepler-45 b","Kepler-45",0.0300000000,2.45523900000,0.110000,160.49700000,10.76000000,0.590000,0.550000,3820.00
"Kepler-417 b","Kepler-417",0.1006000000,12.33100000000,0.000000,11.00000000,2.31000000,0.900000,0.806000,5177.00
"GJ 3634 b","GJ 3634",0.0287000000,2.64561000000,0.080000,8.40000000,2.83000000,0.450000,0.430000,3517.00
"Kepler-15 b","Kepler-15",0.0571400000,4.94278200000,0.060000,209.76000000,10.76000000,1.018000,0.992000,5515.00
"HD 11964 b","HD 11964",3.1600000000,1945.00000000000,0.041000,198.00000000,14.10000000,0.910000,2.009710,5303.00
"HAT-P-4 b","HAT-P-4",0.0443800000,3.05653600000,0.000000,213.25500000,14.28000000,1.248000,1.596000,5860.00
"OGLE-TR-10 b","OGLE-TR-10",0.0434000000,3.10127800000,0.000000,197.04600000,14.01100000,1.140000,1.170000,5950.00
"HD 192310 b","HD 192310",0.3200000000,74.72000000000,0.130000,16.90000000,4.27000000,0.800000,0.857922,5166.00
"OGLE-2014-BLG-1760L b","OGLE-2014-BLG-1760L",1.8870000000,,,295.89824692,13.80000000,0.803000,,
"OGLE-2013-BLG-0132L b","OGLE-2013-BLG-0132L",3.6000000000,,,92.00000000,11.60000000,0.540000,,
"Kepler-277 b","Kepler-277",0.1416800000,17.32400000000,0.000000,87.30000000,2.92000000,1.120000,1.690000,5946.00
"KMT-2017-BLG-2331L b","KMT-2017-BLG-2331L",2.1400000000,,,171.00000000,14.20000000,0.400000,,
"Kepler-476 b","Kepler-476",0.1126000000,14.00640607000,0.000000,9.69000000,3.08000000,1.030000,1.090000,5837.00
"KMT-2021-BLG-2294L b","KMT-2021-BLG-2294L",1.1500000000,,,22.24798849,5.02000000,0.140000,,
"KMT-2022-BLG-1013L b","KMT-2022-BLG-1013L",1.3800000000,,,98.52680617,12.10000000,0.180000,,
"Kepler-247 d","Kepler-247",0.1408100000,20.47370000000,0.102000,50.00000000,4.50000000,0.884000,0.791000,5094.00
"WASP-155 b","WASP-155",0.0430000000,3.11041300000,0.000000,276.82854250,13.45077684,1.090000,1.240000,5660.00
"Kepler-38 b","Kepler-38",0.4632000000,105.59900000000,0.032000,122.00000000,4.30000000,0.941000,1.752000,5623.00
"WASP-1 b","WASP-1",0.0388900000,2.51994540000,0.000000,271.41500000,16.62300000,1.240000,1.470000,6110.00
"Kepler-50 c","Kepler-50",0.0870000000,9.37647000000,0.000000,8.20000000,2.17000000,1.240000,1.580000,6225.00
"Kepler-87 c","Kepler-87",0.6760000000,191.23180000000,0.039000,6.40000000,6.14000000,1.100000,1.820000,5600.00
"CoRoT-26 b","CoRoT-26",0.0526000000,4.20474000000,0.000000,165.26000000,14.12000000,1.090000,1.790000,5590.00
"Kepler-56 c","Kepler-56",0.1652000000,21.40239000000,0.000000,181.00000000,9.80000000,1.320000,4.230000,4840.00
"GJ 163 c","GJ 163",0.1254000000,25.63058000000,0.099000,6.80000000,2.50000000,0.400000,0.409738,3500.00
"GJ 163 d","GJ 163",1.0304000000,603.95116000000,0.373000,29.40000000,5.92000000,0.400000,0.409738,3500.00
"Kepler-56 b","Kepler-56",0.1028000000,10.50160000000,0.040000,22.10000000,6.51000000,1.320000,4.230000,4840.00
"HD 40307 g","HD 40307",0.6000000000,197.80000000000,0.290000,7.10000000,2.56000000,0.770000,0.716684,4956.00
"KOI-351 f","KOI-351",0.4800000000,124.91440000000,0.000000,8.65000000,2.88000000,1.200000,1.200000,6080.00
"HAT-P-45 b","HAT-P-45",0.0452000000,3.12899200000,0.049000,283.49200000,15.98400000,1.259000,1.319000,6330.00
"HAT-P-44 b","HAT-P-44",0.0507000000,4.30121900000,0.044000,111.87100000,13.92200000,0.942000,0.949000,5295.00
"Kepler-11 e","Kepler-11",0.1950000000,31.99960000000,0.012000,8.00000000,4.19000000,0.961000,1.065000,5663.00
"HD 103774 b","HD 103774",0.0700000000,5.88810000000,0.090000,116.00000000,13.30000000,1.335000,1.581047,6489.00
"HATS-5 b","HATS-5",0.0542000000,4.76338700000,0.019000,75.32300000,10.22300000,0.936000,0.871000,5304.00
"Kepler-11 g","Kepler-11",0.4660000000,118.38070000000,0.150000,25.00000000,3.33000000,0.961000,1.065000,5663.00
"KOI-351 e","KOI-351",0.4200000000,91.93913000000,0.000000,7.56000000,2.66000000,1.200000,1.200000,6080.00
"HD 109271 b","HD 109271",0.0790000000,7.85430000000,0.250000,17.16200000,4.31000000,1.047000,1.294595,5783.00
"HD 109271 c","HD 109271",0.1960000000,30.93000000000,0.150000,24.15400000,5.27000000,1.047000,1.294595,5783.00
"Kepler-67 b","Kepler-67",0.1171000000,15.72590000000,0.000000,8.96000000,2.94000000,0.865000,0.778000,5331.00
"HAT-P-38 b","HAT-P-38",0.0523000000,4.64038200000,0.067000,84.85700000,9.24700000,0.886000,0.923000,5330.00
"OGLE-2011-BLG-0251L b","OGLE-2011-BLG-0251L",2.7200000000,,,170.00000000,14.20000000,0.260000,,
"PH1 b","PH1",0.6520000000,138.31700000000,0.070200,169.00000000,6.18000000,1.528000,1.734000,6407.00
"Kepler-415 b","Kepler-415",0.0426000000,4.17600000000,0.000000,119.90000000,1.21000000,0.670000,0.643000,4362.00
"Kepler-338 c","Kepler-338",0.1720000000,24.31085600000,0.030000,6.08000000,2.34000000,1.105000,1.735000,5923.00
"WASP-126 b","WASP-126",0.0449000000,3.28883000000,0.180000,90.30000000,10.51358773,1.120000,1.270000,5800.00
"HD 207832 c","HD 207832",2.1120000000,1155.70000000000,0.270000,232.01590000,14.00000000,0.940000,0.901000,5710.00
"HAT-P-39 b","HAT-P-39",0.0509000000,3.54387000000,0.000000,190.37200000,17.60900000,1.404000,1.625000,6430.00
"HIP 57274 d","HIP 57274",1.0100000000,431.70000000000,0.270000,167.40000000,14.20000000,0.730000,0.680000,4640.00
"Kepler-82 e","Kepler-82",0.0630000000,5.90220600000,0.000000,254.02000000,2.47000000,0.946000,0.945000,5428.00
"Kepler-417 c","Kepler-417",0.1194000000,15.94300000000,0.000000,7.70000000,2.69000000,0.900000,0.806000,5177.00
"TOI-1272 b","TOI-1272",0.0410000000,3.31597650000,0.345000,24.10000000,4.26000000,0.828000,0.800000,4985.00
"Kepler-82 f","Kepler-82",0.3395000000,75.73200000000,0.001400,20.90000000,4.84000000,0.910000,0.898000,5401.00
"TOI-1883 b","TOI-1883",0.0423000000,4.50800000000,0.000000,13.70000000,5.65000000,0.495000,0.506000,3554.00
"Kepler-338 d","Kepler-338",0.2570000000,44.43101400000,0.030000,9.27000000,3.00000000,1.105000,1.735000,5923.00
"Kepler-58 b","Kepler-58",0.0929100000,10.21849540000,0.040000,35.50000000,2.78000000,0.950000,1.030000,5843.00
"Kepler-130 c","Kepler-130",0.1780000000,27.50868000000,0.000000,8.75000000,2.90000000,1.000000,1.170000,5879.00
"Kapteyn c","Kapteyn",0.3110000000,121.54000000000,0.230000,7.00000000,2.54000000,0.281000,0.291000,3550.00
"Kepler-63 b","Kepler-63",0.0800000000,9.43415050000,0.450000,120.00000000,6.11000000,0.984000,0.901000,5576.00
"Kepler-53 c","Kepler-53",0.2209100000,38.55830380000,0.000000,36.00000000,3.17000000,0.980000,0.890000,5858.00
"Kepler-81 b","Kepler-81",0.0522000000,5.95500000000,0.000000,17.20000000,2.42000000,0.640000,0.590000,4385.00
"Kepler-55 c","Kepler-55",0.2095000000,42.15164180000,0.000000,69.80000000,2.21000000,0.620000,0.580000,4362.00
"Kepler-62 d","Kepler-62",0.1200000000,18.16406000000,0.000000,14.00000000,1.95000000,0.690000,0.640000,4925.00
"Kepler-62 b","Kepler-62",0.0553000000,5.71493200000,0.000000,9.00000000,1.31000000,0.690000,0.640000,4925.00
"Kepler-55 b","Kepler-55",0.1593000000,27.94814490000,0.000000,43.00000000,2.43000000,0.620000,0.580000,4362.00
"Kepler-413 b","Kepler-413",0.3553000000,66.26200000000,0.118100,67.00000000,4.34700000,0.820000,0.776100,4700.00
"HAT-P-27 b","HAT-P-27",0.0400000000,3.03957700000,0.000000,197.05000000,11.43000000,0.916000,0.864673,5316.00
"Kepler-193 c","Kepler-193",0.2860000000,50.69749400000,0.000000,8.00000000,2.75000000,1.051000,1.147000,6335.00
"Kepler-313 b","Kepler-313",0.1250000000,14.97041800000,0.000000,6.94000000,2.53000000,1.114000,1.536000,5727.00
"Kepler-238 e","Kepler-238",0.1728600000,23.65400000000,0.000000,169.70000000,5.60000000,1.060000,0.960000,5800.00
"Kepler-328 b","Kepler-328",0.2199000000,34.92100000000,0.000000,28.50000000,2.30000000,1.150000,1.060000,6064.00
"Kepler-275 c","Kepler-275",0.1320000000,16.08813400000,0.000000,11.40000000,3.38000000,1.189000,1.383000,6165.00
"Kepler-214 b","Kepler-214",0.1300000000,15.66054400000,0.000000,7.32000000,2.61000000,1.110000,1.352000,6169.00
"Kepler-219 c","Kepler-219",0.1650000000,22.71461300000,0.000000,12.50000000,3.58000000,1.164000,1.491000,5786.00
"Kepler-340 c","Kepler-340",0.1780000000,22.82466900000,0.000000,11.30000000,3.37000000,1.650000,1.850000,6620.00
"Kepler-293 b","Kepler-293",0.1440000000,19.25419600000,0.000000,9.64000000,3.07000000,0.934000,0.957000,5804.00
"DMPP-7 b","DMPP-7",0.0607000000,4.92666000000,0.054000,68.95800000,9.78000000,1.230000,1.490000,6096.00
"HD 127195 b","HD 127195",,534.50000000000,0.040000,212.94503269,14.00000000,1.340000,4.160000,4981.00
"Kepler-148 c","Kepler-148",0.0500000000,4.18004300000,0.000000,12.60000000,3.60000000,0.860000,0.851000,5272.00
"Kepler-290 c","Kepler-290",0.2050000000,36.77031000000,0.000000,7.75000000,2.70000000,0.756000,0.743000,5147.00
"Kepler-226 b","Kepler-226",0.0470000000,3.94099700000,0.000000,24.00000000,1.55000000,0.904000,0.802000,5571.00
"Kepler-333 b","Kepler-333",0.0870000000,12.55115800000,0.000000,28.20000000,1.32000000,0.601000,0.534000,4259.00
"Kepler-343 b","Kepler-343",0.0880000000,8.96855000000,0.000000,6.39000000,2.41000000,1.055000,1.433000,5807.00
"TOI-762 A b","TOI-762 A",0.0341800000,3.47168260000,0.083000,79.77493016,8.33948164,0.442000,0.425000,3266.00
"Kepler-125 b","Kepler-125",0.0410000000,4.16438900000,0.000000,6.21000000,2.37000000,0.542101,0.512000,3810.00
"Kepler-306 c","Kepler-306",0.0670000000,7.24019300000,0.000000,6.12000000,2.35000000,0.750000,0.719000,4954.00
"Kepler-53 d","Kepler-53",0.0910000000,9.75196200000,0.000000,166.50300000,2.12000000,0.966000,0.958000,6085.00
"Kepler-238 d","Kepler-238",0.1150000000,13.23354900000,0.000000,23.10000000,3.07000000,1.229000,1.430000,5751.00
"Kepler-127 d","Kepler-127",0.2800000000,48.63040800000,0.030000,7.46000000,2.64000000,1.248000,1.359000,6106.00
"Kepler-222 c","Kepler-222",0.0910000000,10.08881000000,0.000000,19.40000000,4.64000000,0.933000,0.869000,5433.00
"Kepler-257 d","Kepler-257",0.1600000000,24.66455100000,0.000000,21.70000000,4.95000000,0.916000,1.037000,5180.00
"Kepler-310 c","Kepler-310",0.2810000000,56.47542000000,0.000000,11.40000000,3.38000000,0.854000,0.876000,5797.00
"Kepler-241 c","Kepler-241",0.1890000000,36.06597800000,0.000000,7.13000000,2.57000000,0.671000,0.668000,4699.00
"Kepler-351 c","Kepler-351",0.2870000000,57.24809000000,0.000000,11.10000000,3.19000000,0.810000,0.854000,5643.00
"Kepler-166 c","Kepler-166",0.1950000000,34.26028100000,0.000000,6.26000000,2.38000000,0.811000,0.742000,5413.00
"Kepler-108 c","Kepler-108",0.7210000000,190.32349400000,0.040000,50.90000000,8.18000000,1.247000,2.192000,5854.00
"Kepler-268 c","Kepler-268",0.3910000000,83.44639300000,0.000000,11.40000000,3.38000000,1.109000,1.274000,6081.00
"Kepler-349 b","Kepler-349",0.0650000000,5.92977800000,0.000000,94.50000000,1.90000000,1.083000,0.927000,5956.00
"Kepler-108 b","Kepler-108",0.2920000000,49.18392100000,0.220000,56.00000000,8.65000000,1.247000,2.192000,5854.00
"Kepler-264 b","Kepler-264",0.2490000000,40.80623100000,0.000000,11.10000000,3.33000000,1.426000,1.550000,6158.00
"Kepler-171 c","Kepler-171",0.0980000000,11.46346200000,0.000000,7.08000000,2.56000000,0.978000,0.839000,5642.00
"Kepler-263 b","Kepler-263",0.1200000000,16.56808700000,0.000000,7.61000000,2.67000000,0.793000,0.785000,5265.00
"Kepler-268 b","Kepler-268",0.1800000000,25.93413800000,0.000000,7.04000000,2.55000000,1.109000,1.274000,6081.00
"Kepler-287 b","Kepler-287",0.1450000000,20.34219900000,0.000000,83.00000000,2.33000000,0.963000,1.032000,5806.00
"TOI-4409 b","TOI-4409",,92.49178900000,0.036000,14.93793513,7.44000000,0.763000,0.720000,4928.00
"Kepler-297 c","Kepler-297",0.3360000000,74.92013700000,0.000000,42.10000000,6.54000000,0.927000,0.915000,5619.00
"Kepler-150 e","Kepler-150",0.1890000000,30.82655700000,0.000000,9.91000000,3.12000000,0.956000,0.939000,5560.00
"Kepler-178 c","Kepler-178",0.1420000000,20.55280200000,0.000000,8.65000000,2.88000000,0.852000,1.066000,5676.00
"Kepler-267 b","Kepler-267",0.0370000000,3.35372800000,0.000000,37.90000000,1.98000000,0.541571,0.555000,4258.00
"Kepler-309 c","Kepler-309",0.4010000000,105.35638300000,0.000000,6.85000000,2.51000000,0.816000,0.721000,4713.00
"Kepler-265 c","Kepler-265",0.1270000000,17.02893700000,0.000000,7.41000000,2.63000000,0.970000,1.103000,5835.00
"Kepler-269 b","Kepler-269",0.0610000000,5.32671800000,0.000000,6.66000000,2.47000000,0.920000,0.959000,5847.00
"Kepler-305 b","Kepler-305",0.0574600000,5.48700000000,0.005000,10.50000000,3.60000000,0.760000,0.800000,5080.00
"Kepler-277 c","Kepler-277",0.2178100000,33.00600000000,0.000000,64.20000000,3.36000000,1.120000,1.690000,5946.00
"Kepler-152 c","Kepler-152",0.3560000000,88.25505500000,0.000000,6.30000000,2.39000000,0.779000,0.724000,5088.00
"Kepler-299 c","Kepler-299",0.0700000000,6.88587500000,0.000000,7.51000000,2.65000000,1.004000,1.032000,5617.00
"Kepler-254 d","Kepler-254",0.1390000000,18.74647700000,0.000000,6.80000000,2.50000000,0.849000,0.910000,5957.00
"Kepler-145 b","Kepler-145",0.1730800000,22.95100000000,0.430000,37.10000000,2.65000000,1.320000,1.850000,6022.00
"Kepler-288 c","Kepler-288",0.1400000000,19.30577200000,0.000000,8.50000000,2.85000000,0.842000,1.091000,5918.00
"Kepler-312 c","Kepler-312",0.1530000000,19.74741200000,0.000000,10.10000000,3.15000000,1.314000,1.467000,6115.00
"Kepler-287 c","Kepler-287",0.2460000000,44.85189600000,0.000000,66.00000000,3.26000000,0.963000,1.032000,5806.00
"Kepler-178 d","Kepler-178",0.3970000000,96.67898800000,0.000000,14.80000000,3.95000000,0.852000,1.066000,5676.00
"Kepler-315 b","Kepler-315",0.4020000000,96.10114100000,0.000000,13.70000000,3.77000000,0.831000,1.037000,5796.00
"Kepler-281 c","Kepler-281",0.2150000000,36.33737300000,0.000000,161.12400000,5.31000000,0.950000,0.899000,5723.00
"Kepler-85 d","Kepler-85",0.1300000000,17.91323000000,0.000000,8.69679000,1.20000000,0.947000,0.893000,5436.00
"Kepler-213 c","Kepler-213",0.0570000000,4.82296200000,0.000000,6.08000000,2.34000000,1.070000,1.195000,5696.00
"Kepler-355 c","Kepler-355",0.1790000000,25.76229400000,0.000000,7.80000000,2.71000000,0.933000,1.066000,6184.00
"Kepler-358 b","Kepler-358",0.2100000000,34.06046700000,0.000000,7.85000000,2.72000000,0.940000,0.954000,5908.00
"Kepler-359 b","Kepler-359",0.1780000000,25.56322200000,0.000000,12.20000000,3.53000000,0.827000,1.086000,6248.00
"Kepler-363 c","Kepler-363",0.0790000000,7.54242700000,0.000000,66.40000000,1.69000000,1.226000,1.485000,5593.00
"Kepler-112 c","Kepler-112",0.1720000000,28.57426300000,0.000000,6.35000000,2.40000000,0.782000,0.841000,5544.00
"Kepler-52 d","Kepler-52",0.1820000000,36.44517100000,0.000000,88.87750000,1.95000000,0.577000,0.556000,4263.00
"Kepler-231 b","Kepler-231",0.0740000000,10.06527500000,0.000000,35.40000000,1.73000000,0.580000,0.490000,3767.00
"Kepler-357 d","Kepler-357",0.2460000000,49.49987500000,0.000000,11.60000000,3.43000000,0.794000,0.834000,5036.00
"Kepler-358 c","Kepler-358",0.3810000000,83.48836900000,0.000000,8.50000000,2.85000000,0.940000,0.954000,5908.00
"Kepler-139 b","Kepler-139",0.1270000000,15.77104400000,0.000000,7.00000000,2.94000000,1.078000,1.300000,5594.00
"Kepler-272 b","Kepler-272",0.0380000000,2.97135300000,0.000000,78.00000000,1.43000000,0.910000,0.929000,5297.00
"Kepler-175 c","Kepler-175",0.2130000000,34.03525700000,0.000000,9.80000000,3.10000000,0.969000,1.010000,6064.00
"Kepler-239 c","Kepler-239",0.2680000000,56.22809800000,0.000000,6.85000000,2.51000000,0.757000,0.763000,4914.00
"Kepler-143 c","Kepler-143",0.1810000000,27.08251100000,0.000000,11.30000000,3.37000000,0.982000,1.359000,5848.00
"Kepler-122 b","Kepler-122",0.0640000000,5.76619300000,0.000000,6.08000000,2.34000000,0.982000,1.216000,6050.00
"TOI-3053 b","TOI-3053",0.0390000000,2.99199870000,0.000000,270.15414595,13.56286665,0.960000,0.970000,5378.00
"Kepler-133 c","Kepler-133",0.2040000000,31.51758600000,0.000000,8.45000000,2.84000000,1.020000,1.425000,5736.00
"Kepler-251 e","Kepler-251",0.4040000000,99.64016100000,0.000000,8.10000000,2.77000000,0.891000,0.890000,5526.00
"Kepler-326 c","Kepler-326",0.0510000000,4.58035800000,0.000000,17.40000000,1.40000000,0.910000,0.801000,5105.00
"K2-24 b","K2-24",0.1673000000,20.88959610000,0.049800,20.60000000,5.63800000,1.091000,1.185000,5726.00
"Kepler-26 e","Kepler-26",0.2200000000,46.82791500000,0.000000,6.39000000,2.41000000,0.593000,0.571000,4486.00
"Kepler-344 b","Kepler-344",0.1530000000,21.96394500000,0.000000,7.32000000,2.61000000,0.931000,0.976000,5774.00
"Kepler-293 c","Kepler-293",0.2860000000,54.15574300000,0.000000,14.00000000,3.83000000,0.934000,0.957000,5804.00
"Kepler-258 c","Kepler-258",0.1930000000,33.65307900000,0.000000,12.70000000,3.61000000,0.820000,0.915000,4942.00
"Kepler-325 b","Kepler-325",0.0530000000,4.54443900000,0.000000,8.80000000,2.91000000,0.914000,1.003000,5752.00
"Kepler-397 c","Kepler-397",0.4800000000,135.49852700000,0.000000,31.60000000,6.18000000,0.844000,0.767000,5307.00
"Kepler-411 b","Kepler-411",0.0375000000,3.00515600000,0.146000,25.60000000,2.40100000,0.870000,0.820000,4974.00
"TOI-2095 c","TOI-2095",0.1370000000,28.17232000000,0.000000,7.40000000,1.33000000,0.440000,0.440000,3759.00
"TOI-4504 b","TOI-4504",0.0338000000,2.42615160000,0.840000,140.00000000,2.65000000,0.875000,0.930000,5315.00
"Kepler-46 c","Kepler-46",0.2799000000,57.01100000000,0.014600,119.49900000,13.50000000,0.902000,0.938000,5155.00
"Kepler-136 b","Kepler-136",0.1060000000,11.57890000000,0.000000,19.80000000,2.05000000,1.204000,1.355000,6165.00
"Kepler-350 b","Kepler-350",0.1040000000,11.18956200000,0.000000,16.90000000,1.85000000,1.190000,1.534000,6186.00
"Kepler-24 d","Kepler-24",0.0510000000,4.24438400000,0.000000,293.95900000,1.67000000,1.046000,1.289000,5897.00
"Kepler-313 c","Kepler-313",0.2080000000,32.27327300000,0.000000,7.13000000,2.57000000,1.114000,1.536000,5727.00
"Kepler-204 b","Kepler-204",0.1170000000,14.40097400000,0.000000,6.94000000,2.53000000,1.038000,1.238000,5812.00
"Kepler-288 d","Kepler-288",0.2870000000,56.63374200000,0.000000,7.61000000,2.67000000,0.842000,1.091000,5918.00
"Kepler-149 b","Kepler-149",0.1840000000,29.19894300000,0.000000,16.50000000,4.21000000,1.013000,0.953000,5381.00
"Kepler-234 b","Kepler-234",0.0400000000,2.71150600000,0.000000,13.20000000,3.70000000,1.129000,1.113000,6224.00
"Kepler-397 b","Kepler-397",0.1440000000,22.25094900000,0.000000,6.62000000,2.46000000,0.844000,0.767000,5307.00
"Kepler-198 b","Kepler-198",0.1310000000,17.79003700000,0.000000,8.35000000,2.82000000,0.995000,0.940000,5574.00
"Kepler-173 c","Kepler-173",0.0740000000,8.00577700000,0.000000,6.48000000,2.43000000,1.067000,0.949000,6031.00
"Kepler-325 c","Kepler-325",0.1050000000,12.76217200000,0.000000,6.99000000,2.54000000,0.914000,1.003000,5752.00
"Kepler-243 b","Kepler-243",0.0620000000,5.71544200000,0.000000,6.57000000,2.45000000,0.904000,0.842000,5228.00
"Kepler-147 c","Kepler-147",0.2160000000,33.41642300000,0.000000,6.48000000,2.43000000,1.145000,1.468000,6012.00
"Kepler-183 c","Kepler-183",0.1030000000,11.63707100000,0.000000,35.70000000,2.27000000,0.990000,0.958000,5888.00
"Kepler-244 b","Kepler-244",0.0500000000,4.31179200000,0.000000,8.05000000,2.76000000,0.933000,0.803000,5554.00
"Kepler-256 e","Kepler-256",0.0960000000,10.68157200000,0.000000,6.12000000,2.35000000,1.037000,1.301000,5551.00
"Kepler-209 c","Kepler-209",0.2310000000,41.74988200000,0.000000,9.80000000,3.10000000,0.971000,0.935000,5513.00
"Kepler-229 d","Kepler-229",0.2200000000,41.19491200000,0.000000,14.20000000,3.85000000,0.808000,0.728000,5120.00
"Kepler-156 c","Kepler-156",0.1170000000,15.90680100000,0.000000,7.04000000,2.55000000,0.864000,0.807000,5094.00
"Kepler-405 c","Kepler-405",0.1880000000,29.72668200000,0.000000,19.60000000,4.66000000,0.873000,0.893000,5818.00
"Kepler-315 c","Kepler-315",0.7910000000,265.46933500000,0.000000,16.10000000,4.15000000,0.831000,1.037000,5796.00
"Kepler-159 b","Kepler-159",0.0820000000,10.13962300000,0.000000,6.26000000,2.38000000,0.628000,0.663000,4625.00
"Kepler-82 b","Kepler-82",0.1683000000,26.44000000000,0.003300,12.15000000,4.07000000,0.910000,0.898000,5401.00
"Kepler-122 c","Kepler-122",0.1080000000,12.46598800000,0.000000,29.00000000,5.87000000,0.982000,1.216000,6050.00
"Kepler-338 e","Kepler-338",0.0897900000,9.34100000000,0.050000,8.50000000,1.56000000,1.140000,1.735000,5999.00
"Kepler-169 f","Kepler-169",0.3590000000,87.09019500000,0.000000,7.18000000,2.58000000,0.825000,0.763000,4997.00
"Kepler-143 b","Kepler-143",0.1270000000,16.00758300000,0.000000,6.39000000,2.41000000,0.982000,1.359000,5848.00
"Kepler-342 d","Kepler-342",0.2420000000,39.45935700000,0.000000,6.76000000,2.49000000,1.213000,1.472000,6175.00
"Kepler-233 c","Kepler-233",0.2870000000,60.41895500000,0.000000,7.80000000,2.71000000,0.855000,0.758000,5360.00
"HD 60779 b","HD 60779",0.1922000000,29.98617500000,0.031000,14.19000000,3.24600000,1.050000,1.129000,6081.00
"Kepler-335 c","Kepler-335",0.3560000000,67.84446900000,0.000000,9.64000000,3.07000000,1.367000,1.854000,5877.00
"Kepler-263 c","Kepler-263",0.2420000000,47.33277300000,0.000000,6.66000000,2.47000000,0.793000,0.785000,5265.00
"Kepler-201 b","Kepler-201",0.1750000000,25.67208300000,0.000000,6.62000000,2.46000000,1.098000,1.229000,6065.00
"Kepler-84 e","Kepler-84",0.1810000000,27.43438900000,0.000000,7.27000000,2.60000000,1.060000,1.169000,6031.00
"Kepler-265 e","Kepler-265",0.3190000000,67.83102400000,0.000000,7.22000000,2.59000000,0.970000,1.103000,5835.00
"Kepler-24 e","Kepler-24",0.1380000000,18.99835500000,0.000000,26.21180000,2.78000000,1.046000,1.289000,5897.00
"Kepler-253 c","Kepler-253",0.0890000000,10.28195100000,0.000000,7.51000000,2.65000000,0.860000,0.786000,5208.00
"Kepler-170 c","Kepler-170",0.1310000000,16.66586300000,0.000000,8.55000000,2.86000000,1.066000,1.035000,5679.00
"CoRoT-22 b","CoRoT-22",0.0920000000,9.75598000000,0.077000,12.20000000,4.88000000,1.099000,1.136000,5939.00
"Kepler-192 b","Kepler-192",0.0900000000,9.92674600000,0.000000,7.95000000,2.74000000,1.028000,1.007000,5479.00
"Kepler-254 b","Kepler-254",0.0640000000,5.82666200000,0.000000,14.30000000,3.87000000,0.849000,0.910000,5957.00
"Kepler-101 b","Kepler-101",0.0474000000,3.48768120000,0.086000,51.10000000,5.77000000,1.170000,1.560000,5667.00
"Kepler-216 c","Kepler-216",0.1360000000,17.40666900000,0.000000,9.48000000,3.04000000,1.126000,1.260000,6091.00
"Kepler-184 c","Kepler-184",0.1410000000,20.30300500000,0.000000,8.80000000,1.97000000,0.872000,0.873000,5788.00
"HD 113538 c","HD 113538",2.4400000000,1818.00000000000,0.200000,295.57000000,13.80000000,0.585000,0.530000,4462.00
"HD 30669 b","HD 30669",2.6900000000,1684.00000000000,0.180000,149.37000000,14.30000000,0.920000,0.910000,5400.00
"Kepler-253 d","Kepler-253",0.1300000000,18.11986900000,0.000000,10.20000000,3.17000000,0.860000,0.786000,5208.00
"Kepler-422 b","Kepler-422",0.0820000000,7.89144830000,0.000000,136.66000000,12.89000000,1.150000,1.240000,5972.00
"Kepler-445 c","Kepler-445",0.0301000000,4.87122900000,0.000000,6.85000000,2.51000000,0.180000,0.210000,3157.00
"Kepler-259 b","Kepler-259",0.0790000000,8.11531700000,0.000000,8.25000000,2.80000000,0.867000,0.898000,5938.00
"Kepler-193 b","Kepler-193",0.1060000000,11.38848000000,0.000000,6.30000000,2.39000000,1.051000,1.147000,6335.00
"Kepler-192 c","Kepler-192",0.1500000000,21.22340000000,0.000000,8.20000000,2.79000000,1.028000,1.007000,5479.00
"Kepler-426 b","Kepler-426",0.0414000000,3.21751883000,0.180000,108.06000000,12.22000000,0.910000,0.920000,5725.00
"Kepler-427 b","Kepler-427",0.0910000000,10.29099400000,0.570000,92.17000000,13.79000000,0.960000,1.350000,5800.00
"HD 103720 b","HD 103720",0.0498000000,4.55570000000,0.086000,197.04600000,14.10000000,0.794000,0.730000,5017.00
"Kepler-221 c","Kepler-221",0.0590000000,5.69058600000,0.000000,9.30000000,2.93000000,0.854000,0.821000,5243.00
"Kepler-222 b","Kepler-222",0.0480000000,3.93698100000,0.000000,10.10000000,3.16000000,0.933000,0.869000,5433.00
"Kepler-425 b","Kepler-425",0.0464000000,3.79701816000,0.330000,79.45000000,10.96200000,0.930000,0.860000,5170.00
"Kepler-224 c","Kepler-224",0.0580000000,5.92500300000,0.000000,9.91000000,3.12000000,0.777000,0.676000,5018.00
"Kepler-106 c","Kepler-106",0.1098700000,13.57080000000,0.000000,10.44000000,2.50000000,1.000000,1.040000,5858.00
"Kepler-164 c","Kepler-164",0.0970000000,10.94572300000,0.000000,7.90000000,2.73000000,1.036000,1.148000,5888.00
"OGLE-2008-BLG-092L b","OGLE-2008-BLG-092L",15.0000000000,,,57.00000000,8.74000000,0.710000,,
"Kepler-246 b","Kepler-246",0.0520000000,4.60182000000,0.000000,6.08000000,2.34000000,0.853000,0.831000,5206.00
"Kepler-226 c","Kepler-226",0.0580000000,5.34955500000,0.000000,45.20000000,2.27000000,0.904000,0.802000,5571.00
"Kepler-227 b","Kepler-227",0.0900000000,9.48801500000,0.000000,9.85000000,3.11000000,0.954000,1.091000,5854.00
"Kepler-113 b","Kepler-113",0.0512300000,4.75400000000,0.000000,11.70000000,1.82000000,0.750000,0.690000,4725.00
"Kepler-48 d","Kepler-48",0.2330200000,42.89610000000,0.000000,7.93000000,2.04000000,0.880000,0.890000,5194.00
"Kepler-153 b","Kepler-153",0.1290000000,18.87022700000,0.000000,8.85000000,2.92000000,0.756000,0.892000,5404.00
"Kepler-229 c","Kepler-229",0.1170000000,16.06863800000,0.000000,21.50000000,4.92000000,0.808000,0.728000,5120.00
"Kepler-117 b","Kepler-117",0.1445000000,18.79592280000,0.049300,29.87500000,8.05900000,1.129000,1.606000,6150.00
"Kepler-430 b","Kepler-430",0.2244000000,35.96800000000,0.000000,10.60000000,3.25000000,1.166000,1.485000,5884.00
"Kepler-230 b","Kepler-230",0.1910000000,32.62555500000,0.000000,16.80000000,4.26000000,0.784000,0.817000,5588.00
"Kepler-131 b","Kepler-131",0.1278900000,16.09200000000,0.000000,16.13000000,2.41000000,1.020000,1.030000,5685.00
"Kepler-406 b","Kepler-406",0.0359900000,2.42629000000,0.000000,6.35000000,1.43000000,1.070000,1.070000,5538.00
"Kepler-162 c","Kepler-162",0.1370000000,19.44635500000,0.000000,9.43000000,3.03000000,1.053000,0.958000,5816.00
"Kepler-180 c","Kepler-180",0.2290000000,41.88577500000,0.000000,9.32000000,3.01000000,0.950000,1.063000,5731.00
"Kepler-182 c","Kepler-182",0.1570000000,20.68434200000,0.000000,11.60000000,3.43000000,1.114000,1.146000,6250.00
"Kepler-82 c","Kepler-82",0.2626000000,51.54000000000,0.007000,13.90000000,5.34000000,0.910000,0.898000,5401.00
"Kepler-96 b","Kepler-96",0.1261000000,16.23850000000,0.000000,8.46000000,2.67000000,1.000000,1.020000,5690.00
"HD 10180 e","HD 10180",0.2699000000,49.74800000000,0.051000,25.10000000,5.39000000,1.060000,1.109000,5911.00
"Kepler-187 c","Kepler-187",0.0990000000,10.64026300000,0.000000,7.61000000,2.67000000,1.081000,1.287000,6105.00
"Kepler-233 b","Kepler-233",0.0770000000,8.47238200000,0.000000,6.48000000,2.43000000,0.855000,0.758000,5360.00
"Kepler-234 c","Kepler-234",0.0770000000,7.21205000000,0.000000,12.10000000,3.51000000,1.129000,1.113000,6224.00
"HD 10180 h","HD 10180",3.3810000000,2205.00000000000,0.095000,64.40000000,9.40000000,1.060000,1.109000,5911.00
"Kepler-251 c","Kepler-251",0.1220000000,16.51404300000,0.000000,8.10000000,2.77000000,0.891000,0.890000,5526.00
"Kepler-146 c","Kepler-146",0.3640000000,76.73217100000,0.000000,9.96000000,3.13000000,1.079000,1.208000,5948.00
"Kepler-150 d","Kepler-150",0.1040000000,12.56093000000,0.000000,8.20000000,2.79000000,0.956000,0.939000,5560.00
"CoRoT-24 c","CoRoT-24",0.0980000000,11.75900000000,0.000000,28.00000000,5.00000000,0.910000,0.860000,4950.00
"Kepler-159 c","Kepler-159",0.2180000000,43.59579200000,0.000000,11.50000000,3.41000000,0.628000,0.663000,4625.00
"Kepler-6 b","Kepler-6",0.0485200000,3.23469960000,0.000000,212.31044000,14.61653600,1.209000,1.391000,5647.00
"HIP 65407 c","HIP 65407",0.3160000000,67.30000000000,0.120000,249.17872000,13.90000000,0.930000,0.952252,5460.00
"Kepler-505 b","Kepler-505",0.1445000000,27.52197994000,0.000000,7.27000000,2.60000000,0.550000,0.530000,3931.00
"CoRoT-29 b","CoRoT-29",0.0386000000,2.85057000000,0.082000,270.15550000,10.08810000,0.970000,0.900000,5260.00
"Kepler-412 b","Kepler-412",0.0289700000,1.72086040000,0.003800,299.07803000,15.03126900,1.167000,1.287000,5750.00
"HD 141399 b","HD 141399",0.4150000000,94.44000000000,0.040000,143.34133000,14.30000000,1.070000,1.387236,5600.00
"HAT-P-54 b","HAT-P-54",0.0411700000,3.79984700000,0.074000,241.55080000,10.58129600,0.645000,0.617000,4390.00
"WASP-42 b","WASP-42",0.0561000000,4.98168190000,0.062000,167.49641000,12.57649800,0.951000,0.892000,5315.00
"Kepler-766 b","Kepler-766",0.0660000000,6.10027804000,0.000000,11.40000000,3.39000000,1.100000,1.150000,5992.00
"Kepler-765 b","Kepler-765",0.1754000000,27.66552260000,0.000000,6.48000000,2.43000000,1.050000,1.060000,5901.00
"Kepler-7 b","Kepler-7",0.0606700000,4.88548920000,0.000000,140.16303000,18.18099800,1.359000,1.966000,5933.00
"K2-29 b","K2-29",0.0421700000,3.25883210000,0.066000,232.01590000,13.33871000,0.940000,0.860000,5358.00
"Kepler-767 b","Kepler-767",0.5874000000,161.52801010000,0.000000,35.70000000,6.64000000,0.960000,0.940000,5694.00
"Kepler-774 b","Kepler-774",0.1082000000,11.08957230000,0.000000,10.20000000,3.17000000,1.570000,2.420000,6403.00
"Kepler-769 b","Kepler-769",0.0778000000,7.42608998000,0.000000,8.85000000,2.92000000,1.190000,1.280000,6186.00
"Kepler-449 c","Kepler-449",0.1979000000,33.67270000000,0.050000,8.07000000,2.76400000,1.020000,1.467000,5649.18
"HD 133131 A c","HD 133131 A",4.4900000000,3568.00000000000,0.490000,133.48860000,14.30000000,0.950000,0.955014,5799.00
"WASP-92 b","WASP-92",0.0348000000,2.17467420000,0.000000,255.85315000,16.37634900,1.190000,1.341000,6280.00
"Kepler-781 b","Kepler-781",0.1019000000,13.21407320000,0.000000,8.70000000,2.89000000,0.810000,0.780000,5162.00
"Kepler-92 d","Kepler-92",0.2868200000,49.35680000000,0.070000,11.86668060,2.06700000,1.070000,1.817190,5904.34
"Kepler-450 d","Kepler-450",0.0827000000,7.51464000000,0.140000,17.60000000,0.83700000,1.190000,1.641620,6197.21
"OGLE-2005-BLG-169L b","OGLE-2005-BLG-169L",3.5000000000,,,14.10000000,3.84000000,0.690000,,
"Kepler-41 b","Kepler-41",0.0310100000,1.85555820000,0.000000,177.98000000,14.46000000,1.150000,1.290000,5750.00
"HATS-8 b","HATS-8",0.0466700000,3.58389300000,0.376000,43.86054000,9.78545700,1.056000,1.086000,5679.00
"HAT-P-66 b","HAT-P-66",0.0436300000,2.97208600000,0.090000,248.86089000,17.82231000,1.255000,1.881000,6002.00
"Kepler-453 b","Kepler-453",0.7903000000,240.50300000000,0.035900,16.00000000,6.20400000,0.944000,0.833000,5527.00
"KIC 3558849 b","KIC 3558849",,1322.30000000000,,38.10000000,6.90000000,0.980000,1.010000,6175.00
"KIC 8540376 c","KOI-7892",,75.20000000000,,6.35000000,2.40000000,1.040000,1.260000,6474.00
"OGLE-2007-BLG-349L AB c","OGLE-2007-BLG-349L A",2.5900000000,2557.00000000000,,80.00000000,10.70000000,0.410000,,
"K2-6 b","K2-6",0.1898000000,30.94191000000,,6.80000000,2.50000000,0.970000,0.960000,5850.00
"HD 42618 b","HD 42618",0.5540000000,149.61000000000,0.190000,14.40000000,3.89000000,1.015000,0.999000,5727.00
"OGLE-2012-BLG-0950L b","OGLE-2012-BLG-0950L",2.6000000000,,,35.00000000,6.56000000,0.570000,,
"K2-15 b","K2-15",0.0910000000,11.81040000000,,6.71000000,2.48000000,0.720000,0.680000,5131.00
"K2-14 b","K2-14",0.0627000000,8.36802000000,0.140000,20.70000000,4.81000000,0.470000,0.450000,3789.00
"HATS-13 b","HATS-13",0.0405700000,3.04404990000,0.181000,172.58169000,13.58530800,0.962000,0.887000,5523.00
"WASP-90 b","WASP-90",0.0562000000,3.91624300000,0.000000,200.23290000,18.27067000,1.550000,1.980000,6430.00
"Kepler-26 c","Kepler-26",0.1072500000,17.25590000000,0.013000,6.20000000,2.72000000,0.544000,0.512000,3914.00
"OGLE-2011-BLG-0265L b","OGLE-2011-BLG-0265L",1.8900000000,,,280.00000000,13.90000000,0.211000,,
"OGLE-2012-BLG-0563L b","OGLE-2012-BLG-0563L",0.7400000000,,,120.00000000,13.60000000,0.340000,,
"Kepler-871 b","Kepler-871",0.1572000000,22.04590180000,0.000000,13.50000000,3.74000000,1.110000,1.140000,5993.00
"Kepler-603 c","Kepler-603",0.5343900000,127.90757740000,0.000000,34.50000000,6.50000000,1.010000,1.010000,5808.00
"Kepler-799 b","Kepler-799",0.5167000000,133.46052350000,0.000000,37.90000000,6.88000000,0.950000,0.930000,5681.00
"Kepler-870 b","Kepler-870",0.1539000000,21.35876210000,0.000000,8.15000000,2.78000000,1.010000,1.020000,5857.00
"Kepler-869 b","Kepler-869",0.2244000000,40.42877550000,0.000000,12.70000000,3.61000000,0.970000,0.950000,5664.00
"Kepler-912 b","Kepler-912",0.0339000000,2.53475627300,0.000000,8.25000000,2.80000000,1.070000,1.110000,5998.00
"Kepler-867 b","Kepler-867",0.5375000000,150.24212700000,0.000000,19.40000000,4.64000000,0.920000,0.910000,5541.00
"Kepler-846 b","Kepler-846",0.1399000000,19.80792185000,0.000000,6.71000000,2.48000000,0.940000,0.910000,5579.00
"Kepler-865 b","Kepler-865",0.1057000000,14.16399294000,0.000000,6.76000000,2.49000000,0.930000,0.920000,5570.00
"Kepler-791 b","Kepler-791",0.1256000000,14.55397590000,0.000000,9.53000000,3.05000000,1.300000,1.470000,6383.00
"Kepler-841 b","Kepler-841",0.4790000000,124.41983980000,0.000000,23.80000000,5.23000000,0.850000,0.810000,5324.00
"Kepler-788 b","Kepler-788",0.0835000000,8.39846269000,0.000000,7.04000000,2.55000000,1.160000,1.230000,6159.00
"Kepler-860 b","Kepler-860",0.0580000000,5.10137945400,0.000000,10.60000000,3.24000000,1.040000,1.060000,5836.00
"Kepler-924 b","Kepler-924",0.3131800000,61.03701170000,0.000000,9.64000000,3.07000000,1.140000,1.230000,6167.00
"Kepler-838 b","Kepler-838",0.1266000000,15.74957994000,0.000000,7.90000000,2.73000000,0.980000,0.960000,5770.00
"Kepler-837 b","Kepler-837",0.1144000000,16.56059504000,0.000000,7.08000000,2.56000000,0.850000,0.810000,5403.00
"Kepler-465 b","Kepler-465",0.0919500000,9.94067246600,0.000000,9.01000000,2.95000000,1.230000,1.290000,6310.00
"Kepler-856 b","Kepler-856",0.0787000000,8.02768059500,0.000000,63.30000000,9.30000000,0.960000,0.930000,5535.00
"Kepler-890 b","Kepler-890",0.2944000000,52.75875577000,0.000000,58.60000000,8.89000000,1.090000,1.130000,5954.00
"Kepler-892 b","Kepler-892",0.1015000000,13.75210720000,0.000000,8.30000000,2.81000000,0.750000,0.720000,4747.00
"Kepler-933 b","Kepler-933",0.1041000000,14.20443009000,0.000000,6.62000000,2.46000000,0.870000,0.840000,5346.00
"Kepler-487 c","Kepler-487",0.2186400000,38.65199760000,0.000000,7.65000000,2.68000000,0.910000,0.880000,5444.00
"Kepler-899 b","Kepler-899",0.1392000000,19.17891293000,0.000000,7.65000000,2.68000000,0.930000,0.910000,5595.00
"Kepler-747 b","Kepler-747",0.1916000000,35.61760587000,0.000000,24.10000000,5.27000000,0.820000,0.780000,5096.00
"Kepler-498 b","Kepler-498",0.0897000000,9.61375356000,0.000000,9.43000000,3.03000000,0.980000,0.960000,5744.00
"Kepler-751 b","Kepler-751",0.1263000000,17.44490636000,0.000000,6.62000000,2.46000000,0.870000,0.840000,5387.00
"Kepler-820 b","Kepler-820",0.5600400000,127.83380980000,0.000000,30.80000000,6.09000000,1.230000,1.360000,6260.00
"Kepler-817 b","Kepler-817",0.0493000000,3.99010622900,0.000000,60.20000000,9.03000000,1.030000,1.030000,5861.00
"Kepler-885 b","Kepler-885",0.1440300000,18.11472949000,0.000000,6.80000000,2.50000000,1.210000,1.350000,6187.00
"Kepler-815 b","Kepler-815",0.0947300000,8.57503552000,0.000000,15.80000000,4.11000000,1.250000,3.420000,5028.00
"Kepler-852 b","Kepler-852",0.2796700000,44.93098040000,0.000000,6.99000000,2.54000000,1.190000,1.160000,6100.00
"Kepler-509 b","Kepler-509",0.2370200000,41.74600392000,0.000000,6.76000000,2.49000000,1.100000,1.200000,6060.00
"Kepler-502 b","Kepler-502",0.0535000000,4.28686431000,0.000000,20.40000000,4.77000000,1.150000,1.220000,6125.00
"Kepler-758 b","Kepler-758",0.1075400000,12.10971040000,0.000000,6.71000000,2.48000000,1.160000,1.420000,6228.00
"Kepler-811 b","Kepler-811",0.1591100000,23.58447697000,0.000000,7.75000000,2.70000000,1.010000,1.240000,5747.00
"Kepler-880 b","Kepler-880",0.0915000000,7.71468975000,0.000000,7.56000000,2.66000000,1.460000,1.740000,6761.00
"Kepler-474 b","Kepler-474",0.0609200000,5.66067293500,0.000000,9.59000000,3.06000000,0.990000,1.080000,5785.00
"Kepler-760 b","Kepler-760",0.0808700000,8.70419416000,0.000000,9.59000000,3.06000000,0.890000,0.850000,5322.00
"Kepler-809 b","Kepler-809",0.2901000000,55.63934000000,0.000000,9.32000000,3.01000000,0.990000,0.980000,5734.00
"Kepler-500 b","Kepler-500",0.0836100000,8.50832439800,0.000000,7.18000000,2.58000000,1.020000,1.030000,5813.00
"Kepler-875 b","Kepler-875",0.1771000000,27.50737990000,0.000000,8.75000000,2.90000000,1.060000,1.110000,5958.00
"Kepler-803 b","Kepler-803",0.2672100000,50.28638192000,0.000000,13.80000000,3.79000000,1.050000,1.120000,5919.00
"Kepler-995 b","Kepler-995",0.1701000000,28.26731672000,0.000000,7.75000000,2.70000000,0.830000,0.800000,5206.00
"Kepler-1054 b","Kepler-1054",0.0554200000,4.30655689000,0.000000,7.41000000,2.63000000,1.220000,1.340000,6209.00
"Kepler-1033 b","Kepler-1033",0.0761000000,7.56052806000,0.000000,6.85000000,2.51000000,0.940000,0.920000,5547.00
"Kepler-1060 b","Kepler-1060",0.2495000000,46.87793670000,0.000000,6.26000000,2.38000000,0.990000,0.990000,5797.00
"Kepler-1045 b","Kepler-1045",0.1616000000,26.41045478000,0.000000,7.70000000,2.69000000,0.860000,0.820000,5301.00
"Kepler-980 b","Kepler-980",0.0999300000,11.55102504000,0.000000,7.61000000,2.67000000,1.050000,1.060000,5935.00
"Kepler-991 b","Kepler-991",0.3104000000,82.53425190000,0.000000,6.99000000,2.54000000,0.640000,0.610000,4392.00
"Kepler-1018 b","Kepler-1018",0.2530000000,49.10135140000,0.000000,7.18000000,2.58000000,0.910000,0.880000,5518.00
"Kepler-1004 b","Kepler-1004",0.0679100000,5.28789787000,0.000000,32.50000000,6.28000000,1.110000,3.390000,4972.00
"Kepler-1051 b","Kepler-1051",0.1839500000,25.96200249000,0.000000,11.50000000,3.40000000,1.430000,1.730000,6675.00
"Kepler-1147 b","Kepler-1147",0.0961000000,10.62784997000,0.000000,7.32000000,2.61000000,1.090000,1.140000,5941.00
"Kepler-966 b","Kepler-966",0.3907000000,99.74762200000,0.000000,16.00000000,4.13000000,1.020000,1.020000,5840.00
"Kepler-1057 b","Kepler-1057",0.1138000000,14.08827448000,0.000000,11.20000000,3.36000000,1.070000,1.100000,5987.00
"Kepler-965 b","Kepler-965",0.5099800000,134.25272980000,0.000000,11.40000000,3.38000000,1.050000,1.150000,5886.00
"Kepler-999 b","Kepler-999",0.0691800000,5.99185701700,0.000000,6.08000000,2.34000000,1.290000,1.650000,6237.00
"Kepler-1112 b","Kepler-1112",0.1239000000,14.36267939000,0.000000,9.38000000,3.02000000,1.340000,1.540000,6496.00
"Kepler-952 b","Kepler-952",0.5183000000,130.35469190000,0.000000,45.40000000,7.65000000,1.000000,0.990000,5730.00
"Kepler-977 b","Kepler-977",0.1620000000,26.85328322000,0.000000,7.37000000,2.62000000,0.870000,0.830000,5315.00
"Kepler-1021 b","Kepler-1021",0.1034000000,13.47469571000,0.000000,6.04000000,2.33000000,0.890000,0.860000,5431.00
"Kepler-979 b","Kepler-979",0.0753000000,8.08801350000,0.000000,7.85000000,2.72000000,0.870000,0.830000,5310.00
"Kepler-976 b","Kepler-976",0.4217000000,105.95641480000,0.000000,14.90000000,3.96000000,0.870000,0.830000,5232.00
"Kepler-1052 b","Kepler-1052",0.2098800000,34.85382760000,0.000000,8.91000000,2.93000000,1.030000,1.030000,5888.00
"Kepler-940 b","Kepler-940",0.3059000000,59.62252570000,0.000000,11.10000000,3.34000000,0.970000,0.960000,5769.00
"Kepler-986 b","Kepler-986",0.2913100000,56.43499380000,0.000000,6.17000000,2.36000000,0.960000,0.980000,5642.00
"Kepler-1011 b","Kepler-1011",0.0633000000,5.75322197400,0.000000,8.60000000,2.87000000,0.910000,0.880000,5416.00
"Kepler-1068 b","Kepler-1068",0.1303800000,16.92344113000,0.000000,12.80000000,3.63000000,1.010000,1.010000,5806.00
"Kepler-978 b","Kepler-978",0.2726000000,49.62215090000,0.000000,9.22000000,2.99000000,1.070000,1.090000,6002.00
"Kepler-1128 b","Kepler-1128",0.3020000000,61.61781670000,0.000000,12.90000000,3.65000000,0.940000,0.910000,5543.00
"Kepler-920 b","Kepler-920",0.0650000000,6.53192704000,0.000000,6.44000000,2.42000000,0.890000,0.850000,5403.00
"Kepler-921 b","Kepler-921",0.2716000000,51.30063400000,0.000000,8.60000000,2.87000000,0.930000,0.910000,5663.00
"Kepler-1015 b","Kepler-1015",0.1345000000,16.00494214000,0.000000,12.30000000,3.55000000,1.490000,1.810000,6769.00
"Kepler-972 b","Kepler-972",0.0734000000,7.03932553000,0.000000,19.50000000,4.65000000,1.150000,1.220000,6146.00
"Kepler-497 b","Kepler-497",0.0457000000,3.57320367100,0.000000,30.40000000,6.04000000,1.090000,1.110000,5834.00
"Kepler-1132 b","Kepler-1132",0.2881000000,62.89162280000,0.000000,6.12000000,2.35000000,0.870000,0.830000,5298.00
"Kepler-944 b","Kepler-944",0.2288000000,43.31677370000,0.000000,7.41000000,2.63000000,0.860000,0.830000,5409.00
"Kepler-1134 b","Kepler-1134",0.1242000000,17.13263989000,0.000000,7.46000000,2.64000000,0.840000,0.810000,5281.00
"Kepler-951 b","Kepler-951",0.3091000000,71.52530845000,0.000000,26.70000000,5.59000000,0.770000,0.730000,4834.00
"Kepler-967 b","Kepler-967",0.1027000000,13.22713379000,0.000000,6.12000000,2.35000000,0.840000,0.800000,5178.00
"Kepler-1233 b","Kepler-1233",0.2630000000,45.12630420000,0.000000,7.27000000,2.60000000,1.160000,1.250000,6198.00
"Kepler-1234 b","Kepler-1234",0.0960000000,11.94014029000,0.000000,8.30000000,2.81000000,0.800000,0.760000,4967.00
"Kepler-1182 b","Kepler-1182",0.0981000000,11.17394617000,0.000000,6.39000000,2.41000000,1.040000,1.050000,5924.00
"Kepler-549 b","Kepler-549",0.2323600000,42.94956490000,0.000000,11.00000000,2.57000000,0.880000,0.840000,5360.00
"Kepler-1237 b","Kepler-1237",0.3778000000,84.57332260000,0.000000,8.55000000,2.86000000,0.940000,0.900000,5472.00
"Kepler-1077 b","Kepler-1077",0.2101000000,34.35118740000,0.000000,8.10000000,2.77000000,1.020000,1.020000,5816.00
"Kepler-1202 b","Kepler-1202",0.1790000000,28.68513240000,0.000000,8.96000000,2.94000000,1.030000,1.040000,5834.00
"Kepler-1083 b","Kepler-1083",0.1899000000,33.41779930000,0.000000,11.20000000,3.36000000,0.810000,0.770000,5049.00
"Kepler-1204 b","Kepler-1204",0.3877000000,85.73502850000,0.000000,9.53000000,3.05000000,1.030000,1.030000,5825.00
"Kepler-1086 b","Kepler-1086",0.1198000000,18.78425728000,0.000000,6.53000000,2.44000000,0.700000,0.660000,4350.00
"Kepler-1249 b","Kepler-1249",0.1670000000,24.33471270000,0.000000,6.26000000,2.38000000,1.190000,1.280000,6202.00
"Kepler-1094 b","Kepler-1094",0.3625000000,78.10002310000,0.000000,10.20000000,3.18000000,1.140000,1.210000,6112.00
"Kepler-1158 b","Kepler-1158",0.1264300000,13.53962930000,0.000000,6.08000000,2.34000000,1.410000,1.950000,6203.00
"Kepler-1097 b","Kepler-1097",0.5791000000,187.74702900000,0.000000,10.70000000,3.26000000,0.820000,0.790000,5211.00
"Kepler-522 b","Kepler-522",0.2502900000,38.58422849000,0.000000,38.20000000,6.91000000,1.540000,1.980000,6392.00
"Kepler-1168 b","Kepler-1168",0.2663000000,55.82265390000,0.000000,6.80000000,2.50000000,0.870000,0.820000,5157.00
"Kepler-1266 b","Kepler-1266",0.1643100000,28.47474800000,0.000000,7.18000000,2.58000000,0.800000,0.760000,5044.00
"Kepler-1171 b","Kepler-1171",0.0284000000,1.44259224000,0.000000,7.08000000,2.56000000,1.580000,1.950000,7044.00
"Kepler-1172 b","Kepler-1172",0.1680000000,26.02044230000,0.000000,10.30000000,3.20000000,0.920000,0.890000,5558.00
"Kepler-1110 b","Kepler-1110",0.0754000000,9.69312032000,0.000000,7.56000000,2.66000000,0.730000,0.700000,4781.00
"Kepler-436 c","Kepler-436",0.1145200000,16.79713874000,0.000000,6.04000000,2.33000000,0.750000,0.710000,4685.00
"Kepler-1270 b","Kepler-1270",0.0704500000,6.03356196000,0.000000,11.00000000,3.32000000,1.280000,3.380000,5047.00
"Kepler-1230 b","Kepler-1230",0.0921000000,9.95661537000,0.000000,7.80000000,2.71000000,1.060000,1.080000,5961.00
"Kepler-1273 b","Kepler-1273",0.1857000000,28.62565300000,0.000000,6.76000000,2.49000000,0.940000,0.910000,5566.00
"Kepler-535 b","Kepler-535",0.0601100000,4.90332155100,0.000000,6.17000000,2.36000000,1.180000,1.270000,6123.00
"Kepler-1411 b","Kepler-1411",0.4001000000,86.11508880000,0.000000,8.35000000,2.82000000,0.950000,0.920000,5664.00
"Kepler-1318 b","Kepler-1318",0.6085000000,213.25766300000,0.000000,9.85000000,3.11000000,0.730000,0.700000,4598.00
"Kepler-1362 b","Kepler-1362",0.4626000000,136.20562600000,0.000000,7.27000000,2.60000000,0.800000,0.740000,4857.00
"Kepler-536 b","Kepler-536",0.0283500000,1.82708229900,0.000000,9.80000000,3.10000000,0.920000,0.890000,5524.00
"Kepler-1321 b","Kepler-1321",0.0781000000,11.12830484000,0.000000,21.50000000,4.92000000,0.540000,0.530000,4094.00
"Kepler-903 c","Kepler-903",0.3024900000,62.92285570000,0.000000,6.94000000,2.53000000,0.980000,0.970000,5682.00
"Kepler-525 b","Kepler-525",0.1438600000,18.68404933000,0.000000,7.41000000,2.63000000,0.950000,1.150000,5573.00
"Kepler-722 c","Kepler-722",0.4471000000,105.14474900000,0.000000,8.35000000,2.82000000,1.030000,1.050000,5863.00
"Kepler-527 b","Kepler-527",0.1164600000,13.28535633000,0.000000,8.45000000,2.84000000,1.280000,1.450000,6388.00
"Kepler-896 b","Kepler-896",0.5637800000,144.54739600000,0.000000,6.94000000,2.53000000,0.840000,0.810000,5262.00
"Kepler-1321 c","Kepler-1321",0.0267000000,2.22649108600,0.000000,6.35000000,2.40000000,0.540000,0.530000,4094.00
"Kepler-1337 b","Kepler-1337",0.1441000000,24.40025490000,0.000000,6.39000000,2.41000000,0.700000,0.670000,4523.00
"Kepler-1341 b","Kepler-1341",0.4726700000,132.99683220000,0.000000,9.22000000,2.99000000,0.790000,0.720000,4662.00
"Kepler-616 c","Kepler-616",0.4024000000,90.41135560000,0.000000,11.50000000,3.41000000,0.980000,0.970000,5753.00
"Kepler-1345 b","Kepler-1345",0.2641200000,44.61695570000,0.000000,6.17000000,2.36000000,1.320000,1.550000,6449.00
"Kepler-1350 b","Kepler-1350",0.0413000000,4.49686040000,0.000000,6.90000000,2.52000000,0.550000,0.530000,3827.00
"Kepler-1307 b","Kepler-1307",0.1369000000,18.01621096000,0.000000,6.66000000,2.47000000,1.060000,1.080000,5884.00
"Kepler-521 b","Kepler-521",0.1711600000,22.20813214000,0.000000,10.20000000,3.18000000,1.340000,1.460000,6406.00
"Kepler-531 b","Kepler-531",0.1744600000,29.88485741000,0.000000,8.15000000,2.78000000,0.780000,0.750000,4893.00
"Kepler-1309 b","Kepler-1309",0.1679000000,28.84326470000,0.000000,6.21000000,2.37000000,0.850000,0.800000,5235.00
"Kepler-532 b","Kepler-532",0.1015100000,12.92491623000,0.000000,7.13000000,2.57000000,0.870000,0.790000,5192.00
"Kepler-1405 b","Kepler-1405",0.1778000000,28.22741840000,0.000000,14.90000000,3.96000000,1.050000,1.070000,5925.00
"Kepler-517 b","Kepler-517",0.2868200000,60.92832271000,0.000000,7.61000000,2.67000000,0.950000,0.980000,5690.00
"Kepler-1354 b","Kepler-1354",0.3521000000,76.61337700000,0.000000,9.11000000,2.97000000,1.160000,1.240000,6168.00
"Kepler-1359 b","Kepler-1359",0.2665700000,59.49709520000,0.000000,8.40000000,2.83000000,0.780000,0.720000,4709.00
"Kepler-1360 b","Kepler-1360",0.2866000000,40.52864130000,0.000000,11.50000000,3.40000000,1.510000,1.830000,6778.00
"Kepler-1543 b","Kepler-1543",0.0867000000,6.96710269000,0.000000,7.80000000,2.71000000,1.390000,1.650000,6561.00
"Kepler-1546 b","Kepler-1546",0.1366000000,19.59749710000,0.000000,9.96000000,3.13000000,0.950000,0.930000,5623.00
"Kepler-1548 b","Kepler-1548",0.4679000000,124.82867900000,0.000000,7.46000000,2.64000000,0.990000,0.970000,5706.00
"Kepler-1469 b","Kepler-1469",0.1466000000,21.86353010000,0.000000,8.25000000,2.80000000,0.920000,0.890000,5507.00
"Kepler-1550 b","Kepler-1550",0.7681000000,225.58280900000,0.000000,9.38000000,3.02000000,1.070000,1.110000,5991.00
"Kepler-1552 b","Kepler-1552",0.6011000000,184.77185300000,0.000000,6.66000000,2.47000000,0.850000,0.780000,5202.00
"Kepler-630 b","Kepler-630",0.5620100000,161.47439370000,0.000000,10.20000000,3.18000000,1.020000,1.040000,5829.00
"Kepler-1475 b","Kepler-1475",0.3730000000,82.17737400000,0.000000,8.85000000,2.92000000,1.180000,1.280000,6214.00
"Kepler-1554 b","Kepler-1554",0.5952700000,198.08877400000,0.000000,8.75000000,2.90000000,0.840000,0.810000,5297.00
"Kepler-541 b","Kepler-541",0.0644700000,5.08005848000,0.000000,11.20000000,3.36000000,1.410000,2.060000,6166.00
"Kepler-631 b","Kepler-631",0.1401700000,17.97979059000,0.000000,8.75000000,2.90000000,1.240000,1.330000,6185.00
"Kepler-1442 b","Kepler-1442",0.4081400000,81.41629410000,0.000000,14.70000000,3.93000000,1.340000,1.440000,6394.00
"Kepler-1562 b","Kepler-1562",0.3308000000,64.27377520000,0.000000,12.30000000,3.55000000,1.020000,1.050000,5760.00
"Kepler-511 b","Kepler-511",0.8567200000,296.63786500000,0.000000,33.10000000,6.35000000,1.000000,1.200000,5770.00
"Kepler-1567 b","Kepler-1567",0.5520000000,153.97957800000,0.000000,7.90000000,2.73000000,0.950000,0.930000,5655.00
"Kepler-597 b","Kepler-597",0.1091600000,13.02365861000,0.000000,6.21000000,2.37000000,0.970000,0.950000,5683.00
"Kepler-1451 b","Kepler-1451",0.2101000000,35.62223300000,0.000000,11.20000000,3.35000000,1.000000,0.990000,5782.00
"Kepler-1452 b","Kepler-1452",0.2576400000,42.91375100000,0.000000,7.75000000,2.70000000,1.410000,2.060000,6101.00
"Kepler-1458 b","Kepler-1458",0.2486900000,47.98727640000,0.000000,8.05000000,2.76000000,0.960000,0.940000,5653.00
"Kepler-603 b","Kepler-603",0.1605200000,21.05358596000,0.000000,7.51000000,2.65000000,1.010000,1.010000,5808.00
"Kepler-640 b","Kepler-640",0.1541800000,22.24813967000,0.000000,7.08000000,2.56000000,1.010000,0.940000,5653.00
"Kepler-722 b","Kepler-722",0.0514000000,4.09357325200,0.000000,7.41000000,2.63000000,1.030000,1.050000,5863.00
"Kepler-701 b","Kepler-701",0.0895000000,10.35533177000,0.000000,8.45000000,2.84000000,0.880000,0.840000,5343.00
"Kepler-709 b","Kepler-709",0.1173000000,16.08524954000,0.000000,8.85000000,2.92000000,0.800000,0.770000,5071.00
"Kepler-1625 b","Kepler-1625",0.8776200000,287.37894900000,0.000000,30.60000000,6.06000000,0.960000,0.940000,5677.00
"Kepler-702 b","Kepler-702",0.0880000000,10.52629406300,0.000000,61.80000000,9.17000000,0.900000,0.860000,5419.00
"Kepler-609 b","Kepler-609",0.0682000000,6.52121066600,0.000000,11.20000000,3.35000000,1.090000,1.140000,5971.00
"Kepler-724 b","Kepler-724",0.0433000000,3.31494633800,0.000000,10.80000000,3.29000000,0.900000,0.860000,5437.00
"Kepler-1524 b","Kepler-1524",0.3392000000,70.96746030000,0.000000,12.30000000,3.54000000,1.170000,1.250000,6179.00
"Kepler-495 b","Kepler-495",0.0427000000,3.41303622100,0.000000,23.80000000,5.23000000,0.860000,0.830000,5346.00
"Kepler-540 b","Kepler-540",0.5882200000,172.70497840000,0.000000,7.80000000,2.71000000,1.020000,1.080000,5946.00
"Kepler-1086 c","Kepler-1086",0.5030000000,161.51633450000,0.000000,8.96000000,2.94000000,0.700000,0.660000,4350.00
"Kepler-604 b","Kepler-604",0.1735000000,25.85501786000,0.000000,7.22000000,2.59000000,1.020000,1.030000,5890.00
"Kepler-1627 b","Kepler-1627",0.0643000000,7.20283653000,0.000000,13.20000000,3.69000000,0.870000,0.840000,5445.00
"Kepler-1510 b","Kepler-1510",0.4089000000,84.70392100000,0.000000,11.20000000,3.36000000,1.190000,1.280000,6200.00
"Kepler-1526 b","Kepler-1526",0.0418000000,3.90863200500,0.000000,6.48000000,2.43000000,0.730000,0.690000,4601.00
"Kepler-642 b","Kepler-642",0.0563100000,4.41745855000,0.000000,8.75000000,2.90000000,1.400000,1.660000,6570.00
"Kepler-711 b","Kepler-711",0.1429000000,23.58914398000,0.000000,11.50000000,3.41000000,0.840000,0.800000,5222.00
"Kepler-726 b","Kepler-726",0.1406000000,21.80451088000,0.000000,10.70000000,3.26000000,0.880000,0.850000,5452.00
"Kepler-1388 d","Kepler-1388",0.1260000000,20.95681580000,0.000000,8.55000000,2.86000000,0.630000,0.610000,4098.00
"Kepler-1632 b","Kepler-1632",0.6762000000,448.30355800000,0.000000,6.66000000,2.47000000,1.120000,1.190000,6137.00
"Kepler-714 b","Kepler-714",0.0832000000,8.09888798600,0.000000,67.60000000,9.67000000,1.090000,1.120000,5995.00
"Kepler-713 b","Kepler-713",0.0748000000,7.41114100000,0.000000,6.71000000,2.48000000,0.980000,0.990000,5785.00
"Kepler-489 b","Kepler-489",0.1210900000,17.27629611900,0.000000,46.10000000,7.72000000,0.820000,0.760000,5014.00
"Kepler-1635 b","Kepler-1635",1.1266400000,469.63111000000,0.000000,12.90000000,3.64000000,0.890000,0.850000,5347.00
"Kepler-545 b","Kepler-545",0.1124800000,13.24934059000,0.000000,7.70000000,2.69000000,1.040000,1.070000,5882.00
"Kepler-636 b","Kepler-636",0.1185000000,16.08066114700,0.000000,18.10000000,4.45000000,0.850000,0.800000,5203.00
"Kepler-1016 c","Kepler-1016",0.4351900000,105.65513690000,0.000000,13.10000000,3.68000000,0.990000,1.000000,5821.00
"Kepler-1535 b","Kepler-1535",0.5329000000,138.94420000000,0.000000,7.04000000,2.55000000,1.080000,1.110000,6021.00
"Kepler-600 b","Kepler-600",0.1536000000,23.67517607000,0.000000,8.75000000,2.90000000,0.840000,0.810000,5279.00
"Kepler-717 b","Kepler-717",0.0520000000,4.40840023000,0.000000,6.44000000,2.42000000,0.880000,0.850000,5485.00
"Kepler-582 b","Kepler-582",0.1254000000,18.49235668000,0.000000,13.10000000,3.68000000,0.930000,0.910000,5564.00
"Kepler-1129 c","Kepler-1129",0.3536700000,76.53695860000,0.000000,7.90000000,2.73000000,1.000000,1.000000,5831.00
"Kepler-1538 b","Kepler-1538",0.6095000000,175.13881900000,0.000000,8.35000000,2.82000000,1.030000,1.030000,5837.00
"Kepler-644 b","Kepler-644",0.0464100000,3.17391710300,0.000000,10.10000000,3.15000000,1.490000,1.810000,6747.00
"Kepler-581 b","Kepler-581",0.2259000000,40.60698210000,0.000000,7.41000000,2.63000000,1.000000,1.000000,5772.00
"Kepler-585 b","Kepler-585",0.0384100000,2.75235975300,0.000000,8.40000000,2.83000000,0.960000,0.930000,5593.00
"Kepler-697 b","Kepler-697",0.0471000000,3.70987064500,0.000000,16.00000000,4.13000000,0.920000,0.880000,5513.00
"Kepler-719 b","Kepler-719",0.0556000000,5.00731777900,0.000000,54.50000000,8.52000000,0.990000,0.980000,5777.00
"Kepler-698 b","Kepler-698",0.1255000000,16.32976218000,0.000000,13.10000000,3.68000000,0.940000,0.910000,5612.00
"Kepler-460 c","KIC 5437945",0.7531800000,220.13033570000,0.000000,26.10000000,5.52000000,1.170000,1.260000,6146.00
"Kepler-720 b","Kepler-720",0.0539000000,4.70832654200,0.000000,53.40000000,8.41000000,0.950000,0.920000,5618.00
"Kepler-547 b","Kepler-547",0.0580000000,6.01038428900,0.000000,15.10000000,4.00000000,0.780000,0.730000,4828.00
"Kepler-1494 b","Kepler-1494",0.3982000000,91.08048200000,0.000000,9.64000000,3.07000000,0.960000,0.940000,5659.00
"Kepler-1520 b","Kepler-1520",0.0129000000,0.65355357200,0.000000,28.10000000,5.77000000,0.760000,0.710000,4677.00
"Kepler-606 b","Kepler-606",0.1700000000,24.31575992000,0.000000,11.00000000,3.31000000,1.130000,1.220000,6161.00
"Kepler-721 b","Kepler-721",0.0583000000,5.39202538800,0.000000,7.46000000,2.64000000,0.820000,0.780000,5075.00
"Kepler-937 c","Kepler-937",0.5545000000,153.34336400000,0.000000,7.61000000,2.67000000,1.150000,1.220000,6095.00
"MOA-2010-BLG-353L b","MOA-2010-BLG-353L",1.7200000000,,,86.00000000,11.10000000,0.180000,,
"HATS-30 b","HATS-30",0.0435400000,3.17435160000,0.096000,224.38798000,13.17057500,1.093000,1.061000,5943.00
"Kepler-506 b","Kepler-506",0.0743700000,6.88340550000,0.000000,7.90000000,2.73000000,1.190000,1.190000,6236.00
"Kepler-668 b","Kepler-668",0.0768000000,8.35390639000,0.000000,7.75000000,2.70000000,0.870000,0.820000,5352.00
"Kepler-669 b","Kepler-669",0.0529000000,4.12554686900,0.000000,20.80000000,4.83000000,1.150000,1.200000,6038.00
"Kepler-671 b","Kepler-671",0.0503000000,4.28095858800,0.000000,7.70000000,2.69000000,0.970000,0.950000,5624.00
"WASP-98 b","WASP-98",0.0376200000,2.96264036000,0.000000,293.03926000,12.82309600,0.809000,0.741000,5473.00
"Kepler-223 b","Kepler-223",0.0752500000,7.38449000000,0.078000,7.40000000,2.99000000,1.125000,1.720000,5803.00
"Kepler-672 b","Kepler-672",0.2163000000,38.37746230000,0.000000,6.80000000,2.50000000,0.950000,0.920000,5627.00
"Kepler-571 b","Kepler-571",0.0546000000,4.79859938800,0.000000,7.46000000,2.64000000,0.930000,0.900000,5527.00
"K2-16 c","K2-16",0.1229000000,19.07863000000,,6.99000000,2.54000000,0.680000,0.660000,4742.00
"K2-8 c","K2-8",0.0532000000,5.06416000000,,6.39000000,2.41000000,0.780000,0.740000,4870.00
"Kepler-223 d","Kepler-223",0.1195600000,14.78869000000,0.037000,8.00000000,5.24000000,1.125000,1.720000,5803.00
"Kepler-742 b","Kepler-742",0.0744000000,8.36086823800,0.000000,10.60000000,3.24000000,0.760000,0.710000,4642.00
"Kepler-673 b","Kepler-673",0.0455000000,3.72873109300,0.000000,34.80000000,6.54000000,0.880000,0.840000,5355.00
"Kepler-154 d","Kepler-154",0.1435400000,20.54981883000,0.000000,14.10000000,3.84000000,0.980000,0.980000,5769.00
"Kepler-148 d","Kepler-148",0.2607000000,51.84688575000,0.000000,56.30000000,8.68000000,0.860000,0.810000,5172.00
"Kepler-676 b","Kepler-676",0.0798000000,11.59822172000,0.000000,9.48000000,3.04000000,0.510000,0.490000,3701.00
"OGLE-2012-BLG-0026L b","OGLE-2012-BLG-0026L",4.0000000000,,,46.10000000,7.72000000,1.060000,,
"Kepler-656 b","Kepler-656",0.0223100000,1.26025909400,0.000000,9.91000000,3.12000000,0.860000,0.820000,5281.00
"Kepler-655 b","Kepler-655",0.2569700000,46.40633580000,0.000000,7.80000000,2.71000000,1.150000,1.240000,6170.00
"Kepler-678 b","Kepler-678",0.0732000000,7.27503724000,0.000000,23.10000000,5.14000000,0.940000,0.910000,5520.00
"Kepler-572 b","Kepler-572",0.1192000000,17.20523483000,0.000000,7.18000000,2.58000000,0.830000,0.790000,5212.00
"WASP-113 b","WASP-113",0.0588500000,4.54216874538,0.000000,150.96925000,15.79348100,1.318000,1.608000,5890.00
"Kepler-679 b","Kepler-679",0.0983000000,12.39358604000,0.000000,9.32000000,3.01000000,0.870000,0.840000,5403.00
"Kepler-680 b","Kepler-680",0.0469000000,3.68992629100,0.000000,6.44000000,2.42000000,1.080000,1.110000,5890.00
"Kepler-588 b","Kepler-588",0.0520000000,4.22162535700,0.000000,7.41000000,2.63000000,1.010000,1.000000,5835.00
"Kepler-573 b","Kepler-573",0.1452700000,22.18329658000,0.000000,8.20000000,2.79000000,0.990000,1.020000,5746.00
"Kepler-681 b","Kepler-681",0.1635000000,26.39435646000,0.000000,9.69000000,3.08000000,0.800000,0.760000,5021.00
"K2-58 b","K2-58",0.0692000000,7.05254000000,,7.65000000,2.68000000,0.890000,0.860000,5413.00
"Kepler-1600 b","Kepler-1600",0.9814100000,386.37054800000,0.000000,9.96000000,3.13000000,0.860000,0.820000,5214.00
"Kepler-727 b","Kepler-727",0.0546000000,5.15448441700,0.000000,6.94000000,2.53000000,0.890000,0.860000,5441.00
"Kepler-660 b","Kepler-660",0.0759000000,9.27358194000,0.000000,7.13000000,2.57000000,0.750000,0.710000,4779.00
"Kepler-550 b","Kepler-550",0.0747000000,8.60010410900,0.000000,17.90000000,4.42000000,0.870000,0.830000,5322.00
"KELT-10 b","KELT-10",0.0525000000,4.16627390000,,215.80657000,15.68139100,1.112000,1.209000,5948.00
"Kepler-712 c","Kepler-712",0.6647900000,226.89047000000,0.000000,21.00000000,4.85000000,0.840000,0.780000,5148.00
"K2-59 b","K2-59",0.1354000000,20.69210000000,,6.39000000,2.41000000,0.774000,0.731000,5055.00
"Kepler-650 b","Kepler-650",0.0421000000,3.03214558800,0.000000,9.06000000,2.96000000,1.080000,1.350000,5849.00
"Kepler-728 b","Kepler-728",0.0625000000,5.74347726500,0.000000,11.10000000,3.34000000,0.950000,0.930000,5660.00
"Kepler-663 b","Kepler-663",0.0559000000,4.99678284000,0.000000,7.27000000,2.60000000,0.860000,0.820000,5264.00
"K2-63 b","K2-63",0.1627000000,20.25700000000,,10.50000000,3.22000000,1.400000,1.630000,6771.00
"Kepler-729 b","Kepler-729",0.0432000000,3.16635371400,0.000000,12.50000000,3.58000000,0.940000,0.910000,5633.00
"Kepler-618 b","Kepler-618",0.0449000000,3.59576964500,0.000000,7.27000000,2.60000000,1.050000,1.080000,5860.00
"Kepler-590 b","Kepler-590",0.0647000000,5.85296257000,0.000000,15.20000000,4.02000000,1.100000,1.150000,6000.00
"Kepler-664 b","Kepler-664",0.0374000000,2.52559331500,0.000000,7.56000000,2.66000000,1.010000,1.020000,5754.00
"K2-75 b","K2-75",0.0810000000,7.81420000000,,7.61000000,2.67000000,1.160000,1.560000,5995.00
"Kepler-591 b","Kepler-591",0.3554000000,81.16942990000,0.000000,11.40000000,3.39000000,0.970000,0.940000,5677.00
"HATS-25 b","HATS-25",0.0516300000,4.29864320000,0.176000,194.82979000,14.12334000,0.994000,1.107000,5715.00
"HATS-26 b","HATS-26",0.0473500000,3.30238810000,0.245000,206.58950000,19.61575000,1.299000,2.040000,6071.00
"K2-75 c","K2-75",0.1429000000,18.31100000000,,8.10000000,2.77000000,1.160000,1.560000,5995.00
"Kepler-736 b","Kepler-736",0.0428000000,3.60147201000,0.000000,8.91000000,2.93000000,0.860000,0.810000,5217.00
"Kepler-735 b","Kepler-735",0.0965000000,11.51516988000,0.000000,9.01000000,2.95000000,0.850000,0.800000,5107.00
"Kepler-569 b","Kepler-569",0.1978400000,34.18890521000,0.000000,10.10000000,3.16000000,0.950000,0.930000,5616.00
"Kepler-592 b","Kepler-592",0.0397000000,2.82019240800,0.000000,6.30000000,2.39000000,1.040000,1.040000,5913.00
"HATS-27 b","HATS-27",0.0611000000,4.63703800000,0.581000,168.44990000,16.81350000,1.415000,1.740000,6438.00
"K2-84 b","K2-84",0.0665000000,6.42150000000,,6.39000000,2.41000000,0.950000,0.930000,5652.00
"Kepler-562 b","Kepler-562",0.1333000000,18.00931443600,0.000000,23.70000000,5.21000000,0.930000,0.900000,5575.00
"Kepler-651 b","Kepler-651",0.1407800000,21.38521506000,0.000000,6.21000000,2.37000000,0.920000,0.870000,5522.00
"Kepler-593 b","Kepler-593",0.1508000000,21.21708973000,0.000000,8.60000000,2.87000000,1.080000,1.100000,5967.00
"Kepler-570 b","Kepler-570",0.0497000000,4.30166200300,0.000000,6.57000000,2.45000000,0.930000,0.900000,5496.00
"K2-178 b","K2-178",,8.74781800000,,12.40000000,3.55790985,0.951090,0.887267,5525.00
"K2-60 b","K2-60",0.0450000000,3.00265000000,0.000000,135.39558000,7.65574700,0.970000,1.120000,5500.00
"WASP-81 b","WASP-81",0.0390800000,2.71647620000,0.066000,231.69807000,16.01766100,1.080000,1.283000,5870.00
"HD 177565 b","HD 177565",0.2460000000,44.50500000000,0.059300,15.10000000,4.00000000,1.000000,0.971489,5627.00
"MOA-2012-BLG-505L b","MOA-2012-BLG-505L",0.9000000000,,,6.70000000,2.48000000,0.100000,,
"K2-201 c","K2-201",,22.77987800000,,10.80000000,3.28568401,0.956055,0.878161,5507.00
"GJ 1148 b","GJ 1148",0.1660000000,41.38000000000,0.380000,96.70000000,11.90000000,0.344045,0.358519,3287.00
"HD 17674 b","HD 17674",1.4200000000,623.80000000000,0.130000,276.51210000,13.90000000,0.980000,1.180000,5904.00
"K2-206 b","K2-206",,18.29454900000,,8.22000000,2.79522879,0.789481,0.758046,5043.00
"K2-207 b","K2-207",,12.48749000000,,7.30000000,2.60585269,0.941851,0.928158,5522.00
"K2-132 b","K2-132",0.0916000000,9.17510000000,0.290000,155.73670000,14.57170000,1.080000,3.850000,4840.00
"WASP-153 b","WASP-153",0.0480000000,3.33260900000,0.009000,123.95370000,17.37395000,1.336000,1.730000,5914.00
"OGLE-2013-BLG-1721L b","OGLE-2013-BLG-1721L",2.6000000000,,,200.00000000,14.10000000,0.460000,,
"HD 34445 c","HD 34445",0.7181000000,214.67000000000,0.036000,53.50000000,8.42000000,1.070000,1.380000,5836.00
"HD 219134 d","HD 219134",0.2370000000,46.85900000000,0.138000,16.17000000,1.61000000,0.810000,0.778000,4699.00
"HD 219134 f","HD 219134",0.1463000000,22.71700000000,0.148000,7.30000000,1.31000000,0.810000,0.778000,4699.00
"HD 34445 d","HD 34445",0.4817000000,117.87000000000,0.027000,30.70000000,6.07000000,1.070000,1.380000,5836.00
"HD 34445 g","HD 34445",6.3600000000,5700.00000000000,0.032000,120.60000000,13.60000000,1.070000,1.380000,5836.00
"Kepler-20 g","Kepler-20",0.2055000000,34.94000000000,0.150000,19.96000000,4.71000000,0.948000,0.963900,5495.00
"K2-217 b","K2-217",,14.07452400000,,12.50000000,3.57854073,1.102661,1.333718,5967.00
"K2-218 b","K2-218",,8.67988500000,,7.13000000,2.56948149,1.047488,1.008231,5757.00
"GJ 3293 c","GJ 3293",0.3617500000,122.61960000000,0.110000,21.09000000,4.87000000,0.420000,0.404000,3466.00
"GJ 3293 b","GJ 3293",0.1433900000,30.59870000000,0.060000,23.54000000,5.19000000,0.420000,0.404000,3466.00
"K2-80 d","K2-80",,28.86725300000,,7.04000000,2.55211506,0.913111,0.841458,5377.00
"PSR J2322-2650 b","PSR J2322-2650",0.0102000000,0.32296399700,0.001700,252.64306700,13.90000000,1.400000,,
"HATS-50 b","HATS-50",0.0504600000,3.82970150000,0.516000,123.95370000,12.66617000,1.168000,1.117000,5990.00
"HD 128356 b","HD 128356",0.8700000000,298.20000000000,0.570000,282.86870000,13.90000000,0.650000,0.850000,4875.00
"GJ 3138 d","GJ 3138",0.6980000000,257.80000000000,0.320000,10.50000000,3.23000000,0.681000,0.500000,3717.00
"K2-21 c","K2-21",0.1070000000,15.50192000000,0.210000,6.76000000,2.49000000,0.676023,0.646783,4222.06
"GJ 3293 d","GJ 3293",0.1939400000,48.13450000000,0.120000,7.60000000,2.67000000,0.420000,0.404000,3466.00
"V830 Tau b","V830 Tau",0.0570000000,4.92700000000,0.000000,222.48100000,14.00000000,1.000000,2.000000,4250.00
"HATS-31 b","HATS-31",0.0478000000,3.37796000000,0.233000,279.69040000,18.38276000,1.275000,1.870000,6050.00
"Kepler-150 f","Kepler-150",1.2400000000,637.20930000000,,12.90000000,3.64000000,0.970000,0.905339,5528.00
"K2-160 b","K2-160",,3.70587100000,,10.20000000,3.17824034,0.982829,0.913754,5649.00
"HATS-34 b","HATS-34",0.0316600000,2.10616070000,0.108000,299.07803000,16.02887000,0.955000,0.980000,5380.00
"K2-163 b","K2-163",,6.67311700000,,6.65000000,2.46610713,0.826112,0.762201,4937.00
"HD 6434 b","HD 6434",0.1400000000,21.99800000000,0.170000,155.73670000,14.20000000,1.100000,1.120000,5769.00
"K2-231 b","K2-231",,13.84190100000,,6.80000000,2.50000000,1.010000,0.950000,5695.00
"HATS-39 b","HATS-39",0.0600700000,4.57763480000,0.275000,200.23290000,17.59813000,1.379000,1.621000,6572.00
"HD 137388 b","HD 137388",0.8900000000,330.00000000000,0.360000,63.56600000,9.32000000,0.680000,0.880000,5181.00
"HD 75289 b","HD 75289",0.0500000000,3.50927000000,0.030000,155.73670000,14.20000000,1.290000,1.230000,6117.00
"HD 76700 b","HD 76700",0.0500000000,3.97097000000,0.090000,66.74430000,9.60000000,0.990000,1.370000,5644.00
"KELT-6 b","KELT-6",0.0793900000,7.84570000000,0.220000,165.27160000,14.57170000,1.420000,1.730000,6102.00
"K2-155 c","K2-155",0.0946000000,13.85000000000,,7.27000000,2.60000000,0.650000,0.580000,4258.00
"WASP-117 b","WASP-117",0.0945900000,10.02165000000,0.300000,95.34900000,11.88154000,1.290000,1.220000,6040.00
"HD 16141 b","HD 16141",0.3600000000,75.52300000000,0.250000,82.63580000,10.90000000,1.110000,1.480000,5757.00
"WASP-11 b","WASP-11",0.0435000000,3.72247000000,0.000000,251.08570000,12.44199000,1.420000,0.890000,4800.00
"WASP-13 b","WASP-13",0.0536200000,4.35301000000,0.000000,114.41880000,13.67498000,0.720000,1.370000,5950.00
"WASP-101 b","WASP-101",0.0505700000,3.58572000000,0.000000,162.09330000,16.02887000,1.410000,1.310000,6380.00
"BD-10 3166 b","BD-10 3166",0.0400000000,3.48777000000,0.020000,187.51970000,14.10000000,1.470000,0.910000,5393.00
"WASP-22 b","WASP-22",0.0470000000,3.53269000000,0.020000,212.94610000,13.78707000,1.460000,1.240000,6000.00
"HD 204941 b","HD 204941",2.5500000000,1733.00000000000,0.370000,73.10090000,10.10000000,0.580000,0.780000,5026.00
"WASP-29 b","WASP-29",0.0457000000,3.92273000000,0.030000,73.10090000,8.63093000,0.770000,0.790000,4800.00
"WASP-26 b","WASP-26",0.0400000000,2.75660000000,0.000000,270.15550000,13.56289000,0.860000,1.220000,6034.00
"K2-164 b","K2-164",,17.35506600000,,10.60000000,3.24925008,1.180894,2.196069,5791.00
"HAT-P-24 b","HAT-P-24",0.0465100000,3.35524000000,0.070000,238.37250000,14.57170000,1.370000,1.380000,6373.00
"HD 212301 b","HD 212301",0.0300000000,2.24571000000,0.000000,162.09330000,14.20000000,1.550000,1.160000,6239.00
"K2-171 b","K2-171",,5.62846600000,,7.69000000,2.68657205,0.891587,1.717458,5250.00
"HAT-P-29 b","HAT-P-29",0.0667000000,5.72319000000,0.090000,279.69040000,13.11453000,1.450000,1.300000,6087.00
"WASP-41 b","WASP-41",0.0402200000,3.05240000000,0.000000,270.15550000,12.32990000,0.810000,0.830000,5545.00
"WASP-48 b","WASP-48",0.0344400000,2.14363000000,0.000000,254.26400000,16.81350000,0.880000,1.580000,5920.00
"K2-172 c","K2-172",,29.62682000000,,10.40000000,3.20569097,0.934356,0.868889,5569.00
"HD 218566 b","HD 218566",0.6900000000,225.70000000000,0.300000,63.56600000,9.32000000,0.760000,0.850000,4730.00
"XO-1 b","XO-1",0.0488000000,3.94153000000,0.000000,263.79890000,12.77826000,0.880000,0.880000,5750.00
"HD 101930 b","HD 101930",0.3000000000,70.46000000000,0.110000,79.45750000,10.60000000,0.570000,0.860000,5108.00
"HD 2638 b","HD 2638",0.0400000000,3.44420000000,0.000000,133.48860000,14.30000000,0.770000,0.940000,5186.00
"Pr0201 b","Pr0201",0.0600000000,4.42640000000,0.000000,171.62820000,14.20000000,1.240000,1.150000,6174.00
"HD 102195 b","HD 102195",0.0500000000,4.11377000000,0.000000,130.31030000,14.20000000,0.760000,0.820000,5301.00
"HD 102117 b","HD 102117",0.1500000000,20.81330000000,0.120000,54.03110000,8.47000000,1.060000,1.230000,5655.00
"HD 330075 b","HD 330075",0.0400000000,3.38773000000,0.000000,152.55840000,14.30000000,0.470000,0.840000,5000.00
"HD 34445 b","HD 34445",2.0700000000,1049.00000000000,0.270000,260.62060000,13.90000000,1.140000,1.380000,5879.00
"HD 77338 b","HD 77338",0.0600000000,5.73610000000,0.090000,15.90000000,4.12000000,1.370000,0.970000,5341.00
"HAT-P-40 b","HAT-P-40",0.0608000000,4.45724000000,0.000000,152.55840000,17.03768000,1.030000,1.940000,6080.00
"HD 103197 b","HD 103197",0.2500000000,47.84000000000,0.000000,28.60470000,5.83000000,0.800000,0.880000,5250.00
"WASP-49 b","WASP-49",0.0379000000,2.78174000000,0.000000,117.59710000,12.44199000,0.920000,0.970000,5600.00
"HD 47186 b","HD 47186",0.0500000000,4.08450000000,0.040000,22.24810000,5.02000000,0.960000,1.080000,5657.00
"WASP-67 b","WASP-67",0.0517900000,4.61442000000,0.000000,136.66690000,12.89035000,0.910000,0.880000,5200.00
"K2-197 b","K2-197",0.0806000000,8.35788100000,,7.08000000,2.56000000,1.000000,0.930000,5667.00
"HD 89345 b","HD 89345",0.1066000000,11.81430000000,0.220000,34.96130000,7.39794000,1.157000,1.747000,5576.00
"K2-238 b","K2-238",0.0460000000,3.20466000000,0.000000,273.33380000,14.57170000,1.190000,1.590000,5630.00
"WASP-168 b","WASP-168",0.0519000000,4.15365800000,0.000000,133.48860000,16.81350000,1.080000,1.120000,6000.00
"OGLE-2014-BLG-1722L c","OGLE-2014-BLG-1722L",1.7000000000,,,83.70000000,11.00000000,0.400000,,
"K2-266 b","K2-266",0.0130600000,0.65852400000,,11.26782377,3.30000000,0.686000,0.703000,4285.00
"OGLE-2011-BLG-0173L b","OGLE-2011-BLG-0173L",8.0000000000,,,60.00000000,9.01000000,0.410000,,
"K2-266 e","K2-266",0.1249000000,19.48200000000,0.043000,14.30000000,2.73000000,0.686000,0.703000,4285.00
"K2-266 d","K2-266",0.1035000000,14.69700000000,0.047000,8.90000000,2.93000000,0.686000,0.703000,4285.00
"WASP-147 b","WASP-147",0.0549000000,4.60273000000,0.000000,87.40325000,12.49803500,1.044000,1.429000,5702.00
"WASP-160 B b","WASP-160 B",0.0452000000,3.76849520000,0.000000,88.35674000,12.21781000,0.870000,0.868000,5298.00
"WASP-165 b","WASP-165",0.0482300000,3.46550900000,0.000000,209.13214000,14.12334000,1.248000,1.750000,5599.00
"K2-283 b","K2-283",0.0291000000,1.92103600000,,12.20000000,3.52000000,0.890000,0.820000,5060.00
"K2-281 b","K2-281",0.0773000000,8.68772100000,,50.90000000,8.18000000,0.820000,0.760000,4812.00
"K2-216 b","K2-216",0.0280000000,2.17480000000,0.000000,8.00000000,1.75000000,0.700000,0.720000,4503.00
"GJ 96 b","GJ 96",0.2910000000,73.94000000000,0.440000,19.66000000,4.67000000,0.600000,0.580612,3785.00
"HATS-11 b","HATS-11",0.0507000000,3.61918800000,0.340000,263.79890000,18.03000000,1.330000,1.540000,6563.00
"MOA-2015-BLG-337L b","MOA-2015-BLG-337L",0.2400000000,,,33.70000000,6.42000000,0.009400,,
"K2-241 b","K2-241",0.1567000000,26.81990000000,,7.04000000,2.55000000,0.710000,0.750000,5262.00
"K2-284 b","K2-284",0.0477100000,4.79506900000,0.078000,8.15000000,2.78000000,0.630000,0.607000,4140.00
"MOA-2016-BLG-319L b","MOA-2016-BLG-319L",0.9500000000,,,200.00000000,14.10000000,0.150000,,
"K2-245 b","K2-245",0.0959000000,11.89307000000,,17.40000000,4.34000000,0.830000,1.250000,5793.00
"K2-270 c","K2-270",0.0497000000,4.40002800000,,9.01000000,2.95000000,0.850000,0.770000,4877.00
"HATS-59 b","HATS-59",0.0611200000,5.41608100000,0.129000,256.17098000,12.62133400,1.038000,1.036000,5670.00
"EPIC 211945201 b","EPIC 211945201",0.1493000000,19.49221000000,0.000000,11.00000000,5.76000000,1.170000,1.390000,6069.00
"K2-39 b","K2-39",0.0570800000,4.60543000000,0.000000,28.60470000,6.27704000,0.660000,2.970000,4881.00
"K2-248 b","K2-248",0.0699000000,7.17256000000,,7.13000000,2.57000000,0.880000,0.920000,5528.00
"K2-276 b","K2-276",0.1291000000,18.71826900000,,13.70000000,3.77000000,0.820000,0.850000,5139.00
"HATS-46 b","HATS-46",0.0536700000,4.74237290000,0.559000,54.98459000,10.12172700,0.917000,0.853000,5495.00
"HATS-7 b","HATS-7",0.0401200000,3.18531500000,0.170000,38.13960000,6.31066700,0.849000,0.815000,4985.00
"K2-188 c","K2-188",0.0785000000,7.81025300000,,8.40000000,2.83000000,1.060000,1.190000,5977.00
"K2-258 b","K2-258",0.1490000000,19.09210000000,,9.27000000,3.00000000,1.210000,1.310000,6351.00
"HATS-69 b","HATS-69",0.0321100000,2.22525770000,0.519000,183.38791000,10.59250500,0.892000,0.878500,5137.00
"HD 117618 b","HD 117618",0.1800000000,25.80000000000,0.150000,55.30242000,8.59000000,1.077000,1.200000,5990.00
"NGTS-4 b","NGTS-4",0.0190000000,1.33735080000,0.000000,20.60000000,3.18000000,0.750000,0.840000,5143.00
"K2-295 b","K2-295",0.0451000000,4.02486700000,0.000000,106.47305000,10.05447300,0.740000,0.700000,4444.00
"HAT-P-25 b","HAT-P-25",0.0466000000,3.65281514000,0.023000,180.84527000,12.72221500,1.012000,0.919000,5519.00
"OGLE-2015-BLG-1670L b","OGLE-2015-BLG-1670L",2.6200000000,,,17.90000000,4.42000000,0.550000,,
"K2-290 c","K2-290",0.3050000000,48.36685000000,0.000000,246.00042000,11.27625400,1.194000,1.511000,6302.00
"K2-53 b","K2-53",0.0980000000,12.20772000000,,7.27000000,2.60000000,0.851000,0.807000,5263.00
"K2-293 b","K2-293",,13.12250000000,,6.57000000,2.45000000,0.958000,0.947000,5532.00
"HAT-P-9 b","HAT-P-9",0.0528700000,3.92281072000,0.084000,238.05467000,15.61413700,1.281000,1.338000,6350.00
"K2-90 b","K2-90",0.0960000000,13.73331400000,0.070000,7.27000000,2.60000000,0.629000,0.619000,4484.00
"GJ 685 b","GJ 685",0.1344000000,24.16000000000,0.000000,9.00000000,2.95000000,0.550000,0.540000,3816.00
"K2-308 b","K2-308",,3.38628000000,,70.60000000,9.91600000,1.090000,1.240000,6100.00
"Kepler-9 c","Kepler-9",0.2270000000,38.98530000000,0.066910,29.90000000,8.08000000,1.022000,0.958000,5774.00
"K2-124 b","K2-124",0.0490000000,6.41365100000,0.080000,8.75000000,2.90000000,0.390000,0.388000,3570.00
"Kepler-25 c","Kepler-25",0.1117000000,12.72070000000,0.006100,15.20000000,5.21700000,1.165000,1.316000,6354.00
"HD 134060 c","HD 134060",2.3928000000,1291.56460000000,0.110000,29.29000000,5.91000000,1.095000,1.164285,5966.00
"WASP-177 b","WASP-177",0.0395700000,3.07172200000,,161.45764000,17.71022000,0.876000,0.885000,5017.00
"WASP-181 b","WASP-181",0.0542700000,4.51950640000,,95.03117000,13.27145600,1.040000,0.965000,5839.00
"Kepler-25 b","Kepler-25",0.0695000000,6.23829700000,0.002900,8.70000000,2.74800000,1.165000,1.316000,6354.00
"HD 20003 b","HD 20003",0.0974000000,11.84820000000,0.360000,11.66000000,3.43000000,0.875000,0.921637,5494.00
"HD 21693 b","HD 21693",0.1455000000,22.67860000000,0.120000,8.23000000,2.80000000,0.800000,0.914378,5430.00
"Kepler-47 d","Kepler-47",0.6992000000,187.36600000000,0.024000,19.02000000,7.04000000,0.957000,0.936000,5636.00
"LSPM J2116+0234 b","LSPM J2116+0234",0.0876000000,14.43990000000,0.183000,13.30000000,3.71000000,0.430000,0.431000,3475.00
"K2-285 e","K2-285",0.1804100000,14.76289000000,0.000000,10.70000000,1.95000000,0.830000,0.787000,4975.00
"K2-285 d","K2-285",0.1178000000,10.45582000000,0.000000,6.50000000,2.48000000,0.830000,0.787000,4975.00
"HD 31527 b","HD 31527",0.1254000000,16.55350000000,0.100000,10.47000000,3.22000000,0.960000,1.073694,5898.00
"HD 31527 d","HD 31527",0.8098000000,271.67370000000,0.240000,11.82000000,3.46000000,0.960000,1.073694,5898.00
"HD 114729 b","HD 114729",2.0670000000,1121.79000000000,0.079000,262.20975000,13.90000000,0.936000,1.473000,5844.00
"NGTS-5 b","NGTS-5",0.0382000000,3.35698660000,0.000000,72.78307000,12.73342400,0.661000,0.739000,4987.00
"HD 126525 b","HD 126525",1.8370000000,960.41000000000,0.035000,75.32571000,10.30000000,0.897000,0.979000,5638.00
"HATS-60 b","HATS-60",0.0470800000,3.56082900000,0.191000,210.40346000,12.92397700,1.097000,1.460000,5688.00
"HD 20781 e","HD 20781",0.3374000000,85.50730000000,0.060000,14.03000000,3.83000000,0.700000,0.833609,5256.00
"HD 45184 c","HD 45184",0.1100000000,13.13540000000,0.070000,8.81000000,2.91000000,1.030000,1.075139,5869.00
"HATS-62 b","HATS-62",0.0416300000,3.27688370000,0.298000,56.89157000,11.82549500,0.896000,0.933000,5416.00
"HD 103949 b","HD 103949",0.4390000000,120.87800000000,0.190000,11.20000000,3.35000000,0.770000,0.753113,4792.00
"HIP 35173 b","HIP 35173",0.2170000000,41.51600000000,0.160000,12.70000000,3.61000000,0.790000,0.773404,4881.00
"HD 25171 b","HD 25171",2.9710000000,1802.29000000000,0.042000,290.81445000,13.90000000,1.076000,1.230000,6125.00
"HATS-65 b","HATS-65",0.0449700000,3.10516100000,0.062000,260.93843000,16.82470900,1.257000,1.310000,6277.00
"HD 1397 b","HD 1397",0.1097000000,11.53533000000,0.251000,131.89945000,11.50043400,1.324000,2.336000,5521.00
"HD 64114 b","HD 64114",0.2460000000,45.79100000000,0.120000,17.80000000,4.41000000,0.950000,0.882858,5676.00
"HD 206255 b","HD 206255",0.4610000000,96.04500000000,0.230000,34.20000000,6.47000000,1.420000,2.221489,5635.00
"Gl 378 b","Gl 378",0.0394350000,3.82200000000,0.109000,13.02000000,3.66000000,0.560000,0.560000,3879.00
"XO-7 b","XO-7",0.0442100000,2.86414240000,0.038000,225.34147000,15.38995700,1.405000,1.480000,6250.00
"HATS-55 b","HATS-55",0.0541200000,4.20420010000,0.092000,292.72143000,14.02245900,1.195500,1.126000,6214.00
"Kepler-1996 c","Kepler-1996",0.3608000000,92.72972480000,0.000000,8.30000000,2.81000000,0.748000,0.675000,4580.00
"TOI-813 b","TOI-813",0.4230000000,83.89110000000,0.000000,36.40000000,6.71000000,1.320000,1.940000,5907.00
"GJ 433 b","GJ 433",0.0620000000,7.37050000000,0.040000,6.04300000,2.33000000,0.480000,0.500000,3461.00
"GJ 180 b","GJ 180",0.0920000000,17.13300000000,0.070000,6.49000000,2.43000000,0.430000,0.413049,3371.00
"WASP-169 b","WASP-169",0.0681000000,5.61141180000,0.000000,178.30263000,14.61653600,1.337000,2.011000,6110.00
"Kepler-164 e","Kepler-164",0.4025000000,94.88690200000,0.000000,16.70000000,4.24000000,0.966000,1.097000,5888.00
"Kepler-1984 b","Kepler-1984",0.0238000000,1.99281233900,0.000000,37.30000000,6.81000000,0.450000,0.420000,3638.00
"GJ 3082 b","GJ 3082",0.0790000000,11.94900000000,0.220000,8.20000000,2.79000000,0.470000,0.465216,3910.00
"Kepler-619 d","Kepler-619",0.1021000000,11.67894236000,0.000000,16.20000000,4.17000000,1.041000,0.964000,6122.00
"EPIC 249893012 b","EPIC 249893012",0.0470000000,3.59510000000,0.060000,8.75000000,1.95000000,1.050000,1.710000,5430.00
"Kepler-1661 b","Kepler-1661",0.6330000000,175.06000000000,0.057000,17.00000000,3.87000000,0.841000,0.762000,5100.00
"OGLE-2016-BLG-1067L b","OGLE-2016-BLG-1067L",1.7000000000,,,140.00000000,14.30000000,0.300000,,
"Kepler-1801 c","Kepler-1801",0.4572000000,116.58318300000,0.000000,8.80000000,2.91000000,0.936000,0.981000,5738.00
"EPIC 249893012 c","EPIC 249893012",0.1300000000,15.62400000000,0.070000,14.67000000,3.67000000,1.050000,1.710000,5430.00
"EPIC 249893012 d","EPIC 249893012",0.2200000000,35.74700000000,0.150000,10.18000000,3.94000000,1.050000,1.710000,5430.00
"WASP-180 A b","WASP-180 A",0.0480000000,3.40926400000,0.000000,286.04700000,13.89916000,1.300000,1.190000,6600.00
"WASP-2 b","WASP-2",0.0314400000,2.15217500000,0.005400,295.89973000,12.11692900,0.895000,0.866000,5180.00
"Kepler-949 c","Kepler-949",0.1394000000,20.99757968000,0.000000,9.11000000,2.97000000,0.817000,0.895000,5211.00
"WASP-44 b","WASP-44",0.0345300000,2.42380400000,0.000000,276.51210000,12.32990000,0.935000,0.906000,5420.00
"HATS-47 b","HATS-47",0.0426900000,3.92280380000,0.088000,117.27927000,12.52045300,0.674000,0.656400,4512.00
"GJ 15 A c","GJ 15 A",5.4000000000,7600.00000000000,0.270000,36.00000000,6.67000000,0.380000,0.380000,3607.00
"Kepler-347 d","Kepler-347",0.3802000000,85.51734400000,0.000000,9.48000000,3.04000000,1.000000,1.451000,5592.00
"WASP-184 b","WASP-184",0.0627000000,5.18170000000,0.000000,181.16310000,14.90797000,1.230000,1.650000,6000.00
"Kepler-549 d","Kepler-549",0.1575000000,24.61480613000,0.000000,16.40000000,4.20000000,0.859000,0.986000,5312.00
"KMT-2017-BLG-0165L b","KMT-2017-BLG-0165L",3.4500000000,,,34.00000000,6.45000000,0.760000,,
"GJ 682 c","GJ 682",0.1760000000,57.32000000000,0.100000,8.70000000,2.89000000,0.270000,0.298255,3028.00
"MOA-bin-29 b","MOA-bin-29",0.4800000000,,,190.00000000,14.10000000,0.030000,,
"HD 50554 d","HD 50554",0.1831000000,28.06940000000,0.000000,10.40000000,1.41000000,1.040000,1.146000,5968.00
"Kepler-1983 b","Kepler-1983",0.0689000000,7.32851947000,0.000000,6.04000000,2.33000000,0.812000,0.874000,5135.00
"NGTS-8 b","NGTS-8",0.0350000000,2.49970000000,0.010000,295.58190000,12.21781000,0.890000,0.980000,5241.00
"7 CMa c","7 CMa",2.1530000000,996.00000000000,0.080000,276.51210000,13.90000000,1.340000,4.870000,4826.00
"HD 220197 b","HD 220197",2.7290000000,1728.00000000000,0.187000,63.56600000,9.32000000,0.910000,0.980000,5683.00
"K2-43 c","K2-43",,2.19888400000,,6.44000000,2.42000000,0.571000,0.542000,3840.60
"HD 213885 b","HD 213885",0.0201200000,1.00803500000,0.000000,8.83000000,1.74500000,1.068000,1.101100,5978.00
"Kepler-896 c","Kepler-896",0.1792000000,29.54225660000,0.000000,10.10000000,3.15000000,0.877000,0.803000,5510.00
"HD 213885 c","HD 213885",0.0567980000,4.78503000000,0.000000,19.95000000,4.71000000,1.068000,1.101100,5978.00
"Kepler-2000 b","Kepler-2000",0.0562000000,6.38315913500,0.000000,7.90000000,2.73000000,0.581000,0.576000,3757.00
"TOI-763 c","TOI-763",0.1011000000,12.27370000000,0.040000,9.32000000,2.63000000,0.917000,0.897000,5450.00
"TOI-905 b","TOI-905",0.0466600000,3.73949400000,0.024000,211.99261000,13.12573900,0.968000,0.918000,5570.00
"Kepler-1674 b","Kepler-1674",0.3017000000,62.56110000000,0.000000,10.40000000,3.20577490,0.960000,0.877273,5473.91
"Kepler-1675 b","Kepler-1675",0.3218500000,63.03820000000,0.000000,9.93000000,3.12483349,1.060000,1.128650,5853.19
"HD 164922 c","HD 164922",0.3410000000,75.74000000000,0.120000,13.00000000,3.66000000,0.926000,0.946000,5390.00
"KMT-2019-BLG-0842L b","KMT-2019-BLG-0842L",3.3100000000,,,10.28000000,3.19000000,0.760000,,
"HD 108236 e","HD 108236",0.1367000000,19.59002500000,0.058000,9.71000000,3.08300000,0.869000,0.877000,5660.00
"MOA-2009-BLG-319L b","MOA-2009-BLG-319L",2.0300000000,,,67.30000000,9.64000000,0.524000,,
"Kepler-1685 b","Kepler-1685",0.1485000000,20.49050000000,0.000000,7.16000000,2.57673985,0.960000,0.835451,5484.00
"OGLE-2017-BLG-0604L b","OGLE-2017-BLG-0604L",4.0600000000,,,160.00000000,14.20000000,0.700000,,
"NGTS-14 A b","NGTS-14 A",0.0403000000,3.53571730000,0.000000,29.24036000,4.97679600,0.898000,0.842000,5187.00
"HD 13808 b","HD 13808",0.1051900000,14.18150000000,0.071000,11.20000000,3.35000000,0.771000,0.781000,5035.00
"OGLE-2015-BLG-1771L b","OGLE-2015-BLG-1771L",0.8500000000,,,138.00000000,14.30000000,0.077000,,
"Kepler-462 b","Kepler-462",0.4172000000,84.68660000000,0.042000,53.90000000,3.00000000,1.590000,1.570000,7500.00
"HD 110113 c","HD 110113",0.0680000000,6.74400000000,0.045000,10.50000000,2.11384817,0.997000,0.968000,5732.00
"OGLE-2012-BLG-0838L b","OGLE-2012-BLG-0838L",4.4300000000,,,53.10000000,8.39000000,0.400000,,
"Kepler-160 d","Kepler-160",0.1700000000,30.00000000000,,100.00000000,,1.003000,1.118000,5471.00
"Kepler-160 c","Kepler-160",0.1192000000,13.69942900000,0.000000,13.60000000,3.76000000,1.003000,1.118000,5471.00
"HD 110082 b","HD 110082",0.1130000000,10.18271000000,0.200000,10.30000000,3.20000000,1.210000,1.190000,6200.00
"Kepler-1664 b","Kepler-1664",0.1137000000,14.38680000000,0.000000,9.45000000,3.03320653,0.944000,1.072000,5735.81
"TOI-954 b","TOI-954",0.0496300000,3.68497290000,0.140000,55.30242000,9.55006800,1.201000,1.892000,5710.00
"K2-329 b","K2-329",0.1016000000,12.45512250000,0.069700,82.63580000,8.67576600,0.901000,0.822000,5282.00
"HATS-49 b","HATS-49",0.0451500000,4.14804670000,0.071000,112.19399000,8.57488500,0.713300,0.697700,4405.00
"Wendelstein-1 b","Wendelstein-1",0.0282000000,2.66341600000,0.012000,188.15536000,11.56096260,0.650000,0.610000,4251.00
"BD-11 4672 c","BD-11 4672",0.3000000000,74.20000000000,0.400000,15.37000000,4.04000000,0.651000,0.639000,4550.00
"BD-11 4672 b","BD-11 4672",2.3600000000,1634.00000000000,0.050000,206.58950000,14.10000000,0.651000,0.639000,4550.00
"OGLE-2016-BLG-1227L b","OGLE-2016-BLG-1227L",3.4000000000,,,250.00000000,13.90000000,0.100000,,
"TOI-169 b","TOI-169",0.0352400000,2.25544770000,0.000000,251.40353000,12.17297400,1.147000,1.288000,5880.00
"Kepler-1700 b","Kepler-1700",0.7609400000,234.23900000000,0.000000,8.76000000,2.90129941,1.120000,1.093700,6031.00
"Kepler-1666 b","Kepler-1666",0.1761000000,25.84760000000,0.000000,8.66000000,2.88273782,1.230000,1.145860,6293.00
"Gl 686 b","Gl 686",0.0910000000,15.53000000000,0.050000,6.62400000,2.46000000,0.426000,0.427000,3656.00
"HD 180617 b","HD 180617",0.3430000000,105.91100000000,0.101000,12.21400000,3.53000000,0.484000,0.481000,3534.00
"HD 158259 e","HD 158259",,7.95100000000,,6.08000000,2.34000000,1.080000,1.210000,5801.89
"HATS-37 A b","HATS-37 A",0.0491300000,4.33153660000,0.000000,31.46517000,6.79265400,0.843000,0.877000,5326.00
"GJ 687 b","GJ 687",0.1630000000,38.14200000000,0.170000,17.20000000,4.32000000,0.400000,0.418300,3413.00
"GJ 2056 b","GJ 2056",0.2830000000,69.97100000000,0.720000,16.20000000,4.17000000,0.620000,0.709495,4069.95
"HD 216520 c","HD 216520",0.5280000000,154.43000000000,0.120000,9.44000000,3.03000000,0.820000,0.760000,5103.00
"CoRoT-31 b","CoRoT-31",0.0586000000,4.62941000000,0.020000,266.97720000,16.36514000,1.250000,2.150000,5700.00
"HIP 38594 b","HIP 38594",0.2560000000,60.72200000000,0.170000,8.10000000,2.77000000,0.610000,0.626646,4086.30
"Kepler-783 c","Kepler-783",0.0690300000,7.05395000000,0.000000,6.04000000,2.33153725,0.940000,0.872088,5411.49
"Kepler-1667 b","Kepler-1667",0.3590500000,83.57810000000,0.000000,9.19000000,2.98385261,1.090000,1.087510,5941.54
"HIP 4845 b","HIP 4845",0.1760000000,34.15000000000,0.250000,14.40000000,3.89000000,0.620000,0.603999,4010.00
"HIP 48714 b","HIP 48714",0.1120000000,17.81800000000,0.500000,22.90000000,5.11000000,0.580000,0.595456,4015.50
"HAT-P-68 b","HAT-P-68",0.0299600000,2.29840551000,0.041000,230.10892000,12.01604800,0.678500,0.670100,4508.00
"KOI-1783.01","KOI-1783",0.5266100000,134.46280000000,0.000000,71.00000000,8.86000000,1.076000,1.143000,5922.00
"Kepler-1668 b","Kepler-1668",0.1240000000,15.43400000000,0.000000,17.40000000,4.34764405,0.980000,1.017380,5542.00
"Kepler-598 c","Kepler-598",0.3667200000,86.49450000000,0.000000,9.40000000,3.02420941,0.900000,0.900316,5245.00
"KOI-1783.02","KOI-1783",0.8669500000,284.21500000000,0.000000,15.00000000,5.44000000,1.076000,1.143000,5922.00
"HD 156668 c","HD 156668",1.5700000000,811.30000000000,0.089000,31.49679513,6.17000000,0.785167,0.774528,4903.69
"HD 24040 c","HD 24040",1.3000000000,515.40000000000,0.110000,63.88350981,9.35000000,1.103940,1.387296,5776.49
"HD 3765 b","HD 3765",2.1080000000,1211.00000000000,0.298000,54.98431441,8.56000000,0.851785,0.830610,5049.80
"K2-348 c","K2-348",,12.55017100000,,7.61000000,2.67000000,0.830000,0.850000,5077.00
"K2-282 b","K2-282",0.0499000000,4.16978300000,,6.80000000,2.50000000,0.940000,1.000000,5499.00
"TOI-257 b","TOI-257",0.1528000000,18.38818000000,0.000000,43.86032017,7.16253867,1.407000,1.867000,6095.00
"HAT-P-58 b","HAT-P-58",0.0499400000,4.01383790000,0.073000,118.23216740,14.93036229,1.031000,1.530000,6078.00
"TOI-269 b","TOI-269",0.0345000000,3.69771040000,0.425000,8.80000000,2.77000000,0.391700,0.398000,3514.00
"K2-32 b","K2-32",0.0795000000,8.99200000000,0.030000,15.00000000,5.29900000,0.830000,0.860000,5271.00
"HAT-P-64 b","HAT-P-64",0.0538700000,4.00723200000,0.101000,184.34047606,19.08889413,1.298000,1.735000,6457.00
"Kepler-129 c","Kepler-129",0.3900000000,82.20000000000,0.200000,43.00000000,2.52000000,1.178000,1.653000,5770.00
"K2-32 c","K2-32",0.1384300000,20.66093000000,0.049000,8.10000000,3.13400000,0.830000,0.860000,5271.00
"K2-32 d","K2-32",0.1842200000,31.71701000000,0.050000,6.70000000,3.48400000,0.830000,0.860000,5271.00
"K2-353 b","K2-353",,15.46680500000,,26.30000000,5.55000000,0.870000,0.990000,5698.00
"K2-137 b","K2-137",0.0058000000,0.17971900000,0.000000,158.91500000,0.64000000,0.463000,0.290000,3697.00
"NGTS-15 b","NGTS-15",0.0441000000,3.27623000000,0.000000,238.68913366,12.32987877,0.995000,0.954000,5600.00
"K2-330 b","K2-330",,13.77479800000,,8.10000000,2.77000000,1.230000,1.500000,6232.00
"HD 238090 b","HD 238090",0.0932000000,13.67100000000,0.300000,6.89000000,2.52000000,0.578000,0.570000,3933.00
"NGTS-18 b","NGTS-18",0.0448000000,3.05125000000,0.000000,129.99181846,13.56286665,1.003000,1.392000,5610.00
"GJ 414 A b","GJ 414 A",0.2324000000,50.80000000000,0.450000,7.60000000,2.63000000,0.650000,0.680000,4120.00
"BD+55 362 b","BD+55 362",0.7800000000,265.59000000000,0.270000,228.83645304,14.00000000,0.909000,0.896193,5012.00
"HD 136352 d","HD 136352",0.4250000000,107.24500000000,0.000000,8.82000000,2.56200000,0.870000,1.058000,5664.00
"K2-337 b","K2-337",,16.27356300000,,7.37000000,2.62000000,0.940000,1.320000,5869.00
"K2-138 c","K2-138",0.0446100000,3.56004000000,0.045000,6.31000000,2.29900000,0.935000,0.863000,5356.30
"K2-340 b","K2-340",,29.74045100000,,11.20000000,3.36000000,0.930000,1.130000,5532.00
"K2-138 d","K2-138",0.0589300000,5.40479000000,0.043000,7.92000000,2.39000000,0.935000,0.863000,5356.30
"K2-138 e","K2-138",0.0782000000,8.26146000000,0.077000,12.97000000,3.39000000,0.935000,0.863000,5356.30
"K2-100 b","K2-100",0.0301000000,1.67390350000,0.000000,21.80000000,3.88000000,1.150000,1.240000,5945.00
"TOI-2202 c","TOI-2202",0.1554400000,24.67440000000,0.062200,117.27868218,13.40000000,0.823000,0.794000,5144.00
"K2-350 c","K2-350",,19.99194400000,,7.95000000,2.74000000,0.980000,1.040000,5789.00
"K2-351 b","K2-351",,7.80616400000,,6.99000000,2.54000000,1.020000,1.050000,5769.00
"TOI-1749 b","TOI-1749",0.0291000000,2.38839000000,0.140000,57.00000000,1.39000000,0.580000,0.550000,3985.00
"TOI-1749 d","TOI-1749",0.0707000000,9.04970000000,0.062000,15.00000000,2.52000000,0.580000,0.550000,3985.00
"KMT-2018-BLG-1025L b","KMT-2018-BLG-1025L",1.3050000000,,,6.05900000,2.34000000,0.219000,,
"K2-185 c","K2-185",,52.71349400000,,6.30000000,2.39000000,0.960000,0.940000,5788.00
"TOI-1201 b","TOI-1201",0.0287000000,2.49198630000,0.000000,6.28000000,2.41500000,0.512000,0.508000,3476.00
"HD 136925 b","HD 136925",5.1300000000,4540.00000000000,0.103000,266.97586188,13.90000000,0.875104,1.193078,5773.19
"Kepler-1771 b","Kepler-1771",0.3815000000,88.64399719000,0.000000,15.50000000,4.05537256,0.941000,0.934000,5661.00
"Kepler-1786 b","Kepler-1786",0.3572200000,78.54609680000,0.000000,10.10000000,3.16305828,1.058000,1.397000,5808.00
"Kepler-418 c","Kepler-418",0.1063200000,12.21829987000,0.000000,23.70000000,5.22108654,0.957000,1.081000,5822.00
"Kepler-1801 b","Kepler-1801",0.0915000000,10.44089985000,0.000000,7.80000000,2.70926154,0.936000,0.981000,5738.00
"TOI-530 b","TOI-530",0.0520000000,6.38759700000,0.000000,127.13136280,9.30345398,0.530000,0.540000,3659.00
"Kepler-1842 b","Kepler-1842",0.1160000000,14.02639961000,0.000000,6.14000000,2.35388681,1.057000,1.131000,5970.00
"HAT-P-43 b","HAT-P-43",0.0444000000,3.33264140000,0.000000,210.39500000,13.63000000,1.030000,1.080000,5693.00
"Kepler-1810 b","Kepler-1810",0.4137000000,101.13300320000,0.000000,14.60000000,3.91815325,0.921000,1.016000,5492.00
"Kepler-1812 b","Kepler-1812",0.0765000000,7.16521978400,0.000000,6.01000000,2.32494240,1.162000,1.103000,6174.00
"Kepler-1845 b","Kepler-1845",0.0885000000,11.60649967000,0.000000,6.52000000,2.43836702,0.686000,0.701000,4703.00
"Kepler-1716 b","Kepler-1716",0.1883600000,35.58100128000,0.000000,6.46000000,2.42476850,0.753000,0.684000,4894.00
"K2-95 b","K2-95",0.0525000000,10.13464540000,0.160000,11.00000000,3.31000000,0.410000,0.400000,3566.00
"Kepler-1746 b","Kepler-1746",0.9408200000,321.21200560000,0.000000,59.10000000,8.93504475,1.090000,1.286000,6018.00
"Kepler-1814 b","Kepler-1814",0.0376500000,2.93535995500,0.000000,6.21000000,2.36961357,0.790000,0.823000,4922.00
"Kepler-1815 b","Kepler-1815",0.0984000000,12.19139957000,0.000000,7.99000000,2.74892620,0.856000,0.967000,5516.00
"Kepler-1165 c","Kepler-1165",0.1969000000,29.96870041000,0.000000,11.20000000,3.36093385,1.130000,1.076000,6249.00
"Kepler-1847 b","Kepler-1847",0.0989000000,11.12969971000,0.000000,7.97000000,2.74516914,1.041000,0.964000,6122.00
"Kepler-1757 b","Kepler-1757",0.1335000000,19.65640068000,0.000000,8.99000000,2.94660251,0.828000,0.740000,5288.00
"Kepler-1758 b","Kepler-1758",0.0919000000,9.97721004500,0.000000,7.13000000,2.57059831,1.035000,1.616000,5557.00
"Kepler-1819 b","Kepler-1819",0.1337000000,16.48690033000,0.000000,14.50000000,3.90351256,1.173000,1.071000,6090.00
"K2-357 b","K2-357",0.1450000000,16.34886370000,,13.40000000,3.72000000,0.980000,1.000000,5794.00
"K2-358 b","K2-358",0.0863000000,11.25102850000,,7.65000000,2.68000000,0.930000,0.910000,5650.00
"Kepler-1731 b","Kepler-1731",0.1399000000,21.76129913000,0.000000,8.92000000,2.93295657,0.781000,0.720000,4859.00
"Kepler-1762 b","Kepler-1762",0.2040000000,29.53910065000,0.000000,8.05000000,2.76022913,1.298000,1.238000,6572.00
"Kepler-1820 b","Kepler-1820",0.1964000000,31.03249931000,0.000000,9.90000000,3.11883067,1.047000,0.931000,5841.00
"Kepler-1821 b","Kepler-1821",0.1244000000,16.45809937000,0.000000,7.24000000,2.59248115,0.946000,0.884000,5475.00
"Kepler-1788 b","Kepler-1788",0.0343000000,2.80012011500,0.000000,6.25000000,2.37850461,0.686000,0.704000,4786.00
"Kepler-1764 b","Kepler-1764",0.3512000000,70.46829987000,0.000000,18.80000000,4.55527871,1.162000,1.131000,6461.00
"Kepler-1790 b","Kepler-1790",0.2098900000,31.58889961000,0.000000,10.00000000,3.14461450,1.020000,1.367000,5866.00
"Kepler-1791 b","Kepler-1791",0.0761000000,7.72086000400,0.000000,9.91000000,3.12103321,0.985000,1.177000,5887.00
"K2-273 b","K2-273",0.0729000000,11.71956630000,,9.53000000,3.05000000,0.890000,0.850000,5161.00
"Kepler-1792 b","Kepler-1792",0.0488000000,4.19577980000,0.000000,6.89000000,2.51990972,0.878000,1.005000,5229.00
"Kepler-1090 c","Kepler-1090",0.2262200000,42.42720032000,0.000000,10.90000000,3.29265785,0.869000,1.013000,5330.00
"K2-275 b","K2-275",0.0277000000,3.28096260000,,6.08000000,2.34000000,0.770000,0.690000,4841.00
"Kepler-1775 b","Kepler-1775",0.3956500000,85.65399933000,0.000000,12.90000000,3.64762153,1.149000,1.647000,5818.00
"Kepler-1797 b","Kepler-1797",0.1637000000,23.35939980000,0.000000,9.58000000,3.05774442,1.069000,1.009000,6244.00
"HD 93385 d","HD 93385",0.2565000000,45.85000000000,0.090000,8.70000000,2.89000000,1.040000,1.184840,5977.00
"OGLE-2018-BLG-0567L b","OGLE-2018-BLG-0567L",2.7200000000,,,101.70509024,12.30000000,0.250000,,
"Kepler-487 d","Kepler-487",0.0344500000,2.41839003600,0.000000,8.12000000,2.77513568,0.874000,0.887000,5422.00
"Kepler-1822 b","Kepler-1822",0.1416000000,22.13339996000,0.000000,7.50000000,2.64755943,0.782000,0.702000,5165.00
"HD 96700 d","HD 96700",0.4240000000,103.50000000000,0.270000,12.70000000,3.61000000,0.890000,1.160000,5845.00
"Kepler-1769 b","Kepler-1769",0.4059800000,89.19349670000,0.000000,18.20000000,4.46500000,1.061000,1.295000,6071.00
"Kepler-1778 b","Kepler-1778",0.0956000000,10.08740044000,0.000000,9.36000000,3.01665969,1.143000,1.095000,6310.00
"Kepler-1824 b","Kepler-1824",0.4267000000,95.61100006000,0.000000,6.26000000,2.38127597,1.135000,1.081000,6002.00
"HD 189567 b","HD 189567",0.1110000000,14.28800000000,0.189000,8.50000000,2.85000000,0.830000,1.040000,5726.00
"HD 189567 c","HD 189567",0.1970000000,33.68800000000,0.160000,7.00000000,2.54000000,0.830000,1.040000,5726.00
"Kepler-1784 b","Kepler-1784",0.1072000000,13.59049988000,0.000000,8.24000000,2.79936489,0.887000,0.974000,5442.00
"Kepler-1829 b","Kepler-1829",0.0559000000,5.18671989400,0.000000,6.71000000,2.47887001,0.873000,0.777000,5230.00
"Kepler-1776 b","Kepler-1776",0.2093000000,35.01190186000,0.000000,7.33000000,2.61157023,1.041000,1.153000,5872.00
"Kepler-1709 b","Kepler-1709",0.3270400000,65.70459747000,0.000000,9.93000000,3.12424875,1.003000,1.043000,5918.00
"Kepler-1738 b","Kepler-1738",0.0781000000,7.67463016500,0.000000,8.37000000,2.82472883,1.079000,1.001000,6063.00
"Kepler-1739 b","Kepler-1739",0.0697000000,7.34370994600,0.000000,6.48000000,2.43056832,0.865000,0.762000,5757.00
"Kepler-1924 b","Kepler-1924",0.1216000000,15.33170033000,0.000000,7.53000000,2.65446572,1.018000,1.285000,5726.00
"Kepler-1925 b","Kepler-1925",0.2588000000,46.71640015000,0.000000,9.28000000,3.00177922,1.057000,1.092000,5856.00
"Kepler-1802 c","Kepler-1802",0.1748000000,33.13610077000,0.000000,6.00000000,2.32200000,0.649000,0.637000,4245.00
"Kepler-1927 b","Kepler-1927",0.3873300000,73.75039673000,0.000000,11.50000000,3.40627075,1.408000,2.481000,6056.00
"Kepler-1722 b","Kepler-1722",0.0819000000,9.17856979400,0.000000,8.58000000,2.86719266,0.876000,0.788000,5506.00
"Kepler-1944 b","Kepler-1944",0.0918000000,9.84257984200,0.000000,8.05000000,2.75971163,1.064000,0.972000,5585.00
"Kepler-1946 b","Kepler-1946",0.0394000000,3.03519010500,0.000000,6.75000000,2.48812698,0.887000,0.873000,5505.00
"Kepler-1929 b","Kepler-1929",0.3088300000,59.36249924000,0.000000,9.65000000,3.07250761,1.006000,1.471000,5786.00
"Kepler-913 c","Kepler-913",0.0699000000,5.93911981600,0.000000,14.20000000,3.85807090,1.294000,1.797000,6068.00
"Kepler-324 e","Kepler-324",0.1097200000,13.97939968000,0.000000,235.01400000,2.03862444,0.844000,0.826000,5191.00
"Kepler-1727 b","Kepler-1727",0.0796000000,9.02929973600,0.000000,10.20000000,3.17321625,0.824000,0.820000,5349.00
"Kepler-1931 b","Kepler-1931",0.2332900000,38.57609940000,0.000000,7.53000000,2.65323514,1.174000,1.221000,6167.00
"Kepler-1530 d","Kepler-1530",0.0827600000,9.20761013000,0.000000,10.80000000,3.27870115,1.015000,1.303000,5678.00
"Kepler-196 d","Kepler-196",0.4545000000,122.08000180000,0.000000,7.56000000,2.66065673,0.805000,0.770000,5132.00
"Kepler-1728 b","Kepler-1728",0.0535000000,4.78299999200,0.000000,9.04000000,2.95501875,0.891000,0.807000,5170.00
"Kepler-1729 b","Kepler-1729",0.0418000000,4.22097015400,0.000000,14.40000000,3.89404186,0.544000,0.517000,3837.00
"Kepler-1321 d","Kepler-1321",0.0501000000,5.72092008600,0.000000,7.41000000,2.62843782,0.513000,0.503000,3640.00
"Kepler-1730 b","Kepler-1730",0.1131000000,13.81019974000,0.000000,18.40000000,4.48524519,1.009000,1.142000,5942.00
"Kepler-1721 b","Kepler-1721",0.0519000000,4.59238004700,0.000000,9.90000000,3.11856756,0.890000,0.796000,5351.00
"Kepler-1887 b","Kepler-1887",0.1421000000,19.94750023000,0.000000,8.88000000,2.92454357,0.961000,0.864000,5749.00
"Kepler-1726 b","Kepler-1726",0.1279400000,18.39629936000,0.000000,6.84000000,2.50861954,0.876000,0.804000,5316.00
"Kepler-1723 b","Kepler-1723",0.2249000000,39.75289917000,0.000000,8.65000000,2.88046569,0.960000,1.010000,6072.00
"Kepler-457 d","KOI-7892",0.0996000000,10.69060040000,0.000000,9.19000000,2.98467257,1.148000,1.242000,6474.00
"Kepler-1897 b","Kepler-1897",0.1546000000,24.22030067000,0.000000,8.32000000,2.81407954,0.859000,0.761000,5165.00
"Kepler-1896 b","Kepler-1896",0.2529000000,44.87020111000,0.000000,9.80000000,3.09935997,1.070000,0.996000,6122.00
"OGLE-2018-BLG-0532L b","OGLE-2018-BLG-0532L",1.0640000000,,,6.22800000,2.37000000,0.195000,,
"Kepler-1868 b","Kepler-1868",0.6234800000,211.03399660000,0.000000,10.10000000,3.14950109,0.743000,0.686000,4658.00
"Kepler-1871 b","Kepler-1871",0.0308000000,1.95270001900,0.000000,6.44000000,2.42172881,1.020000,0.946000,5741.00
"Kepler-1872 b","Kepler-1872",0.0465000000,3.82591009100,0.000000,6.28000000,2.38421141,0.913000,0.885000,5223.00
"Kepler-1906 b","Kepler-1906",0.0738000000,7.36268997200,0.000000,8.13000000,2.77615754,0.987000,0.894000,5868.00
"HD 79181 b","HD 79181",0.9000000000,273.10000000000,0.259000,203.41018048,14.10000000,1.280000,11.060000,4862.00
"HD 10975 b","HD 10975",0.9500000000,283.80000000000,0.442000,143.02278315,14.30000000,1.410000,11.160000,4840.00
"Kepler-1717 b","Kepler-1717",0.2014000000,30.65279961000,0.000000,9.21000000,2.98929758,1.158000,1.640000,6200.00
"ups Leo b","ups Leo",1.1800000000,385.20000000000,0.320000,162.09248757,14.20000000,1.480000,11.220000,4836.00
"HD 219139 b","HD 219139",0.9400000000,275.50000000000,0.110000,247.90615746,14.00000000,1.460000,11.220000,4831.00
"Kepler-616 d","Kepler-616",0.2749000000,51.06740189000,0.000000,7.52000000,2.65300000,1.061000,0.977000,6004.00
"Kepler-1919 b","Kepler-1919",0.2107000000,37.88660049000,0.000000,7.38000000,2.62390658,0.868000,0.818000,5513.00
"HIP 34222 b","HIP 34222",0.4920000000,159.98600000000,0.305000,263.79757781,13.90000000,0.620000,0.618600,4050.00
"Kepler-1881 b","Kepler-1881",0.5332500000,159.39399720000,0.000000,9.17000000,2.98104391,0.812000,0.874000,5135.00
"Kepler-1935 b","Kepler-1935",0.0463000000,3.95140004200,0.000000,6.82000000,2.50271696,0.845000,0.899000,5570.00
"Kepler-1921 b","Kepler-1921",0.1586500000,20.03479958000,0.000000,8.72000000,2.89459458,1.251000,2.000000,6120.00
"HIP 86221 b","HIP 86221",0.0310000000,2.22400000000,0.086000,225.65816897,14.00000000,0.790000,,
"Kepler-1883 b","Kepler-1883",0.4438000000,103.42700200000,0.000000,10.60000000,3.25107395,1.086000,1.024000,6208.00
"TOI-1268 b","TOI-1268",0.0711000000,8.15770940000,0.105000,96.40000000,9.10000000,0.960000,0.920000,5300.00
"K2-25 b","K2-25",0.0287000000,3.48456408000,0.428000,24.50000000,3.44000000,0.263400,0.293200,3207.00
"TOI-2136 b","TOI-2136",0.0570000000,7.85192800000,0.000000,6.37000000,2.19000000,0.340000,0.340000,3342.00
"CoRoT-36 b","CoRoT-36",0.0660000000,5.61653100000,0.000000,216.12331676,15.80466279,1.320000,1.520000,6730.00
"K2-366 b","K2-366",,15.93703900000,,6.16000000,2.35900000,0.825000,0.940000,5601.00
"K2-367 b","K2-367",,20.64509900000,,6.41000000,2.41300000,0.756000,0.625000,4348.00
"HD 160691 d","HD 160691",0.0952000000,9.63920000000,0.000000,10.49000000,3.23000000,1.130000,1.330000,5773.00
"TOI-620 b","TOI-620",0.0482500000,5.09881790000,0.220000,13.60000000,3.76000000,0.577000,0.550000,3708.00
"K2-372 b","K2-372",,9.84407700000,,8.98000000,2.94500000,0.847000,0.922000,5479.00
"TYC 2187-512-1 b","TYC 2187-512-1",1.2200000000,691.90000000000,0.050000,104.88337431,12.50000000,0.498000,0.495000,3734.00
"TOI-1246 b","TOI-1246",0.0490000000,4.30744000000,,8.10000000,3.01000000,0.870000,0.860000,5151.00
"K2-393 b","K2-393",,10.41318100000,,6.13000000,2.35200000,0.881000,1.071000,5678.00
"KOI-984 c","KOI-984",0.1467000000,21.51200000000,0.380000,209.80000000,14.10000000,0.928000,0.818000,5295.00
"K2-390 b","K2-390",,3.31279200000,,19.60000000,4.66200000,0.789000,0.966000,5558.00
"HD 73583 b","HD 73583",0.0604000000,6.39804200000,0.090000,10.20000000,2.79000000,0.730000,0.650000,4511.00
"HD 105779 b","HD 105779",3.3800000000,2412.00000000000,0.000000,203.41018048,14.10000000,0.890000,0.940000,5792.00
"HD 33142 d","HD 33142",0.4520000000,89.90000000000,0.191000,63.56568140,9.32000000,1.520000,4.170000,5025.40
"HD 73583 c","HD 73583",0.1242000000,18.87974000000,0.080000,9.70000000,2.39000000,0.730000,0.650000,4511.00
"HD 95735 c","GJ 411",2.9400000000,2946.00000000000,0.132000,13.60000000,3.76000000,0.389900,0.368500,3719.00
"TOI-2669 b","TOI-2669",,6.20340000000,0.090000,193.87532827,19.72780603,1.190000,4.100000,4800.00
"TOI-4329 b","TOI-4329",,2.92230000000,0.068000,143.02278315,16.81347105,1.538000,2.310000,6000.00
"K2-397 b","K2-397",,3.57232600000,,6.42000000,2.41700000,0.937000,0.966000,5387.00
"Kepler-1656 c","Kepler-1656",3.0530000000,1919.00000000000,0.527000,126.40000000,14.00000000,1.030000,1.100000,5569.00
"K2-398 c","K2-398",,18.78783900000,,22.80000000,5.09800000,0.945000,1.239000,5946.00
"K2-319 b","K2-319",0.1516000000,26.68000000000,,8.20000000,2.79000000,0.954000,0.898000,5440.00
"K2-402 b","K2-402",,17.27474000000,,7.65000000,2.67800000,0.944000,1.280000,5716.00
"K2-404 b","K2-404",,13.11536500000,,6.94000000,2.53000000,0.552000,0.552000,3748.00
"K2-406 b","K2-406",,22.54940600000,,19.20000000,4.60200000,0.798000,0.961000,5784.00
"K2-199 b","K2-199",0.0382000000,3.22539930000,0.020000,6.90000000,1.73000000,0.711000,0.682000,4491.00
"K2-387 b","K2-387",,28.73532700000,,42.20000000,7.32200000,0.570000,0.585000,3572.00
"HD 140901 b","HD 140901",0.0850000000,9.02378000000,0.472000,15.57359194,4.07000000,0.990000,0.950000,5610.00
"TOI-2570 b","TOI-2570",0.0414500000,2.98876150000,0.000000,260.61929374,13.64132951,1.063000,1.095000,5771.00
"HD 144899 b","HD 144899",0.2420000000,40.43914000000,0.821000,20.34101805,4.77000000,1.160000,1.648020,6126.00
"HD 142 A d","HD 142",0.4740000000,108.45299000000,0.130000,82.63538582,10.90000000,1.210000,1.470000,6245.00
"GJ 3222 b","GJ 3222",0.0910000000,10.66669000000,0.929000,11.44182265,3.40000000,0.890000,0.931389,5257.46
"HD 151450 b","HD 151450",0.1600000000,21.89288000000,0.496000,38.45723725,6.94000000,1.140000,1.171840,6091.98
"HD 115404 A b","HD 115404 A",0.0880000000,10.49488000000,0.232000,30.82935548,6.09000000,0.830000,0.727007,5019.17
"TOI-2196 b","TOI-2196",0.0223400000,1.19472680000,0.000000,26.00000000,3.51000000,1.032000,1.043000,5634.00
"HD 153557 c","HD 153557",0.1110000000,15.27018000000,0.511000,17.48056238,4.36000000,0.790000,0.745171,4837.00
"HD 56414 b","HD 56414",0.2290000000,29.04992000000,0.680000,13.30000000,3.71000000,1.890000,1.751000,8500.00
"HD 155918 b","HD 155918",0.0300000000,1.87567000000,0.194000,7.62788177,2.67000000,1.030000,1.019060,5771.84
"TOI-2048 b","TOI-2048",,13.79019000000,0.130000,7.32000000,2.61000000,0.830000,0.790000,5185.00
"HD 156098 b","HD 156098",0.1670000000,21.85849000000,0.109000,15.89142035,4.12000000,1.290000,2.757160,6419.19
"HIP 19976 b","HIP 19976",0.2340000000,50.65905000000,0.304000,21.61233168,4.94000000,0.670000,0.772319,4316.00
"HD 125612 c","HD 125612",0.0510000000,4.15466000000,0.149000,15.57359194,4.07000000,1.050000,1.070000,5900.00
"HD 18143 b","HD 18143",0.0880000000,10.28510000000,0.224000,10.80616584,3.28000000,0.850000,0.870000,5078.00
"GJ 229 A c","GJ 229",0.3840000000,121.93268000000,0.366000,8.58136699,2.87000000,0.509000,0.460000,3564.00
"HD 213519 b","HD 213519",0.0990000000,11.12214000000,0.413000,9.21702380,2.99000000,1.050000,1.082870,5840.00
"HD 217786 c","HD 217786",0.0380000000,2.52221000000,0.399000,7.31005336,2.61000000,1.140000,1.270000,5966.00
"TOI-3629 b","TOI-3629",0.0430000000,3.93655100000,0.050000,82.63538582,8.29464572,0.630000,0.600000,3870.00
"HD 25912 b","HD 25912",0.2420000000,41.83156000000,0.050000,38.13940884,6.90000000,1.080000,0.995896,5920.58
"HD 217958 b","HD 217958",3.7580000000,2560.19774000000,0.156000,166.54208527,14.20000000,1.080000,1.326190,5930.64
"HD 28192 b","HD 28192",0.1180000000,14.23283000000,0.104000,99.79811980,12.20000000,1.080000,1.070940,5919.87
"HD 38529 b","HD 38529",0.1150000000,14.30990000000,0.256000,206.58846455,14.10000000,0.980000,2.857838,5697.00
"TOI-712 c","TOI-712",0.2447000000,51.69906000000,0.089000,7.76000000,2.70100000,0.732000,0.674000,4622.00
"TOI-712 d","TOI-712",0.3405000000,84.83960000000,0.073000,6.68000000,2.47400000,0.732000,0.674000,4622.00
"HD 43197 b","HD 43197",0.8820000000,308.92072000000,0.742000,175.75910907,14.20000000,0.960000,1.000000,5508.00
"KMT-2021-BLG-0171L b","KMT-2021-BLG-0171L",3.5000000000,,,11.20000000,3.35000000,0.780000,,5200.00
"TOI-2207 b","TOI-2207",0.0854000000,8.00196800000,0.174000,203.41018048,11.15293580,1.296000,1.564000,6101.00
"HD 127506 b","HD 127506",0.2870000000,65.78395000000,0.240000,27.33324300,5.67000000,0.730000,0.735766,4595.32
"TOI-2421 b","TOI-2421",0.0543000000,4.34740320000,0.000000,105.83685953,10.36830715,1.131000,1.750000,5607.00
"TOI-2583 A b","TOI-2583 A",0.0571000000,4.52072650000,0.000000,79.45710175,14.45958510,1.215000,1.477000,5936.00
"OGLE-2018-BLG-1119L b","OGLE-2018-BLG-1119L",4.0600000000,,,289.22385037,13.90000000,0.480000,,
"KMT-2021-BLG-1554L b","KMT-2021-BLG-1554L",0.7200000000,,,38.13940884,6.90000000,0.080000,,
"TOI-2796 b","TOI-2796",0.0569000000,4.80849830000,0.000000,139.84449908,17.26183028,1.063000,1.069000,5764.00
"KMT-2021-BLG-1898L b","KMT-2021-BLG-1898L",1.9000000000,,,232.01473711,14.00000000,0.480000,,
"GJ 338 B b","GJ 338 B",0.1420000000,24.42200000000,0.109000,10.60000000,3.25000000,0.640000,0.580000,4014.00
"TOI-2842 b","TOI-2842",0.0475000000,3.55140580000,0.000000,117.59651059,12.84549188,1.135000,1.265000,5910.00
"KMT-2021-BLG-0712L b","KMT-2021-BLG-0712L",2.2200000000,,,38.19000000,6.91000000,0.220000,,
"K2-38 b","K2-38",0.0499400000,4.01593000000,0.197000,7.30000000,1.54000000,1.030000,1.060000,5731.00
"KMT-2021-BLG-2478L b","KMT-2021-BLG-2478L",1.8500000000,,,286.04556630,13.90000000,0.200000,,
"TOI-4582 b","TOI-4582",,31.03400000000,0.510000,168.44905571,10.53644186,1.340000,2.500000,5190.00
"TOI-942 c","TOI-942",0.0859800000,10.15627200000,0.320000,37.00000000,4.67000000,0.822000,0.894000,4969.00
"Kepler-20 c","Kepler-20",0.0936000000,10.85407740000,0.076000,11.10000000,2.89400000,0.929000,0.916400,5495.00
"TOI-3976 A b","TOI-3976 A",0.0743000000,6.60766200000,0.000000,55.61997123,12.27383387,1.254000,1.501000,5975.00
"TOI-4087 b","TOI-4087",0.0446900000,3.17748350000,0.000000,232.01473711,13.04725353,1.178000,1.112000,6060.00
"KMT-2021-BLG-0240L b","KMT-2021-BLG-0240L",2.8000000000,,,66.74396547,9.60000000,0.560000,,
"EPIC 229004835 b","EPIC 229004835",0.1237000000,16.14113200000,0.230000,10.40000000,2.33200000,0.970000,0.999000,5868.00
"KMT-2019-BLG-2974L b","KMT-2019-BLG-2974L",2.0000000000,,,88.99195396,11.40000000,0.470000,,
"HD 23472 b","HD 23472",0.1162000000,17.66708700000,0.072000,8.32000000,2.00000000,0.670000,0.710000,4684.00
"HD 191939 c","HD 191939",0.1752000000,28.57974300000,0.034000,8.00000000,3.19500000,0.810000,0.940000,5348.00
"OGLE-2018-BLG-0506L b","OGLE-2018-BLG-0506L",3.0000000000,,,16.30000000,4.18000000,0.630000,,
"OGLE-2019-BLG-1492L b","OGLE-2019-BLG-1492L",2.7000000000,,,37.10000000,6.79000000,0.680000,,
"HATS-54 b","HATS-54",0.0370000000,2.54417650000,0.000000,239.32479047,11.37711541,1.050000,1.230000,5621.00
"HD 45364 c","HD 45364",0.9020000000,345.43000000000,0.019000,174.48779544,14.20000000,0.820000,0.890000,5466.00
"KMT-2021-BLG-1253L b","KMT-2021-BLG-1253L",1.5200000000,,,19.05000000,4.59000000,0.240000,,
"NGTS-23 b","NGTS-23",0.0504000000,4.07643260000,0.000000,194.82881349,14.20177855,1.010000,1.240000,6057.00
"NGTS-24 b","NGTS-24",0.0479000000,3.46787960000,0.000000,165.27077164,13.60770257,1.260000,1.640000,5820.00
"NGTS-25 b","NGTS-25",0.0388000000,2.82309300000,0.000000,203.09235207,11.46678726,0.910000,0.860000,5321.00
"KMT-2021-BLG-1372L b","KMT-2021-BLG-1372L",2.3700000000,,,61.27000000,9.12000000,0.420000,,
"KMT-2021-BLG-1077L b","KMT-2021-BLG-1077L",1.2600000000,,,69.92224954,9.86000000,0.140000,,
"MOA-2020-BLG-135L b","MOA-2020-BLG-135L",1.1100000000,,,11.30000000,3.37000000,0.230000,,
"TOI-2364 b","TOI-2364",0.0487100000,4.01975170000,0.000000,71.51139158,8.60849718,0.954000,0.886000,5306.00
"OGLE-2018-BLG-0298L b","OGLE-2018-BLG-0298L",2.8600000000,,,44.49597698,7.56000000,0.690000,,
"OGLE-2006-BLG-284L A b","OGLE-2006-BLG-284L A",2.1700000000,,,144.00000000,14.30000000,0.350000,,
"Kepler-409 b","Kepler-409",0.3192000000,68.95832160000,0.690000,6.00000000,1.19900000,0.913000,0.897000,5421.00
"KMT-2022-BLG-0440L b","KMT-2022-BLG-0440L",1.9000000000,,,15.40000000,4.05000000,0.530000,,
"TOI-411 c","HD 22946",0.1017000000,9.57308300000,0.160000,9.72000000,2.32800000,1.098000,1.117000,6169.00
"TOI-411 b","HD 22946",0.0572700000,4.04029500000,0.126000,13.71000000,1.36200000,1.098000,1.117000,6169.00
"MOA-2020-BLG-208L b","MOA-2020-BLG-208L",2.7400000000,,,46.00000000,7.71000000,0.430000,,
"HD 15906 c","HD 15906",0.1410000000,21.58329800000,0.040000,8.91000000,2.93000000,0.790000,0.762000,4757.00
"TOI-622 b","TOI-622",0.0708000000,6.40251300000,0.420000,96.30200732,9.23620010,1.313000,1.415000,6400.00
"HD 99492 b","HD 99492",0.1200000000,17.05030000000,0.034000,25.50000000,5.44000000,0.850000,0.822539,4929.00
"K2-36 c","K2-36",0.0552800000,5.34088800000,0.089000,7.90000000,3.20000000,0.790000,0.718000,4916.00
"Kepler-538 b","Kepler-538",0.3554000000,81.73778000000,0.210000,12.90000000,2.21500000,0.892000,0.871700,5534.00
"TOI-1235 b","TOI-1235",0.0384500000,3.44471400000,0.049000,6.69000000,1.69000000,0.630000,0.619000,3997.00
"TOI-1052 b","TOI-1052",0.0910300000,9.13970300000,0.180000,16.90000000,2.87000000,1.204000,1.264000,6146.00
"K2-110 b","K2-110",0.1020700000,13.86375000000,0.130000,15.90000000,2.59200000,0.738000,0.713000,5010.00
"TOI-2018 b","TOI-2018",,7.43558300000,0.000000,9.20000000,2.26800000,0.570000,0.620000,4174.00
"TOI-1052 c","TOI-1052",0.2263000000,35.80600000000,0.237000,34.30000000,6.48000000,1.204000,1.264000,6146.00
"TOI-519 b","TOI-519",0.0159000000,1.26523280000,0.330000,147.15455244,11.54525012,0.335000,0.350000,3322.00
"TOI-2084 b","TOI-2084",0.0500600000,6.07842470000,,6.66000000,2.47000000,0.453000,0.475000,3551.00
"TOI-4184 b","TOI-4184",0.0336000000,4.90198040000,,6.48000000,2.43000000,0.210900,0.234700,3238.00
"TOI-470 b","TOI-470",0.1190000000,12.19148000000,,17.40000000,4.34000000,0.870000,0.831000,5190.00
"TOI-1470 b","TOI-1470",0.0285000000,2.52709300000,0.300000,7.32000000,2.18000000,0.471000,0.469000,3709.00
"Kepler-21 b","Kepler-21",0.0434000000,2.78582120000,0.000000,7.50000000,1.63900000,1.408000,1.902000,6305.00
"OGLE-2018-BLG-1126L b","OGLE-2018-BLG-1126L",3.2300000000,,,17.79839079,4.41000000,0.690000,,
"TOI-1470 c","TOI-1470",0.1060000000,18.08816000000,0.500000,7.24000000,2.47000000,0.471000,0.469000,3709.00
"OGLE-2018-BLG-1212L b","OGLE-2018-BLG-1212L",1.6800000000,,,63.56568140,9.32000000,0.160000,,
"GJ 649 b","GJ 649",1.1120000000,600.10000000000,0.083000,81.99972901,10.80000000,0.510000,0.500000,3734.00
"GJ 849 b","GJ 849",2.3200000000,1925.31000000000,0.029000,283.82076745,13.90000000,0.450000,0.450000,3467.00
"Kepler-68 b","Kepler-68",0.0613500000,5.39875259000,0.090000,8.03000000,2.35700000,1.057000,1.256400,5847.00
"Kepler-107 d","Kepler-107",0.0837700000,7.95839000000,0.110000,7.70000000,0.86000000,1.238000,1.447000,5854.00
"TOI-139 b","TOI-139",,11.07085000000,,6.60000000,2.45660000,0.690000,0.700700,4570.00
"BD-210397 b","BD-210397",2.6300000000,1891.00000000000,0.100000,214.00000000,14.00000000,0.679000,0.747000,4051.00
"KMT-2022-BLG-0371L b","KMT-2022-BLG-0371L",3.0200000000,,,82.63538582,10.90000000,0.630000,,
"WASP-79 b","WASP-79",0.0519000000,3.66239200000,0.000000,270.15414595,17.14974047,1.390000,1.510000,6600.00
"HD 74698 b","HD 74698",0.1210000000,15.01700000000,0.100000,23.00000000,5.12000000,1.039000,1.333000,5783.00
"HD 74698 c","HD 74698",4.5000000000,3449.00000000000,0.200000,126.00000000,14.00000000,1.039000,1.333000,5783.00
"GJ 9404 b","GJ 9404",0.0943000000,13.45860000000,0.490000,11.90000000,3.48000000,0.620000,0.626041,3811.00
"Kepler-323 c","Kepler-323",0.0458000000,3.55382290000,0.095000,6.80000000,1.57000000,1.015000,1.120000,6004.00
"TOI-5803 b","TOI-5803",,5.38305000000,,10.70000000,3.27320000,0.870000,0.762500,5134.00
"KMT-2019-BLG-1216L b","KMT-2019-BLG-1216L",2.4400000000,,,29.87587026,5.98000000,0.390000,,
"HD 215497 c","HD 215497",1.3100000000,566.00000000000,0.470000,111.23994245,13.00000000,0.920000,0.850000,5113.00
"Kepler-107 c","Kepler-107",0.0606400000,4.90145200000,0.080000,10.00000000,1.59700000,1.238000,1.447000,5854.00
"TOI-782 b","TOI-782",0.0578000000,8.02400150000,0.190000,19.10000000,2.73400000,0.397000,0.413000,3370.00
"ome Ser b","ome Ser",0.8380000000,278.59000000000,0.180000,233.92170755,14.00000000,1.010000,10.990000,4724.00
"TOI-1273 b","TOI-1273",0.0549000000,4.63129600000,0.055000,70.55790635,11.09689089,1.060000,1.060000,5690.00
"TOI-904 b","TOI-904",0.0560000000,10.87720000000,,6.46000000,2.42600000,0.557000,0.527000,3770.20
"KMT-2023-BLG-0469L b","KMT-2023-BLG-0469L",2.3100000000,,,39.41072247,7.04000000,0.470000,,
"HD 2952 b","HD 2952",1.1170000000,312.08000000000,0.269000,284.77425267,13.90000000,1.910000,10.900000,4853.00
"TOI-4860 b","TOI-4860",0.0180800000,1.52275910000,0.008000,86.70000000,8.70000000,0.340000,0.358000,3260.00
"TOI-4633 c","TOI-4633",0.8470000000,271.94450000000,0.117000,123.00000000,3.20000000,1.100000,1.050000,5800.00
"Kepler-100 e","Kepler-100",0.3123915860,60.88858800000,0.026437,24.14271827,5.27000000,1.097000,1.500000,5884.00
"NGTS-27 b","NGTS-27",0.0446000000,3.37041810000,0.000000,188.47224535,15.64773706,1.070000,1.770000,5700.00
"HD 134606 d","HD 134606",1.9410000000,966.50000000000,0.092000,44.80000000,7.59000000,1.046000,1.158000,5576.00
"TOI-5398 c","TOI-5398",0.0570000000,4.77271000000,0.140000,11.80000000,3.52000000,1.146000,1.051000,6000.00
"TOI-238 c","TOI-238",0.0749000000,8.46565100000,0.360000,6.70000000,2.18000000,0.790000,0.733000,5059.00
"Kepler-1513 c","Kepler-1513",,841.40000000000,0.125000,84.54235626,11.00000000,0.943000,0.950000,5491.00
"HAT-P-19 b","HAT-P-19",0.0459900000,4.00878322000,0.070000,88.03846874,11.29865255,0.807000,0.773000,4962.00
"Kepler-849 b","Kepler-849",1.1370000000,394.62508000000,0.078000,298.75870258,8.08167508,1.259000,1.822000,5950.00
"TOI-1853 b","TOI-1853",0.0213000000,1.24362580000,0.030000,73.20000000,3.46000000,0.837000,0.808000,4985.00
"TOI-5126 b","TOI-5126",0.0651900000,5.45883850000,0.000000,20.20000000,4.74000000,1.240000,1.241000,6150.00
"Kepler-1513 b","Kepler-1513",0.5697100000,160.88420000000,0.306000,48.30991786,8.59400000,0.943000,0.950000,5491.00
"HAT-P-51 b","HAT-P-51",0.0504200000,4.21802091000,0.070000,97.57332095,13.50682174,0.961000,0.995000,5453.00
"Kepler-111 c","Kepler-111",0.7510000000,224.77833000000,0.176000,222.47988490,7.08407580,1.118000,1.145000,5914.00
"GJ 724 b","GJ 724",0.0468500000,5.10128400000,0.577000,10.75000000,3.27000000,0.527100,0.522260,3799.00
"Kepler-553 b","Kepler-553",0.0476600000,4.03046700000,0.000000,116.00736855,4.74139884,0.889000,0.902000,5191.00
"KMT-2023-BLG-0416L b","KMT-2023-BLG-0416L",2.9600000000,,,13.03096469,3.67000000,0.630000,,
"LHS 3154 b","LHS 3154",0.0226200000,3.71778000000,0.076000,13.15000000,3.69000000,0.111800,0.140500,2861.00
"TOI-1269 b","TOI-1269",0.0496000000,4.25299130000,0.000000,6.40000000,2.40144286,0.902700,0.852100,5499.00
"TOI-1288 b","TOI-1288",0.0374000000,2.69982790000,0.000000,44.10000000,4.96846551,0.955200,0.958300,5388.00
"Kepler-49 c","Kepler-49",0.0782100000,10.91000000000,0.008000,8.38000000,2.44400000,0.607000,0.618000,4095.60
"TOI-1410.01","TOI-1410",0.0207000000,1.21687000000,0.000000,12.50000000,3.10083009,0.794100,0.755800,4635.00
"TOI-1386 b","TOI-1386",0.1730000000,25.84010000000,0.000000,45.80000000,6.21638650,1.036300,1.023500,5735.00
"OGLE-2017-BLG-0448L b","OGLE-2017-BLG-0448L",5.7500000000,,,15.60000000,4.08000000,0.500000,,
"TOI-1451 b","TOI-1451",0.1270000000,16.53794400000,0.000000,15.20000000,2.61143902,1.002200,1.016200,5801.00
"Kepler-305 d","Kepler-305",0.1209100000,16.74000000000,0.000000,6.20000000,2.76000000,0.827000,0.792000,5090.00
"TOI-1736 b","TOI-1736",0.0730000000,7.07307600000,0.000000,12.30000000,3.18175535,1.037300,1.428600,5636.00
"TOI-1683.01","TOI-1683",0.0365075930,3.05753560000,,7.45000000,2.63820000,0.694661,0.700000,4402.00
"TOI-1298 b","TOI-1298",0.0570000000,4.53714300000,0.000000,99.00000000,9.65807033,1.218700,1.453600,5752.00
"TOI-1751 b","TOI-1751",0.2150000000,37.46852000000,0.327000,19.50000000,2.95078450,0.938200,1.313700,5970.00
"K2-419 A b","K2-419 A",0.1208000000,20.35847252000,0.042000,196.00000000,10.55000000,0.562000,0.541000,3711.00
"HIP 97166 b","HIP 97166",0.0910000000,10.28891400000,0.290000,19.10000000,2.48013380,0.934200,0.841800,5216.00
"HIP 97166 c","HIP 97166",0.1240000000,16.43200000000,0.000000,8.00000000,2.75000000,0.934200,0.841800,5216.00
"TOI-1794 b","TOI-1794",0.0820000000,8.76552800000,0.000000,8.70000000,3.29701268,0.969800,1.316200,5631.00
"TOI-1246 c","TOI-1246",0.0610000000,5.90413700000,0.000000,9.10000000,2.45109846,0.888900,0.864900,5213.00
"TOI-1842 b","TOI-1842",0.1000000000,9.57391810000,0.276000,89.40000000,12.34850230,1.464300,2.032000,6039.00
"TOI-1824 b","TOI-1824",0.1510000000,22.80853300000,0.000000,16.00000000,2.74382690,0.880100,0.812300,5165.00
"KMT-2023-BLG-1431L b","KMT-2023-BLG-1431L",3.2000000000,,,13.60000000,3.76000000,0.570000,,
"TOI-3071 b","TOI-3071",0.0249000000,1.26693800000,0.090000,68.20000000,7.16000000,1.290000,1.310000,6177.00
"TOI-1246 e","TOI-1246",0.2120000000,37.92548000000,0.000000,14.50000000,3.51418750,0.888900,0.864900,5213.00
"TOI-2019 b","TOI-2019",0.1280000000,15.34440000000,0.000000,34.40000000,5.33275337,1.183200,1.745700,5626.00
"HD 93963 A c","HD 93963 A",0.0472600000,3.64513890000,0.000000,18.40000000,3.11976057,1.084400,1.031100,5908.00
"TOI-815 c","TOI-815",0.1930000000,34.97614500000,0.220000,23.50000000,2.62000000,0.776000,0.770000,4869.00
"HD 48948 c","HD 48948",0.1951000000,38.06000000000,0.550000,7.27000000,2.60000000,0.686000,0.679000,4593.00
"HD 48948 d","HD 48948",0.4894000000,151.92000000000,0.055000,10.59000000,3.24000000,0.686000,0.679000,4593.00
"HIP 8152 c","HIP 8152",0.1390000000,19.60562000000,0.200000,10.70000000,2.52442508,0.937300,0.960300,5618.00
"HIP 8152 b","HIP 8152",0.0930000000,10.75101400000,0.000000,8.90000000,2.53625843,0.937300,0.960300,5618.00
"TOI-1669 b","TOI-1669",1.2700000000,500.00000000000,0.000000,191.00000000,14.10000000,0.986700,1.056100,5497.00
"TOI-329 b","TOI-329",0.0638000000,5.70439000000,0.390000,40.40000000,4.94057819,1.067800,1.532600,5614.00
"TOI-480 b","TOI-480",0.0770000000,6.86619600000,0.000000,20.80000000,2.85372018,1.279300,1.487700,6174.00
"TOI-1410 c","TOI-1410",0.2390000000,47.56000000000,0.000000,27.00000000,5.63000000,0.794100,0.755800,4635.00
"TOI-757 b","TOI-757",0.1220000000,17.46819000000,0.390000,10.50000000,2.50000000,0.800000,0.780000,5278.00
"TOI-3261 b","TOI-3261",0.0171400000,0.88313310000,0.000000,30.30000000,3.82000000,0.861000,0.849000,5068.00
"TOI-669 b","TOI-669",0.0480000000,3.94515200000,0.000000,10.00000000,2.58606487,0.924500,0.988200,5597.00
"HD 25463 b","HD 25463",0.0760000000,7.04914230000,0.000000,8.70000000,2.54535814,1.251000,1.418200,6353.00
"HD 73344 b","HD 73344",0.1310000000,15.61100000000,0.030000,10.48000000,2.88400000,1.200000,1.220000,6252.60
"TOI-2368 b","TOI-2368",0.0564900000,5.17500730000,0.061000,206.58846455,10.83908434,0.897000,0.846000,5360.00
"TOI-2107 b","TOI-2107",0.0351500000,2.45454670000,0.033000,263.79757781,13.57407563,0.961000,0.932000,5627.00
"TOI-1248 b","TOI-1248",0.0510000000,4.36015610000,0.000000,27.40000000,6.80848590,0.904200,0.868600,5205.00
"TOI-837 b","TOI-837",0.0888000000,8.32491130000,0.000000,120.45696625,9.16894621,1.142000,1.052000,5995.00
"Kepler-24 c","Kepler-24",0.1061200000,12.33000000000,0.014000,9.99000000,2.51400000,1.060000,1.099000,6028.00
"Kepler-57 b","Kepler-57",0.0598800000,5.72000000000,0.016200,25.06000000,3.13500000,0.859000,0.826000,5187.90
"TOI-3894 b","TOI-3894",0.0535400000,4.33454000000,0.050000,260.61929374,15.27784069,1.138000,1.502000,6000.00
"TOI-3321 b","TOI-3321",0.0470000000,3.65251450000,0.054000,176.07693748,15.55806521,1.041000,1.549000,5850.00
"TOI-1744.01","TOI-1744",0.1640860000,22.34170292700,,7.65000000,2.68000000,1.180000,1.140000,6179.00
"K2-360 c","EPIC 201595106",0.0883000000,9.79692000000,0.110000,15.23000000,4.02000000,0.958000,0.980000,5679.00
"WASP-132 b","WASP-132",0.0674000000,7.13351640000,0.016300,136.03055820,10.09929161,0.789000,0.758000,4686.00
"TOI-469.01","TOI-469",0.1110000000,13.63082050000,0.000000,9.10000000,3.41000000,0.901000,0.980000,5289.00
"TOI-1772.01","TOI-1772",0.0783750000,8.05424687400,,8.78000000,2.90500000,0.990000,0.995000,5583.00
"WASP-132 c","WASP-132",0.0183300000,1.01153624000,0.000000,6.26000000,1.84100000,0.789000,0.758000,4686.00
"K2-261 b","K2-261",0.1086000000,11.63346810000,0.274000,68.96876432,9.26982704,1.107000,1.663000,5490.00
"Kepler-289 c","Kepler-289",0.5015500000,125.87230000000,0.000000,157.18000000,11.23000000,1.080000,1.000000,5990.00
"K2-167 b","K2-167",0.0932000000,9.97854100000,0.480000,6.50000000,2.36509493,1.084000,1.499000,6310.00
"K2-265 b","K2-265",0.0335900000,2.36902000000,0.160000,7.34183620,1.70824866,0.901000,0.920000,5420.00
"TOI-3568 b","TOI-3568",0.0485000000,4.41796500000,0.035000,26.40000000,5.30000000,0.780000,0.719000,4969.00
"K2-54 b","K2-54",0.0761000000,9.78330000000,0.240000,7.33000000,2.61169250,0.615000,0.643000,3990.00
"TOI-4638.01","TOI-4638",0.0930130000,10.28391878700,,8.92000000,2.93300000,1.020000,0.895000,5700.00
"TOI-5076 b","TOI-5076",0.1481000000,23.44316200000,0.000000,16.14568308,3.48935569,0.789000,0.844000,4780.00
"K2-180 b","K2-180",0.0756000000,8.86566300000,0.075000,11.41003981,2.46597575,0.735000,0.719000,5365.00
"TOI-2458 c","TOI-2458",0.1290000000,16.55300000000,0.290000,10.22000000,3.18000000,1.050000,1.310000,6005.00
"K2-97 b","K2-97",0.0854000000,8.40711500000,0.207000,174.48779544,13.45077684,1.170000,4.140000,4673.00
"K2-182 b","K2-182",0.0517400000,4.73696960000,0.071000,20.97667486,2.71257333,0.823000,0.789000,5128.00
"Kepler-105 b","Kepler-105",0.0601600000,5.41220340000,0.020000,10.80000000,2.53000000,0.991000,1.026000,5933.00
"K2-98 b","K2-98",0.0986000000,10.13673490000,0.119000,34.00763955,5.06645928,1.246000,1.518000,6260.00
"TOI-4994 b","TOI-4994",0.1515000000,21.49198400000,0.319000,88.99195396,8.54124329,1.005000,1.055000,5640.00
"MOA-2008-BLG-310L b","MOA-2008-BLG-310L",1.1000000000,,,23.40000000,5.18000000,0.210000,,
"K2-277 b","K2-277",0.0664000000,6.32676800000,0.520000,7.40000000,2.18575124,0.974000,0.973000,5680.00
"TOI-5005 b","TOI-5005",0.0661400000,6.30850440000,,32.70000000,6.25000000,0.970000,0.930000,5749.00
"HD 86728 b","HD 86728",0.1916000000,31.15150000000,0.067000,9.43000000,3.03000000,0.967000,1.237000,5610.00
"KMT-2021-BLG-2609L b","KMT-2021-BLG-2609L",2.3000000000,,,10.17050902,3.17000000,0.200000,,
"TOI-5688 A b","TOI-5688 A",0.0337900000,2.94815527000,0.128000,124.00000000,10.30000000,0.600000,0.570000,3713.00
"HD 21520 b","HD 21520",0.1726000000,25.12920000000,0.000000,17.70000000,2.69700000,1.090000,1.044000,5871.00
"TOI-2768 b","TOI-2768",0.0270000000,1.50801000000,,7.41000000,2.63000000,0.630000,0.657000,4008.00
"TOI-1174 b","TOI-1174",0.0799400000,8.95348768300,0.000000,32.00000000,2.56200000,0.850000,0.760000,5030.00
"TOI-1180 b","TOI-1180",0.0807990000,9.68676037800,0.000000,10.00000000,3.07200000,0.750000,0.730000,4738.00
"HD 135694 b","HD 135694",0.1246950000,15.92347556800,0.000000,6.10000000,2.85700000,1.020000,1.080000,5712.00
"TOI-1437 b","TOI-1437",0.1400000000,18.84094200000,0.170000,9.60000000,2.24000000,1.100000,1.170000,6008.00
"HD 183579 b","HD 183579",0.1322000000,17.47129100000,0.061000,20.40000000,3.49000000,0.996000,0.960000,5784.00
"TOI-6651 b","TOI-6651",0.0633000000,5.05697300000,0.091000,61.00000000,5.09000000,1.323000,1.721000,5940.00
"TOI-1630.01","TOI-1630",0.1011510000,12.05573473300,,6.42000000,2.41700000,0.950000,0.830000,5504.00
"TOI-1467 b","TOI-1467",0.0507480000,5.97114713000,0.000000,9.00000000,1.92000000,0.489000,0.491000,3834.00
"TOI-1716.01","TOI-1716",0.0804960000,8.08237655400,,10.00000000,3.14300000,1.070000,1.240000,5879.00
"TOI-6038 A b","TOI-6038 A",0.0690000000,5.82673110000,,78.50000000,6.41000000,1.291000,1.648000,6110.00
"HIP 116454 b","HIP 116454",0.0792000000,9.10041570000,0.215000,9.70000000,2.46900000,0.800000,0.758000,5048.00
"TOI-2420 b","TOI-2420",0.0684000000,5.84264100000,0.055000,294.62693329,15.02003414,1.158000,2.369000,5707.00
"K2-225 b","K2-225",0.1409000000,15.87230000000,0.230000,12.70000000,3.60929179,1.482000,1.700000,5520.00
"K2-7 b","K2-7",0.1867000000,28.67810000000,0.240000,15.30000000,4.03523305,1.056000,1.533000,5700.00
"TOI-4734 b","TOI-4734",0.0740000000,6.23563300000,0.120000,61.65871096,10.91754720,1.391000,1.857000,6070.00
"TOI-3493 b","TOI-3493",,8.15946670000,,8.97000000,3.22000000,1.023000,1.228000,5844.00
"TOI-5300 b","TOI-5300",0.0295000000,2.26219600000,0.000000,190.69704420,9.86390302,0.670000,0.650000,4610.00
"TOI-5340 b","TOI-5340",0.0628000000,4.93943920000,0.130000,270.15414595,15.07607904,1.350000,1.842000,5990.00
"Kepler-10 c","Kepler-10",0.2410000000,45.29430100000,0.136000,11.29000000,2.35500000,0.910000,1.065000,5708.00
"TOI-2407 b","TOI-2407",0.0330000000,2.70296900000,0.080000,16.80000000,4.26000000,0.548000,0.567000,3530.00
"TOI-5386 A b","TOI-5386 A",0.0485600000,3.62156552000,0.072000,155.10026262,14.70618268,1.165000,1.245000,6094.00
"TOI-2015 c","TOI-2015",0.0412320000,5.58279600000,0.000330,8.91000000,2.93000000,0.304100,0.327300,3297.00
"TOI-2015 b","TOI-2015",0.0293220000,3.34823700000,0.078900,9.20000000,3.30900000,0.304100,0.327300,3297.00
"TOI-1117 b","TOI-1117",0.0330000000,2.22816000000,0.000000,8.90000000,2.46000000,0.970000,1.050000,5635.00
"GJ 3998 c","GJ 3998",0.0900000000,13.72700000000,0.000000,6.82000000,2.50000000,0.520000,0.500000,3726.00
"TOI-640 b","TOI-640",0.0660800000,5.00377700000,0.013000,181.16219199,19.27944680,1.536000,2.082000,6460.00
"K2-157 d","K2-157",0.3090000000,66.50000000000,0.500000,23.30000000,5.16000000,0.890000,0.860000,5334.00
"TOI-1117 c","TOI-1117",0.0534000000,4.57900000000,0.000000,8.78000000,2.91000000,0.970000,1.050000,5635.00
"TOI-1117 d","TOI-1117",0.0817000000,8.66500000000,0.000000,10.71000000,3.27000000,0.970000,1.050000,5635.00
"TIC 88785435 b","TIC 88785435",0.0843200000,10.50884300000,0.131000,22.30000000,5.03000000,0.724000,0.911000,3998.00
"TOI-1238 c","TOI-1238",0.0370000000,3.29473600000,0.150000,8.32000000,2.11000000,0.590000,0.580000,4089.00
"KOI-1843.03","Kepler-974",0.0050000000,0.17689130000,,8.00000000,0.61000000,0.460000,0.450000,3584.00
"TOI-1803 b","TOI-1803",0.0600000000,6.29328700000,0.000000,10.32000000,2.99000000,0.756000,0.715000,4687.00
"TOI-1478 b","TOI-1478",0.0818000000,10.18021170000,0.055000,279.68899816,11.99360935,0.947000,1.048000,5597.00
"TOI-2876 b","TOI-2876",0.0654000000,6.29964310000,0.130000,54.03082919,9.63972340,0.939000,0.873000,5271.00
"TOI-2986 b","TOI-2986",0.0448900000,3.27836620000,0.140000,96.61983573,9.29224500,1.122000,1.458000,5906.00
"WASP-116 b","WASP-116",0.0650000000,6.61320000000,0.000000,203.41018048,13.67495645,1.250000,1.426000,6250.00
"WASP-154 b","WASP-154",0.0440000000,3.81167800000,0.000000,198.96058278,10.76062147,0.800000,0.823000,4774.00
"TIC 434398831 b","TIC 434398831",0.0464100000,3.68550400000,0.040000,12.10000000,3.51000000,0.992000,0.909000,5638.00
"WASP-102 b","WASP-102",0.0410000000,2.70981300000,0.000000,197.68926915,14.90794433,1.080000,1.375000,5990.00
"TOI-3486 b","TOI-3486",0.0313800000,2.21778105000,0.078000,99.16246298,10.57006880,0.837000,0.788000,4930.00
"TOI-2328 b","TOI-2328",0.1270000000,17.10197000000,0.057000,50.85254512,9.97599282,0.950000,0.900000,5525.00
"TOI-3837 b","TOI-3837",0.0990000000,11.88865000000,0.221000,187.51876013,10.87271128,0.890000,1.200000,5905.00
"Gl 410 b","Gl 410",0.0531000000,6.02000000000,,8.40000000,2.83000000,0.550000,0.543000,3842.00
"HD 219666 b","HD 219666",0.0635600000,6.03446800000,0.050000,17.60000000,4.89800000,1.020000,1.059000,5540.00
"TOI-3682 b","TOI-3682",0.0480000000,3.34624060000,0.220000,69.28659273,12.80065596,1.320000,1.735000,5703.00
"TOI-6628 b","TOI-6628",0.1340000000,18.18424000000,0.670000,235.19302118,10.98480109,0.970000,1.010000,5463.00
"Kepler-289 e","Kepler-289",0.9342000000,330.07160000000,0.000000,17.40000000,2.94000000,1.061000,0.985000,5990.00
"KMT-2022-BLG-2076L b","KMT-2022-BLG-2076L",5.6700000000,,,279.68899816,13.90000000,0.670000,,
"TOI-4214 b","TOI-4214",0.0501800000,3.49138850000,0.170000,165.27077164,10.68215861,1.382000,1.434000,6370.00
"GJ 581 c","GJ 581",0.0718000000,12.92110000000,0.032000,6.81000000,2.50000000,0.295000,0.302000,3500.00
"G 192-15 c","G 192-15",1.1370000000,1219.00000000000,0.676000,14.30000000,3.87000000,0.132000,0.170718,2999.00
"TOI-2449 b","TOI-2449",0.4500000000,106.14468000000,0.098000,222.00000000,11.24000000,1.079000,1.065000,6021.00
"KMT-2024-BLG-2242L b","KMT-2024-BLG-2242L",0.8900000000,,,13.98444991,3.82000000,0.069000,,
"GJ 3512 c","GJ 3512",1.7310000000,2354.00000000000,0.089000,143.97626837,14.30000000,0.123000,0.139000,3141.00
"NGTS-32 b","NGTS-32",0.0440000000,3.31211000000,0.000000,181.16219199,15.91675259,1.070000,1.850000,5680.00
"HD 152843 b","HD 152843",0.1049000000,11.62071000000,0.046000,9.82000000,3.05000000,1.150000,1.430000,6310.00
"MOA-2022-BLG-033L b","MOA-2022-BLG-033L",2.1500000000,,,12.15000000,3.52000000,0.510000,,
"HD 152843 c","HD 152843",0.1482000000,19.50210400000,0.074000,9.67000000,5.94000000,1.150000,1.430000,6310.00
"KMT-2023-BLG-1896L b","KMT-2023-BLG-1896L",2.8600000000,,,16.35000000,4.19000000,0.720000,,
"KMT-2023-BLG-0119L b","KMT-2023-BLG-0119L",3.1400000000,,,83.70000000,11.00000000,0.710000,,
"TOI-6054.02","TOI-6054",0.1079000000,12.56363600000,0.332000,9.30000000,2.82000000,1.107000,1.662000,6047.00
"WASP-110 b","WASP-110",,3.77840220000,0.000000,154.78243421,13.19297028,0.814000,0.853000,5392.00
"K2-233 d","K2-233",0.1516000000,24.36810000000,0.180000,10.30000000,2.36300000,0.790000,0.710000,4796.00
"TOI-1438 b","TOI-1438",0.0553000000,5.13967000000,0.000000,9.40000000,3.04000000,0.876000,0.820000,5230.00
"TOI-1438 c","TOI-1438",0.0830000000,9.42808900000,0.000000,10.60000000,2.75000000,0.876000,0.820000,5230.00
"TOI-756 b","TOI-756",0.0180000000,1.23924950000,0.000000,9.83000000,2.81000000,0.505000,0.505000,3657.00
"TOI-2141 c","TOI-2141",0.0585000000,5.46240000000,,6.14000000,2.35000000,0.896000,0.950000,5635.00
"TOI-6448 b","TOI-6448",0.1310000000,14.84426100000,0.200000,54.00000000,8.47398941,1.030000,0.897000,5910.00
"K2-214 b","K2-214",0.0834000000,8.59656000000,,6.85000000,2.51000000,1.030000,1.236000,5875.00
"TOI-1203.01","TOI-1203",0.1632000000,25.50267200000,0.032000,7.39000000,2.91800000,0.886000,1.179000,5737.00
"TOI-2093 c","TOI-2093",0.2570000000,53.81149000000,0.000000,15.80000000,2.30000000,0.745000,0.729000,4426.00
"K2-10 b","K2-10",0.1370000000,19.30553000000,0.310000,25.20000000,3.77300000,0.880000,0.956000,5533.00
"HIP 18606 b","HIP 18606",1.6100000000,674.94000000000,,244.72787339,14.00000000,1.210000,4.830000,4860.00
"HIP 111909 c","HIP 111909",1.9700000000,893.63000000000,,257.44100967,13.90000000,1.280000,4.530000,4891.00
"TIC 257060897 b","TIC 257060897",0.0492200000,3.66003639000,0.039000,201.50321004,17.26183028,1.187000,1.863000,5993.00
"TOI-654.01","TOI-654",0.0194400000,1.52756100000,0.000000,8.71000000,2.37800000,0.419000,0.430000,3521.00
"K2-37 d","K2-37",0.1102000000,14.09229000000,,12.50000000,2.31000000,0.840000,0.809000,5352.00
"K2-55 b","K2-55",0.0348600000,2.84927100000,0.070000,44.00000000,4.43000000,0.688000,0.715000,4300.00
"BD+42 2315 b","BD+42 2315",0.5400000000,123.05000000000,0.730000,174.80562385,14.20000000,1.380000,17.850000,4500.00
"TOI-5817 b","TOI-5817",0.1223000000,15.61031000000,0.200000,10.30000000,3.08000000,0.970000,1.427000,5770.00
"K2-73 b","K2-73",0.0761900000,7.49556000000,,9.20000000,2.58000000,1.020000,1.058000,5867.00
"TOI-1346 b","TOI-1346",,1.76225380000,,6.30000000,2.39000000,0.820000,0.780000,5099.00
"K2-105 b","K2-105",0.0796000000,8.26726000000,0.000000,15.40000000,3.40000000,0.940000,0.905000,5373.00
"TOI-6223 b","TOI-6223",0.0401800000,3.85521900000,,22.60000000,5.07000000,0.582000,0.576000,3895.00
"KOI-351 g","KOI-351",0.7170400000,210.73514000000,0.029200,15.00000000,7.71800000,1.242000,1.185000,6031.13
"HD 63433 c","HD 63433",0.1460000000,20.54382810000,0.210000,15.53900000,2.69200000,0.956000,0.934000,5553.00
"KMT-2024-BLG-1281L b","KMT-2024-BLG-1281L",1.9600000000,,,19.06970442,4.59000000,0.320000,,
"HD 85426 c","TOI-1774",,35.73000000000,0.060000,10.30000000,3.19000000,0.991000,1.130300,5746.00
"TOI-1774.01","TOI-1774",,16.70988000000,0.050000,8.50000000,2.78000000,0.991000,1.130300,5746.00
"HD 176986 d","HD 176986",0.2814900000,61.37600000000,,6.76000000,2.49000000,0.789000,0.782000,4931.00
"TOI-6692 b","TOI-6692",0.5120000000,131.12500000000,0.537000,197.05361234,11.67975789,1.047000,1.385000,5890.00
"TOI-4342 b","TOI-4342",0.0519000000,5.53825920000,0.000000,7.30000000,2.32900000,0.587000,0.598000,3866.00
"HD 208487 b","HD 208487",0.5300000000,129.36000000000,0.370000,146.20106722,14.30000000,1.150000,1.160000,6134.00
"TOI-1135 b","TOI-1135",0.0815000000,8.02773270000,0.062000,58.79825529,9.91994792,1.119000,1.202000,6320.00
"DMPP-1 b","DMPP-1",0.1423000000,17.81200000000,0.200000,16.80000000,4.26000000,1.210000,1.260000,6196.00
"TOI-4940 b","TOI-4940",0.1650000000,25.86781100000,,89.00000000,6.61000000,1.012000,1.163000,5504.00
"TOI-5734 b","TOI-5734",0.0592100000,6.18418760000,,9.10000000,2.10000000,0.724000,0.639000,4750.00
"GJ 480 b","GJ 480",0.0680000000,9.55360000000,0.000000,8.80000000,2.91000000,0.450000,0.449000,3509.00
"DMPP-2 b","DMPP-2",0.0663800000,5.20300000000,0.060000,171.48000000,14.20000000,1.410000,1.780000,6500.00
"K2-19 d","K2-19",0.0347800000,2.50827000000,0.440000,6.20000000,1.04400000,0.892000,0.824000,5350.00
"NGTS-35 b","NGTS-35",0.1600000000,25.24119200000,0.192000,152.00000000,10.90000000,0.789000,0.753000,4717.00
"HD 39194 c","HD 39194",0.1083000000,14.03090000000,0.078000,7.49000000,2.65000000,0.860000,0.783742,5205.00
"TOI-5007 b","TOI-5007",0.0307000000,2.54337100000,0.074000,211.03806225,11.07447293,0.632000,0.656000,3793.00
"TOI-375 b","TOI-375",0.0990000000,9.45469000000,0.087000,236.78216321,10.77183045,1.441000,2.900000,5259.90
"DMPP-6 c","DMPP-6",0.2206000000,36.44100000000,0.310000,13.47000000,3.74000000,1.079000,1.270000,6182.09
"TOI-7510 b","TOI-7510",0.1019000000,11.53086900000,0.057200,18.10000000,7.31000000,1.063000,1.035000,5720.00
"TOI-5788 c","TOI-5788",0.1197000000,16.21336200000,0.046000,6.40000000,2.27200000,0.870000,0.870000,5615.00
"DMPP-9 b","DMPP-9",0.1097000000,12.73300000000,0.250000,14.43000000,3.89000000,1.100000,1.260000,6092.00
"HD 95338 b","HD 95338",0.2620000000,55.08269400000,0.197000,42.90000000,4.27174254,0.848000,0.868000,5097.00
"TOI-1243 b","TOI-1243",,4.65947790000,,7.70000000,2.33000000,0.515000,0.511000,3515.00
"TOI-5938 b","TOI-5938",0.0308000000,2.26042400000,,14.00000000,3.82000000,0.744000,0.712000,4650.00
"TOI-7009 b","TOI-7009",0.0287000000,2.32066120000,,13.30000000,3.71000000,0.583000,0.564000,4080.00
"HD 28109 b","HD 28109",0.1357000000,22.89105400000,0.007100,6.20000000,2.69000000,1.227000,1.425000,6189.00
"HD 114386 c","HD 114386",1.0500000000,444.00000000000,0.100000,117.59651059,13.40000000,0.800000,0.760000,4895.00
"TOI-1472 b","TOI-1472",0.0640000000,6.36338574000,0.041000,18.05000000,4.05800000,0.870000,0.840000,5100.00
"TOI-1648 b","TOI-1648",0.0694000000,7.33160200000,0.178000,7.40000000,2.54000000,0.830000,0.810000,4850.00
"TOI-1080 b","TOI-1080",0.0272000000,3.96524820000,,10.70000000,1.20000000,0.166700,0.201900,3065.00
"TOI-4588 b","TOI-4588",0.1376000000,13.11881173651,0.000000,8.90000000,2.92922558,2.018000,1.574580,7746.12
"TOI-4513 b","TOI-4513",,9.76042253684,,6.11000000,2.34587608,0.979000,0.796628,5623.93
"TIC 24750448 b","TIC 24750448",,3.59159193029,,6.51000000,2.43722231,0.690000,0.713599,4545.43
"TOI-697 b","TOI-697",,8.60788713593,,6.16000000,2.35859364,0.970000,0.968149,5681.95
"TIC 24750448 c","TIC 24750448",,10.14385270726,,9.75000000,3.09028272,0.690000,0.713599,4545.43
"TOI-883 b","TOI-883",,10.05771848538,,40.70000000,7.17166228,1.003000,1.014770,5713.15
"TOI-4640 b","TOI-4640",,2.68566015238,,8.46000000,2.84326517,1.100000,1.067150,5743.01
"TIC 38828280 b","TIC 38828280",,4.85558984762,,7.40000000,2.62701629,0.840000,0.741147,5046.63
"TIC 245076932 b","TIC 245076932",0.1570000000,21.61389000000,0.428000,162.09248757,10.87271128,1.117000,1.288000,6130.00
"TOI-921 b","TOI-921",,5.12871907628,,12.20000000,3.53409617,1.130000,1.141650,6011.66
"TOI-4930 b","TOI-4930",,6.78130241498,,38.40000000,6.93277225,1.040000,1.159260,5624.72
"TIC 62895484 b","TIC 62895484",,2.83985434327,,12.00000000,3.49391667,0.980000,0.874291,5520.79
"TOI-941 b","TOI-941",,8.51460888787,,34.60000000,6.51165317,1.078000,1.184900,5745.88
"TIC 86380416 b","TIC 86380416",,6.04086434610,,6.40000000,2.41236120,1.070000,0.989724,5723.74
"K2-19 b","K2-19",0.0748700000,7.91930000000,0.100000,30.80000000,7.00000000,0.880000,0.820000,5322.00
"TOI-5335 b","TOI-5335",,3.61365988443,,15.30000000,4.02422162,0.945000,0.916633,5528.92
"TOI-5486 b","TOI-5486",,2.02470073205,,14.90000000,3.96824928,0.548138,0.553216,3750.17
"TIC 139702105 b","TIC 139702105",,6.83601903383,,6.59000000,2.45316949,0.900000,1.254230,5742.35
"TOI-1718 b","TOI-1718",,5.58703768615,,15.80000000,4.10824994,0.930000,0.939285,5304.91
"TOI-5532 b","TOI-5532",,5.65396594310,,6.93000000,2.52763693,0.636083,0.662052,4208.45
"TOI-1232 c","TOI-1232",0.1940000000,30.35600000000,0.027000,58.48042689,8.88000000,1.058000,1.072000,5823.00
"TOI-1732 b","TOI-1732",,4.11923678339,,6.78000000,2.49549787,0.613891,0.632571,4201.93
"TOI-5605 b","TOI-5605",,5.91340454843,,6.92000000,2.52611303,0.680000,0.736044,4583.79
"TOI-5630 b","TOI-5630",,3.22118452536,,6.22000000,2.37117553,0.934000,0.933361,5385.64
"KMT-2024-BLG-2005L b","KMT-2024-BLG-2005L",1.1200000000,,,50.85254512,8.18000000,0.120000,,
"TOI-5926 b","TOI-5926",,3.81122794237,,44.60000000,7.56807148,0.946000,0.890046,5388.92
"TIC 290487717 b","TIC 290487717",,3.40081822900,,35.70000000,6.63777941,0.920000,0.943767,5328.97
"TOI-672 b","TOI-672",0.0376000000,3.63358100000,0.000000,50.90000000,5.31000000,0.540000,0.540000,3810.00
"TOI-2071 b","TOI-2071",,5.67395386982,,7.10000000,2.56484195,1.063000,1.002860,5755.41
"TOI-4156 c","TOI-4156",,12.82282706375,,8.87000000,2.92303762,1.100000,1.039630,5971.64
"TIC 356227008 b","TIC 356227008",,2.96147448702,,6.30000000,2.39024009,1.020000,0.959792,5731.86
"TOI-6393 b","TOI-6393",,9.53176110329,,8.04000000,2.75958542,0.835000,0.766023,5008.20
"EPIC 220674823 b","EPIC 220674823",0.0132000000,0.57130782000,0.000000,7.54000000,1.60600000,0.913000,0.990000,5578.00
"EPIC 220674823 c","EPIC 220674823",0.1078000000,13.34060300000,0.180000,7.90000000,2.71200000,0.913000,0.990000,5578.00
"TOI-2654 b","TOI-2654",,2.96760425926,,48.40000000,7.94454164,0.690000,0.756095,4594.08
"TOI-6699 b","TOI-6699",,5.32005926761,,6.02000000,2.32645266,0.750000,0.753090,4705.10
"TOI-1839 c","TOI-1839",,4.02393854207,,6.39000000,2.40867246,0.934000,0.848099,5315.91
"K2-111 c","K2-111",0.1156500000,15.67480000000,0.069000,11.10000000,3.34000000,0.840000,1.250000,5775.00
"TOI-4156 b","TOI-4156",,4.46189034133,,6.98000000,2.53823825,1.100000,1.039630,5971.64
"MOA-2007-BLG-192L b","MOA-2007-BLG-192L",2.0200000000,,,12.49000000,3.58000000,0.280000,,
"Kepler-79 b","Kepler-79",0.1192900000,13.48451000000,0.022000,7.60000000,3.51000000,1.244000,1.316000,6389.00
"TOI-791 b","TOI-791",0.6020000000,139.29931000000,0.032000,9.50000000,11.13051784,1.280000,1.474000,6294.00
"TOI-791 c","TOI-791",0.8630000000,232.01570000000,0.028000,18.60000000,12.94637271,1.280000,1.474000,6294.00
"HD 190360 c","HD 190360",0.1298000000,17.11625000000,0.163000,26.20000000,5.53000000,0.996000,1.140000,5560.00
"HD 190360 d","HD 190360",0.3886000000,88.69000000000,0.058000,11.90000000,3.48000000,0.996000,1.140000,5560.00
"TOI-3664 b","TOI-3664",0.0431000000,3.29748390000,0.159000,114.41822652,13.69737442,0.980000,1.110000,5593.00
"TOI-4034 b","TOI-4034",0.0328900000,1.80209320000,0.000000,276.51071409,17.71018951,1.190000,1.830000,5891.00
"TOI-4427 b","TOI-4427",0.0538900000,4.61826210000,0.074000,87.72064033,13.09208946,0.900000,0.890000,5347.00
"TOI-1710 b","TOI-1710",0.1652000000,24.28336000000,0.050000,19.10000000,5.06000000,1.020000,0.930000,5775.00
"K2-370 b","K2-370",0.0321000000,2.14080930000,0.000000,11.10000000,2.67000000,0.962000,0.945000,5662.00
"TOI-2147 b","TOI-2147",0.1720000000,26.20518000000,0.290000,116.00000000,10.50000000,0.990000,1.390000,5983.00
"TOI-6019 b","TOI-6019",0.1212000000,14.54795200000,0.480000,149.00000000,12.30000000,1.130000,2.020000,5561.00
"Kepler-1767 b","Kepler-1767",0.2873000000,59.65829849000,0.000000,9.34000000,3.01299077,0.887000,0.831000,5243.00
"Kepler-1793 b","Kepler-1793",0.0787000000,8.77999973300,0.000000,13.80000000,3.79037518,0.850000,0.764000,5191.00
"Kepler-482 b","Kepler-482",0.2578700000,56.35418576000,0.000000,6.17000000,2.36000000,0.750000,0.720000,4871.00
"Kepler-32 c","Kepler-32",0.0900000000,8.75220000000,0.000000,158.90000000,2.00000000,0.580000,0.530000,3900.00
"Kepler-259 c","Kepler-259",0.2170000000,36.92493100000,0.000000,7.75000000,2.70000000,0.867000,0.898000,5938.00
"Kepler-222 d","Kepler-222",0.1800000000,28.08191200000,0.000000,13.20000000,3.69000000,0.933000,0.869000,5433.00
"K2-263 b","K2-263",0.2573000000,50.81917200000,0.080000,15.40000000,2.51300000,0.880000,0.850000,5368.00
"Kepler-52 b","Kepler-52",0.0637000000,7.87735650000,0.000000,135.00000000,2.10000000,0.540000,0.520000,4075.00
"K2-186 b","K2-186",,41.47421900000,,10.20000000,3.17207779,1.018617,0.980830,5784.00
"K2-195 c","K2-195",,28.48278600000,,7.16000000,2.57581891,0.963364,0.906367,5712.00
"K2-280 b","K2-280",0.1461000000,19.89526000000,0.350000,37.10000000,7.50000000,1.030000,1.280000,5500.00
"K2-222 b","K2-222",0.1186000000,15.38892740000,0.021000,7.50000000,2.27500000,0.940000,1.072000,5942.00
"K2-220 b","K2-220",0.1104000000,13.68186000000,,6.21000000,2.37000000,0.910000,1.026000,5612.00
"Kepler-491 b","Kepler-491",0.0519100000,4.22538451200,0.000000,59.00000000,8.92000000,1.040000,1.030000,5582.00
"Kepler-216 b","Kepler-216",0.0790000000,7.69364100000,0.000000,6.12000000,2.35000000,1.126000,1.260000,6091.00
"Kepler-1732 b","Kepler-1732",0.2015000000,32.31240082000,0.000000,15.70000000,4.09903273,1.043000,1.494000,5821.00
"CoRoT-4 b","CoRoT-4",0.0900000000,9.20205000000,0.000000,228.83000000,13.34000000,1.160000,1.170000,6190.00
"K2-224 c","K2-224",0.0886000000,10.09489000000,,6.39000000,2.41000000,0.910000,0.840000,5620.00
"24 Sex c","24 Sex",2.0800000000,883.00000000000,0.290000,273.32000000,13.90000000,1.540000,4.900000,5098.00
"CoRoT-7 c","CoRoT-7",0.0460000000,3.69800000000,0.000000,8.40000000,2.83000000,0.899000,0.864273,5256.00
"Kepler-752 b","Kepler-752",0.1353000000,18.82747265000,0.000000,8.30000000,2.81000000,0.870000,0.830000,5373.00
"CoRoT-9 b","CoRoT-9",0.4021000000,95.27265600000,0.133000,266.97720000,11.94879400,0.960000,0.960000,5625.00
"51 Peg b","51 Peg",0.0520000000,4.23079660000,0.006300,193.87532827,14.10000000,1.070000,1.190000,5761.00
"K2-331 c","K2-331",,22.99659100000,,7.85000000,2.72000000,1.100000,1.060000,5994.00
"K2-334 b","K2-334",,5.11398100000,,27.20000000,5.65000000,1.360000,1.490000,6502.00
"61 Vir d","61 Vir",0.4760000000,123.01000000000,0.350000,22.90000000,5.11000000,0.942000,0.963000,5577.00
"K2-348 b","K2-348",,4.68841800000,,10.70000000,3.26000000,0.830000,0.850000,5077.00
"K2-204 b","K2-204",0.0738000000,7.05590800000,0.280000,10.20000000,3.17214154,1.076000,1.253000,5783.00
"Kepler-1736 b","Kepler-1736",0.2188000000,37.81029892000,0.000000,14.30000000,3.87658560,0.976000,0.973000,6085.00
"Kepler-8 b","Kepler-8",0.0474000000,3.52249910000,0.000000,187.51970000,15.87194400,1.213000,1.486000,6213.00
"Kepler-119 b","Kepler-119",0.0350000000,2.42208200000,0.000000,12.60000000,3.60000000,0.918000,0.839000,5595.00
"Kepler-748 b","Kepler-748",0.0745000000,7.40742793000,0.000000,6.90000000,2.52000000,1.070000,1.100000,5934.00
"HD 113538 b","HD 113538",1.2400000000,663.20000000000,0.140000,114.41000000,13.20000000,0.585000,0.530000,4462.00
"Kepler-112 b","Kepler-112",0.0760000000,8.40887800000,0.000000,6.17000000,2.36000000,0.782000,0.841000,5544.00
"HD 11506 c","HD 11506",0.7710000000,223.92000000000,0.228000,127.13136280,14.00000000,1.220000,1.240000,6123.00
"GJ 876 d","GJ 876",0.0208066500,1.93778000000,0.207000,6.83000000,2.51000000,0.320000,0.300000,3293.74
"GJ 876 e","GJ 876",0.3343000000,124.26000000000,0.055000,14.60000000,3.92000000,0.320000,0.300000,3293.74
"HD 10180 f","HD 10180",0.4929000000,122.74400000000,0.119000,23.90000000,5.24000000,1.060000,1.109000,5911.00
"HD 126614 b","HD 126614",2.2490000000,1257.25303000000,0.548000,107.74382997,12.70000000,0.960000,1.369794,5568.00
"Kepler-123 b","Kepler-123",0.1350000000,17.23236600000,0.000000,55.30000000,2.94000000,1.079000,1.264000,6089.00
"HD 104067 b","HD 104067",0.2674000000,55.85100000000,0.123000,62.10000000,9.20000000,0.820000,0.780000,4952.00
"HD 10647 b","HD 10647",2.0150000000,989.20000000000,0.150000,298.75000000,13.80000000,1.110000,1.100000,6218.00
"HD 134060 b","HD 134060",0.0444000000,3.26960000000,0.450000,10.10000000,3.16000000,1.095000,1.164285,5966.00
"HD 37124 c","HD 37124",1.7100000000,885.50000000000,0.125000,207.22516000,14.10000000,0.850000,0.949168,5698.64
"HD 187085 b","HD 187085",2.1000000000,1019.74000000000,0.251000,265.70588000,13.90000000,1.189000,1.270000,6117.00
"HD 216770 b","HD 216770",0.4600000000,118.45000000000,0.370000,181.16310000,14.10000000,0.740000,0.930000,5399.00
"HD 21693 c","HD 21693",0.2586000000,53.73570000000,0.070000,17.37000000,4.34000000,0.800000,0.914378,5430.00
"HD 192263 b","HD 192263",0.1500000000,24.35560000000,0.050000,177.98480000,14.20000000,0.660000,0.740000,4976.00
"HD 192310 c","HD 192310",1.1800000000,525.80000000000,0.320000,24.00000000,5.25000000,0.800000,0.857922,5166.00
"HD 4208 b","HD 4208",1.6620000000,832.97000000000,0.042000,257.44230000,13.90000000,0.883000,0.846000,5717.00
"HD 164922 b","HD 164922",2.1600000000,1207.00000000000,0.080000,116.00000000,13.30000000,0.926000,0.946000,5390.00
"HD 197037 b","HD 197037",2.0700000000,1035.70000000000,0.220000,251.00000000,13.90000000,1.110000,1.105000,6150.00
"HD 4308 b","HD 4308",0.1200000000,15.56000000000,0.000000,15.89150000,4.12000000,0.930000,1.020000,5686.00
"Kepler-272 c","Kepler-272",0.0610000000,6.05734200000,0.000000,97.80000000,1.79000000,0.910000,0.929000,5297.00
"HD 168746 b","HD 168746",0.0700000000,6.40400000000,0.110000,85.81410000,11.10000000,1.070000,1.090000,5570.00
"HD 148156 b","HD 148156",2.4500000000,1027.00000000000,0.520000,270.14400000,13.90000000,1.220000,1.210000,6308.00
"HD 27894 b","HD 27894",0.1250000000,18.01939000000,0.047000,196.73578393,14.10000000,0.810000,0.891767,4875.00
"HD 204313 c","HD 204313",0.2110000000,34.95875000000,0.059000,17.16273398,4.31000000,1.030000,1.100000,5767.00
"HD 31253 b","HD 31253",1.2600000000,466.00000000000,0.300000,197.05460000,14.10000000,1.700000,1.750000,6130.00
"HD 155358 c","HD 155358",1.0200000000,391.90000000000,0.160000,261.00000000,13.90000000,0.920000,1.380000,5900.00
"HD 3651 b","HD 3651",0.2950000000,62.25000000000,0.645000,72.46524000,10.10000000,0.799000,0.871954,5221.00
"HD 156411 b","HD 156411",1.8800000000,842.20000000000,0.220000,235.18000000,14.00000000,1.250000,2.160000,5900.00
"HD 63454 b","HD 63454",0.0400000000,2.81805000000,0.000000,79.45750000,12.31000000,0.420000,0.770000,4812.00
"HD 93083 b","HD 93083",0.5080000000,144.72000000000,0.118000,143.34061156,14.30000000,0.836000,0.837000,5033.80
"HD 69830 b","HD 69830",0.0785000000,8.66700000000,0.100000,10.20000000,3.17000000,0.860000,0.886947,5385.00
"HD 69830 d","HD 69830",0.6300000000,197.00000000000,0.070000,18.10000000,4.45000000,0.860000,0.886947,5385.00
"HD 97658 b","HD 97658",0.0805000000,9.48971160000,0.050000,8.30000000,2.12000000,0.850000,0.728000,5212.00
"XO-2 N b","XO-2 N",0.0366600000,2.61585906000,0.000000,199.91507000,11.13053700,0.960000,0.998000,5290.00
"HIP 12961 b","HIP 12961",0.2500000000,57.43500000000,0.170000,114.41880000,13.20000000,0.690000,0.650000,3901.00
"HD 45184 b","HD 45184",0.0644000000,5.88540000000,0.070000,12.19000000,3.52000000,1.030000,1.075139,5869.00
"HD 45364 b","HD 45364",0.6793000000,225.79000000000,0.067000,60.16491745,9.03000000,0.820000,0.890000,5466.00
"HD 49674 b","HD 49674",0.0600000000,4.94737000000,0.090000,31.78300000,6.20000000,1.030000,1.020000,5602.00
"HIP 57274 c","HIP 57274",0.1780000000,32.03000000000,0.050000,130.00000000,14.20000000,0.730000,0.680000,4640.00
"HD 85390 b","HD 85390",1.3730000000,799.52000000000,0.500000,31.46517000,6.16000000,0.758000,0.800000,5186.00
"WASP-35 b","WASP-35",0.0431700000,3.16158000000,0.000000,225.65930000,14.57170000,1.050000,1.080000,5990.00
"TOI-2524 b","TOI-2524",0.0730000000,7.18585000000,0.000000,203.41018048,11.20898070,1.007000,1.119000,5831.00
"HATS-53 b","HATS-53",0.0475300000,3.85377680000,0.330000,189.10885000,15.02006000,0.964000,1.101000,5644.00
"TOI-283 b","TOI-283",0.1230000000,17.61745000000,0.000000,6.54000000,2.34000000,0.800000,0.850000,5213.00
"TOI-2525 b","TOI-2525",0.1511000000,23.28560000000,0.170000,26.69758619,8.67575106,0.849000,0.785000,5096.00
"HATS-29 b","HATS-29",0.0547500000,4.60587490000,0.158000,207.54299000,14.02245900,1.032000,1.073000,5670.00
"TOI-406.01","TOI-406",0.0809000000,13.17568200000,0.056000,6.57000000,2.08000000,0.408000,0.410000,3392.00
"Kepler-282 d","Kepler-282",0.1583700000,24.80600000000,0.000000,61.00000000,2.46000000,0.970000,0.890000,5656.00
"BD-06 1339 c","BD-06 1339",0.4350000000,125.94000000000,0.310000,53.00000000,8.38000000,0.700000,0.686355,4324.00
"CoRoT-25 b","CoRoT-25",0.0578000000,4.86069000000,0.000000,85.81000000,12.11000000,1.090000,1.190000,6040.00
"HD 564 b","HD 564",1.2000000000,492.30000000000,0.096000,104.88000000,12.50000000,0.961000,1.010000,5902.00
"HATS-45 b","HATS-45",0.0551100000,4.18762440000,0.240000,222.48100000,14.41477400,1.272000,1.315000,6450.00
"Kepler-421 b","Kepler-421",1.2190000000,704.19840000000,0.041000,16.10000000,4.16000000,0.794000,0.757000,5308.00
"TOI-1443 b","TOI-1443",0.1470000000,23.54067800000,0.000000,30.00000000,2.30381001,0.766300,0.751100,5224.00
"HD 13908 b","HD 13908",0.1540000000,19.38200000000,0.020000,274.91000000,13.90000000,1.290000,1.670000,6255.00
"HD 34445 f","HD 34445",1.5430000000,676.80000000000,0.031000,37.90000000,6.88000000,1.070000,1.380000,5836.00
"HD 34445 e","HD 34445",0.2687000000,49.17500000000,0.090000,16.80000000,4.26000000,1.070000,1.380000,5836.00
"TOI-1226 b","TOI-1226",,3.92880881576,,6.39000000,2.41011120,1.010000,0.986943,5434.91
"K2-219 d","K2-219",,11.13727800000,,7.16000000,2.57634456,1.021545,1.189232,5753.00
"TOI-1232 b","TOI-1232",0.1170000000,14.25600000000,0.065000,220.57291446,10.92875618,1.058000,1.072000,5823.00
"HD 27894 c","HD 27894",0.1980000000,36.07000000000,0.015000,51.48846000,8.24000000,0.800000,0.891767,4875.00
"TOI-1244 b","TOI-1244",0.0606940000,6.40031648300,0.000000,6.60000000,2.46700000,0.730000,0.721000,4599.00
"TOI-1466 b","TOI-1466",,1.87190602231,,6.65000000,2.46741991,0.660000,0.749646,4435.39
"WASP-55 b","WASP-55",0.0558000000,4.46563100000,0.000000,186.24744650,14.72860064,1.071000,1.090000,6096.00
"HIP 65407 b","HIP 65407",0.1770000000,28.12500000000,0.140000,136.03124000,14.30000000,0.930000,0.952252,5460.00
"NGTS-1 b","NGTS-1",0.0326000000,2.64729800000,0.016000,258.07796000,14.90797000,0.617000,0.573000,3916.00
"K2-158 b","K2-158",0.0887000000,10.06049000000,,7.46000000,2.64000000,0.920000,0.950000,5503.00
"HD 45652 b","HD 45652",0.2370000000,44.07300000000,0.607000,137.62039000,14.30000000,0.920000,0.940000,5294.00
"WASP-62 b","WASP-62",0.0571000000,4.41195000000,0.000000,165.27160000,14.79588000,1.110000,1.230000,6230.00
"TOI-1422 b","TOI-1422",0.1070000000,12.99894000000,0.200000,9.50000000,3.83000000,0.990300,1.019000,5840.00
"GJ 1265 b","GJ 1265",0.0260000000,3.65110000000,0.040000,7.40000000,2.63000000,0.178000,0.192000,3236.00
"HD 6061 b","HD 6061",0.0600000000,5.25490000000,0.000000,10.00000000,2.42763557,1.026900,1.007200,5934.00
"Kepler-19 c","Kepler-19",0.1765736996,28.73100000000,0.210000,13.10000000,3.68000000,0.936000,0.859000,5544.00
"Kepler-25 d","Kepler-25",0.4164221832,122.40000000000,0.130000,71.90000000,10.00000000,1.165000,1.316000,6354.00
"TOI-929 b","TOI-929",,5.83015366944,,7.70000000,2.68983343,0.700000,0.717414,4457.16
"K2-161 b","K2-161",,9.28318800000,,31.10000000,6.11721229,0.986876,2.568173,4972.00
"K2-246 b","K2-246",0.0602000000,5.76918000000,,12.00000000,3.49000000,0.870000,0.940000,5610.00
"TOI-969 b","TOI-969",0.0263600000,1.82373050000,,9.10000000,2.76500000,0.734000,0.671000,4435.00
"TOI-1291 b","TOI-1291",,7.16200975510,,27.10000000,5.63826391,1.200000,1.810900,6139.95
"GJ 163 b","GJ 163",0.0607000000,8.63182000000,0.073000,10.60000000,3.25000000,0.400000,0.409738,3500.00
"TOI-1669 c","TOI-1669",0.0376000000,2.68005350000,0.000000,13.00000000,2.29639770,0.986700,1.056100,5497.00
"K2-165 d","K2-165",,14.10136100000,,7.50000000,2.64809498,0.834847,0.803827,5185.00
"NGC 2682 YBP 1514 b","NGC 2682 YBP 1514",,5.11800000000,0.280000,127.13200000,14.00000000,0.960000,0.890000,5725.00
"K2-30 b","K2-30",0.0483900000,4.09850300000,0.000000,184.02357000,11.64615100,0.900000,0.844000,5425.00
"WASP-56 b","WASP-56",0.0561400000,4.61710000000,0.000000,143.02350000,10.53646000,0.710000,0.960000,5600.00
"CoRoT-32 b","CoRoT-32",0.0710000000,6.71837000000,,47.67450000,6.38913000,1.080000,0.790000,5970.00
"TOI-1054.01","TOI-1054",,15.50778550000,,6.50000000,2.43432000,1.140000,1.170000,6122.00
"KMT-2025-BLG-0975L b","KMT-2025-BLG-0975L",0.8100000000,,,29.80000000,5.97000000,0.100000,,
"TOI-1691 b","TOI-1691",0.1293650000,16.73688893500,0.000000,14.60000000,3.66000000,1.030000,1.000000,5759.00
"K2-118 b","K2-118",0.2450000000,50.92092000000,0.200000,6.99000000,2.54000000,0.756446,0.734626,4726.29
"GJ 3942 b","GJ 3942",0.0608000000,6.90500000000,0.121000,7.14000000,2.57000000,0.630000,0.610000,3867.00
"Kepler-1654 b","Kepler-1654",2.0260000000,1047.83560000000,0.260000,158.91500000,9.18017100,1.011000,1.179000,5597.00
"TOI-1695 b","TOI-1695",0.0335480000,3.13427910000,0.097000,6.36000000,1.90000000,0.513000,0.515000,3690.00
"Kepler-750 b","Kepler-750",0.0874200000,9.42887179000,0.000000,9.64000000,3.07000000,1.150000,1.230000,6160.00
"WASP-88 b","WASP-88",0.0643100000,4.95400000000,0.000000,133.48860000,16.36514000,0.940000,1.800000,6430.00
"Wolf 1061 d","Wolf 1061",0.4700000000,217.21000000000,0.550000,7.70000000,2.69000000,0.294000,0.307000,3342.00
"HD 147379 b","HD 147379",0.3193000000,86.58000000000,0.063000,21.60000000,4.94000000,0.580000,0.628304,4090.00
"WASP-144 b","WASP-144",0.0316000000,2.27831520000,0.000000,139.84520000,9.52765000,0.810000,0.810000,5200.00
"TOI-1347 c","TOI-1347",0.0546000000,4.84196200000,0.000000,6.40000000,1.60000000,0.913000,0.830000,5464.00
"HD 108147 b","HD 108147",0.1020000000,10.89850000000,0.530000,82.95000000,10.90000000,1.220000,1.206640,6255.73
"KIC 8540376 b","KOI-7892",,31.80990000000,,15.80000000,4.10000000,1.040000,1.260000,6474.00
"HATS-51 b","HATS-51",0.0463900000,3.34887020000,0.330000,244.09344000,15.80469000,1.187000,1.440000,5758.00
"HD 18599 b","HD 18599",0.0480000000,4.13743540000,0.340000,24.10000000,2.60000000,0.863000,0.767000,5145.00
"Kepler-127 c","Kepler-127",0.2000000000,29.39319500000,0.030000,7.56000000,2.66000000,1.248000,1.359000,6106.00
"Kepler-955 b","Kepler-955",0.1083000000,14.53244172000,0.000000,9.96000000,3.13000000,0.890000,0.840000,5350.00
"TOI-5678 b","TOI-5678",0.2490000000,47.73022000000,0.140000,20.00000000,4.91000000,0.905000,0.938000,5485.00
"TOI-6034 b","TOI-6034",0.0294900000,2.57618400000,0.040000,254.00000000,11.92000000,0.514000,0.489000,3635.00
"TIC 32032563 b","TIC 32032563",,13.83460487791,,11.90000000,3.47739942,1.050000,1.001880,5567.93
"Kepler-911 b","Kepler-911",0.1559400000,20.31050100000,0.000000,7.27000000,2.60000000,1.340000,1.990000,6112.00
"HD 184010 b","HD 184010",0.9400000000,286.60000000000,0.000000,98.52680617,12.10000000,1.350000,4.860000,4971.00
"TOI-6041 b","TOI-6041",0.1651000000,26.04945000000,,28.90000000,4.55000000,0.885000,0.879000,5445.00
"HD 224018 c","HD 224018",0.2170000000,36.57669000000,0.020000,10.40000000,2.42000000,1.013000,1.147000,5784.00
"Kepler-1754 b","Kepler-1754",0.0718000000,8.19594955400,0.000000,6.53000000,2.43996509,0.734000,0.747000,4723.00
"TIC 270471727 b","TIC 270471727",,10.45623256647,,8.00000000,2.75029559,0.900000,0.997091,5271.39
"TIC 65612701 b","TIC 65612701",,10.22467974953,,22.70000000,5.07802804,1.060000,1.737090,5692.29
"Kepler-1014 b","Kepler-1014",0.1210000000,16.57110363000,0.000000,6.30000000,2.39000000,0.880000,0.840000,5388.00
"Kepler-1044 b","Kepler-1044",0.0741000000,6.77408868000,0.000000,7.61000000,2.67000000,1.080000,1.110000,5985.00
"Kepler-66 b","Kepler-66",0.1352000000,17.81581500000,0.000000,8.25000000,2.80000000,1.038000,0.966000,5962.00
"Kepler-857 b","Kepler-857",0.3751000000,85.35129427000,0.000000,37.20000000,6.80000000,0.990000,0.990000,5773.00
"TOI-6080 b","TOI-6080",,8.05562348084,,11.00000000,3.32424168,1.010000,1.062210,5775.46
"TOI-5210 b","TOI-5210",0.0557000000,4.56610610000,0.066000,81.99972901,10.72699453,1.105000,1.209000,5723.00
"TOI-5726.01","TOI-5726",0.0621860000,5.49112521500,,7.05000000,2.55400000,1.060000,1.106000,5874.00
"TIC 142589416 b","TIC 142589416",,2.09518466313,,7.65000000,2.67899519,0.641000,0.713832,4396.27
"Gliese 48 b","Gliese 48",0.1752000000,39.62990000000,0.000000,8.11000000,2.77000000,0.470000,0.463000,3450.00
"Kepler-993 b","Kepler-993",0.1300000000,22.08557563000,0.000000,9.11000000,2.97000000,0.570000,0.540000,3843.00
"Kepler-80 d","Kepler-80",0.0372000000,3.07222000000,0.004100,6.75000000,1.53000000,0.730000,0.678000,4540.00
"TIC 139270665 b","TIC 139270665",0.1630000000,23.62400000000,0.105000,147.15455244,7.22979255,1.035000,1.016000,5844.00
"TOI-7149 b","TOI-7149",0.0260300000,2.65206166000,0.078000,224.00000000,13.20000000,0.344000,0.351000,3363.00
"TOI-5789 e","TOI-5789",0.2901000000,62.98000000000,0.071000,11.61000000,3.43000000,0.821000,0.833000,5185.00
"TIC 154870955 b","TIC 154870955",,7.96987471280,,9.77000000,3.09467466,0.828000,0.724328,4739.58
"TOI-5238 b","TOI-5238",,4.87217100000,,23.70000000,5.22000000,1.000000,1.022830,5631.00
"Kepler-314 c","Kepler-314",0.0640000000,5.96039200000,0.000000,8.75000000,2.90000000,0.990000,0.950000,5378.00
"Kepler-317 b","Kepler-317",0.0610000000,5.52424200000,0.000000,109.80000000,2.09000000,0.865000,0.941000,5497.00
"TOI-7384 b","TOI-7384",0.0439000000,6.23402580000,0.400000,12.40000000,3.56000000,0.318000,0.319000,3185.00
"Kepler-1043 b","Kepler-1043",0.2159000000,38.50533980000,0.000000,7.04000000,2.55000000,0.920000,0.900000,5629.00
"TOI-5777 b","TOI-5777",,6.91716177373,,9.78000000,3.09551273,0.658000,0.671912,4408.03
"HD 73344 c","HD 73344",0.3388000000,65.94000000000,0.124000,118.54999581,13.50000000,1.190000,1.220000,6148.00
"Kepler-139 f","Kepler-139",,355.00000000000,,36.00000000,6.67000000,1.078000,1.045000,5630.00
"TIC 249022743 b","TIC 249022743",,2.25719681538,,20.60000000,4.79568155,1.000000,1.208400,5567.58
"Kepler-62 e","Kepler-62",0.4270000000,122.38740000000,0.000000,36.00000000,1.61000000,0.690000,0.640000,4925.00
"HIP 113103 c","HIP 113103",0.1047900000,14.24564800000,0.170000,6.35000000,2.40000000,0.761000,0.742000,4930.00
"HD 196067 c","HD 196067",,4.60108800000,0.235000,10.40000000,3.21000000,1.160000,1.710000,6072.00
"GJ 887 d","GJ 887",0.2120000000,50.77000000000,,6.10000000,2.34000000,0.495000,0.468000,3688.00
"K2-157 c","K2-157",0.1650000000,25.94200000000,0.200000,30.80000000,6.08000000,0.890000,0.860000,5334.00
"TIC 390586021 b","TIC 390586021",,2.74703755819,,8.55000000,2.86009388,0.648000,0.726565,4434.81
"HD 94771 b","HD 94771",3.4800000000,2164.00000000000,0.390000,169.00000000,14.20000000,1.200000,1.903000,5631.00
"TOI-6695 b","TOI-6695",0.4020000000,80.38900000000,0.040000,66.74396547,9.52763359,1.338000,1.517000,6400.00
"DMPP-2 d","DMPP-2",0.1432000000,16.49100000000,0.100000,91.79000000,11.60000000,1.410000,1.780000,6500.00
"TIC 423703298 b","TIC 423703298",,4.03712711976,,8.11000000,2.77230429,0.691000,0.729825,4540.37
"Kepler-335 b","Kepler-335",0.0750000000,6.56233100000,0.000000,11.40000000,3.39000000,1.367000,1.854000,5877.00
"Kepler-1023 b","Kepler-1023",0.3028400000,62.13877140000,0.000000,7.41000000,2.63000000,0.930000,0.890000,5494.00
"TOI-5592 b","TOI-5592",0.0393500000,2.60858460000,0.062000,285.72773789,17.14974047,1.194000,1.393000,6237.00
"HD 122562 c","HD 122562",0.4060000000,84.96276000000,0.228000,73.10053361,10.10000000,1.241000,2.166270,4956.00
"TOI-6707 b","TOI-6707",,3.83479363758,,27.80000000,5.72673066,1.140000,1.582020,6289.49
"Kepler-328 c","Kepler-328",0.3540000000,71.31200000000,0.000000,39.40000000,5.40000000,1.150000,1.060000,6064.00
"TOI-7510 d","TOI-7510",0.2672000000,48.86446800000,0.040000,190.00000000,10.52000000,1.063000,1.035000,5720.00
"Kepler-1779 b","Kepler-1779",0.1264000000,16.34359932000,0.000000,9.44000000,3.03295685,1.008000,1.056000,5730.00
"TOI-5595 b","TOI-5595",,5.99002553853,,20.10000000,4.73740402,0.645000,0.743344,4417.30
"Kepler-1772 b","Kepler-1772",0.0439100000,3.21509003600,0.000000,7.68000000,2.68609988,0.942000,0.934000,5541.00
"Kepler-10 d","Kepler-10",0.5379000000,151.06000000000,0.190000,12.00000000,3.49000000,0.910000,1.065000,5708.00
"TOI-1408 c","TOI-1408",0.0358700000,2.16640000000,0.135300,7.60000000,2.22000000,1.312000,1.530000,6117.00
"KOI-351 d","KOI-351",0.3200000000,59.73667000000,0.000000,8.60000000,2.87000000,1.200000,1.200000,6080.00
"TOI-1288 c","TOI-1288",1.0700000000,416.00000000000,0.000000,85.70000000,11.10000000,0.955200,0.958300,5388.00
"Kepler-104 c","Kepler-104",0.1530000000,23.66820500000,0.000000,7.14430805,3.13000000,0.818000,1.349000,5711.00
"Kepler-49 d","Kepler-49",0.0310000000,2.57654900000,0.000000,235.98200000,1.60000000,0.549000,0.559000,4252.00
"Kepler-346 b","Kepler-346",0.0710000000,6.51112700000,0.000000,7.56000000,2.66000000,0.943000,1.021000,6033.00
"Kepler-265 d","Kepler-265",0.2360000000,43.13061700000,0.000000,6.76000000,2.49000000,0.970000,1.103000,5835.00
"Kepler-1314 b","Kepler-1314",0.0504000000,5.42474928100,0.000000,22.90000000,5.11000000,0.600000,0.590000,4188.00
"Kepler-304 d","Kepler-304",0.0800000000,9.65347100000,0.000000,8.00000000,2.75000000,0.737000,0.687000,4731.00
"Kepler-326 d","Kepler-326",0.0660000000,6.76688800000,0.000000,6.90000000,1.21000000,0.910000,0.801000,5105.00
"Kepler-512 b","Kepler-512",0.2139500000,34.43587975000,0.000000,7.70000000,2.69000000,1.170000,1.300000,5997.00
"Kepler-305 c","Kepler-305",0.0756800000,8.29100000000,0.000000,6.00000000,3.30000000,0.760000,0.800000,5080.00
"Kepler-975 c","Kepler-975",0.0567000000,5.05821338000,0.000000,80.20000000,10.69000000,0.951000,1.667000,4883.00
"Kepler-22 b","Kepler-22",0.8120000000,289.86387600000,0.720000,9.10000000,2.10000000,0.857000,0.869000,5596.00
"Kepler-1995 b","Kepler-1995",0.3259000000,73.75788750000,0.000000,16.90000000,4.28000000,0.847000,0.930000,5029.00
"Kepler-1272 b","Kepler-1272",0.2705000000,51.13097040000,0.000000,6.21000000,2.37000000,1.060000,1.090000,5926.00
"Kepler-201 c","Kepler-201",0.5730000000,151.88405800000,0.000000,8.50000000,2.85000000,1.098000,1.229000,6065.00
"Kepler-54 d","Kepler-54",0.1260000000,20.99569400000,0.000000,12.09460000,1.53000000,0.518000,0.554000,4252.00
"Kepler-279 d","Kepler-279",0.2901000000,54.41400000000,0.000000,37.50000000,3.10000000,1.100000,1.070000,6689.45
"Kepler-1294 b","Kepler-1294",0.4684000000,115.68622580000,0.000000,10.30000000,3.19000000,0.990000,0.970000,5776.00
"Kepler-275 d","Kepler-275",0.2240000000,35.67606200000,0.000000,11.10000000,3.33000000,1.189000,1.383000,6165.00
"Kepler-306 d","Kepler-306",0.1200000000,17.32664400000,0.000000,6.66000000,2.47000000,0.750000,0.719000,4954.00
"Kepler-276 d","Kepler-276",0.2466600000,48.64800000000,0.000000,16.30000000,2.80000000,1.100000,1.030000,5693.00
"Kepler-36 c","Kepler-36",0.1269200000,16.21865000000,0.000000,7.13000000,3.67900000,1.034000,1.634000,5979.00
"Kepler-1843 b","Kepler-1843",0.1787100000,25.54339981000,0.000000,7.80000000,2.70909809,1.020000,1.782000,5422.00
"Kepler-799 c","Kepler-799",0.1214000000,15.19419956000,0.000000,8.15000000,2.78068551,1.031000,1.593000,5588.00
"Kepler-1858 b","Kepler-1858",0.3575000000,88.07160187000,0.000000,6.44000000,2.42168247,0.785000,0.819000,4939.00
"Kepler-221 e","Kepler-221",0.1300000000,18.36991700000,0.000000,7.86706000,2.63000000,0.854000,0.821000,5243.00
"Kepler-350 d","Kepler-350",0.1786000000,26.13600000000,0.000000,14.90000000,2.80000000,1.000000,1.250000,6492.30
"Kepler-58 c","Kepler-58",0.1230700000,15.57415680000,0.000000,53.00000000,2.86000000,0.950000,1.030000,5843.00
"Kepler-1844 b","Kepler-1844",0.0478000000,3.92451000200,0.000000,9.46000000,3.03648191,0.939000,0.849000,5776.00
"Kepler-462 c","Kepler-462",0.7584000000,207.62000000000,0.110000,6.00000000,4.00000000,1.590000,1.570000,7500.00
"Kepler-245 c","Kepler-245",0.1240000000,17.46081200000,0.000000,26.70000000,2.18000000,0.856000,0.795000,5100.00
"Kepler-385 c","Kepler-385",0.1270000000,15.16316100000,0.000000,13.20000000,3.04000000,0.992000,1.126000,6326.00
"Kepler-1830 b","Kepler-1830",0.3176900000,56.49330139000,0.000000,11.10000000,3.32992941,1.443000,2.046000,6160.00
"Kepler-182 b","Kepler-182",0.0960000000,9.82579200000,0.000000,7.18000000,2.58000000,1.114000,1.146000,6250.00
"Kepler-385 b","Kepler-385",0.0970000000,10.04368600000,0.000000,12.80000000,2.73000000,0.992000,1.126000,6326.00
"Kepler-339 d","Kepler-339",0.0910000000,10.55834500000,0.000000,14.70000000,1.17000000,0.870000,0.802000,5631.00
"Kepler-530 b","Kepler-530",0.2149100000,39.30941904000,0.000000,9.32000000,3.01000000,0.970000,0.890000,5697.00
"Kepler-339 c","Kepler-339",0.0690000000,6.98805500000,0.000000,7.30000000,1.15000000,0.870000,0.802000,5631.00
"Kepler-318 c","Kepler-318",0.1050000000,11.81500700000,0.000000,13.10000000,3.68000000,1.073000,1.189000,5746.00
"Kepler-1241 b","Kepler-1241",0.1336000000,18.55257010000,0.000000,7.41000000,2.63000000,0.840000,0.800000,5261.00
"Kepler-1714 b","Kepler-1714",0.1054900000,10.27530003000,0.000000,10.70000000,3.26437302,1.448000,2.086000,6150.00
"Kepler-396 b","Kepler-396",0.2406700000,42.99400000000,0.000000,75.50000000,3.50000000,0.850000,1.060000,5656.00
"Kepler-1085 c","Kepler-1085",0.2979800000,56.77710000000,0.000000,10.70000000,3.26817741,1.050000,1.078300,5816.00
"Kepler-1214 b","Kepler-1214",0.1280000000,18.82634264000,0.000000,6.17000000,2.36000000,0.850000,0.800000,5130.00
"Kepler-396 c","Kepler-396",0.3894600000,88.50500000000,0.000000,17.90000000,5.30000000,0.850000,1.060000,5656.00
"Kepler-1369 b","Kepler-1369",0.1741000000,25.87314800000,0.000000,7.70000000,2.69000000,0.990000,0.990000,5761.00
"Kepler-298 d","Kepler-298",0.3050000000,77.47363300000,0.000000,6.80000000,2.50000000,0.660000,0.582000,4465.00
"Kepler-1796 b","Kepler-1796",0.1879000000,29.45579910000,0.000000,8.00000000,2.75047868,1.018000,0.949000,6036.00
"Kepler-1192 b","Kepler-1192",0.1693000000,25.20347870000,0.000000,6.17000000,2.36000000,0.860000,0.830000,5438.00
"Kepler-516 b","Kepler-516",0.1992000000,24.85462415000,0.000000,27.90000000,5.74000000,1.620000,2.020000,7099.00
"Kepler-1851 b","Kepler-1851",0.1016000000,12.02289963000,0.000000,14.50000000,3.90012032,0.967000,0.879000,5982.00
"KELT-23 A b","KELT-23 A",0.0330200000,2.25525100000,0.000000,298.12454000,14.82950700,0.944000,0.996000,5899.00
"TOI-4479 b","TOI-4479",0.0164000000,1.15890000000,,8.35000000,2.82000000,0.452000,0.451000,3400.00
"TOI-1753 b","TOI-1753",0.0590000000,5.38461040000,0.000000,16.60000000,2.47852533,0.948300,0.971500,5621.00
"TOI-2274 b","TOI-2274",0.0500000000,2.67963000000,,6.57000000,2.45000000,0.612000,0.631000,3943.00
"Kepler-858 b","Kepler-858",0.3393900000,76.13602028000,0.000000,21.10000000,4.87000000,0.960000,0.910000,5653.00
"TOI-3023 b","TOI-3023",0.0505000000,3.90149710000,0.000000,197.05361234,16.43236571,1.120000,1.668000,5760.00
"Kepler-1752 b","Kepler-1752",0.2698000000,56.35850143000,0.000000,18.70000000,4.54060463,0.824000,0.821000,5446.00
"HIP 54373 b","HIP 54373",0.0630000000,7.76000000000,0.200000,8.62000000,2.87000000,0.570000,0.564998,4021.00
"TOI-1227 b","TOI-1227",0.0886000000,27.36397000000,,66.50000000,9.57246952,0.170000,0.560000,3072.00
"CoRoT-7 d","CoRoT-7",,8.96600000000,,17.14200000,4.31000000,0.915000,0.838900,5250.00
"TOI-1758 b","TOI-1758",0.1414090000,20.70507468500,0.000000,6.90000000,3.62000000,0.880000,0.810000,5169.00
"TOI-2567 b","TOI-2567",0.0672000000,5.98394400000,0.000000,63.88350981,10.92875618,1.130000,1.686000,5611.00
"HD 24085 b","HD 24085",0.0340000000,2.04550000000,0.220000,11.80000000,3.46000000,1.220000,1.412551,6034.00
"HD 216520 b","HD 216520",0.1980000000,35.45000000000,0.090000,10.26000000,3.18000000,0.820000,0.760000,5103.00
"TOI-1775 b","TOI-1775",0.0800000000,10.24055490000,0.000000,96.00000000,8.04728896,0.921800,0.828800,5284.00
"WASP-187 b","WASP-187",0.0653000000,5.14787800000,0.000000,254.26400000,18.38276000,1.540000,2.830000,6150.00
"HD 161178 b","HD 161178",0.8500000000,279.30000000000,0.044000,181.16219199,14.10000000,1.060000,10.950000,4786.00
"HD 77946 b","HD 77946",0.0730000000,6.52736300000,0.211000,10.90000000,2.89646124,1.197300,1.317400,6007.00
"TOI-2345 c","TOI-2345",0.1257000000,21.06430200000,,7.27000000,2.45100000,0.727000,0.729000,4687.00
"GJ 687 c","GJ 687",1.1650000000,727.56200000000,0.400000,16.00000000,4.14000000,0.400000,0.418300,3413.00
"HIP 5763 b","HIP 5763",0.1700000000,30.01400000000,0.054000,162.09248757,14.20000000,0.720000,0.750378,4352.00
"TOI-1782.01","TOI-1782",0.0502400000,4.98764102800,,6.20000000,2.36800000,0.680000,0.669000,4336.00
"TOI-2092 b","TOI-2092",,4.30325528074,,9.00000000,2.94892961,0.956000,1.051900,5842.06
"KOI-142 b","KOI-142",0.0958600000,10.91647000000,0.055610,9.50000000,3.43800000,0.990000,0.897000,5466.00
"Qatar-6 b","Qatar-6",0.0423000000,3.50619500000,0.000000,212.31044000,11.90395800,0.822000,0.722000,5052.00
"GJ 9066 c","GJ 9066",0.8800000000,771.36000000000,0.460000,66.74396547,9.60000000,0.150000,0.164000,3154.00
"TOI-2714 b","TOI-2714",0.0360000000,2.49938700000,0.164000,228.00000000,13.72000000,1.070000,1.250000,5665.00
"TOI-2382 b","TOI-2382",0.0590000000,4.66120610000,0.180000,235.19302118,12.25141591,1.260000,1.417000,6033.00
"K2-405 b","K2-405",,3.43547100000,,18.90000000,4.56900000,1.034000,0.765000,4927.00
"TOI-784 b","HD 307842",0.0380000000,2.79703650000,0.000000,9.67000000,1.93000000,0.910000,0.907000,5558.00
"Kepler-1419 b","Kepler-1419",0.2391000000,42.52158950000,0.000000,8.55000000,2.86000000,1.010000,1.010000,5796.00
"Kepler-819 b","Kepler-819",0.1894000000,33.19956480000,0.000000,8.05000000,2.76000000,0.860000,0.810000,5279.00
"K2-146 c","K2-146",0.0327000000,4.00498000000,0.075000,7.49000000,2.19000000,0.331000,0.330000,3385.00
"K2-324 b","K2-324",0.0331000000,3.26200000000,,6.48000000,2.43000000,0.517000,0.505000,3752.00
"TOI-815 b","TOI-815",0.0903000000,11.19725900000,0.200000,7.60000000,2.94000000,0.776000,0.770000,4869.00
"TOI-2141 b","TOI-2141",0.1322000000,18.26160800000,0.210000,20.10000000,3.14700000,0.896000,0.950000,5635.00
"TOI-2447 b","TOI-2447",0.3470000000,69.33684000000,0.170000,124.90656395,9.60609646,1.034000,1.006000,5730.00
"TOI-2818 b","TOI-2818",0.0493000000,4.03970900000,0.000000,225.65816897,15.27784069,0.977000,1.229000,5721.00
"Kepler-843 b","Kepler-843",0.0313000000,2.05387982100,0.000000,7.22000000,2.59000000,1.020000,1.030000,5830.00
"TOI-2458 b","TOI-2458",0.0482000000,3.73659000000,0.087000,13.31000000,2.83000000,1.050000,1.310000,6005.00
"HATS-56 b","HATS-56",0.0604300000,4.32479900000,0.019000,191.33366000,18.92079200,1.573000,2.201000,6536.00
"TOI-763 b","TOI-763",0.0600000000,5.60570000000,0.040000,9.79000000,2.28000000,0.917000,0.897000,5450.00
"K2-409 b","K2-409",,1.90808400000,,6.72000000,2.48200000,0.886000,1.228000,5742.00
"TOI-1722 b","TOI-1722",,9.60523206943,,17.60000000,4.38298108,1.162000,1.094140,5999.55
"TOI-1873 b","TOI-1873",,7.00572708834,,8.57000000,2.86356397,1.015000,0.971675,5597.99
"TOI-2158 b","TOI-2158",0.0750000000,8.60077000000,0.070000,260.61929374,10.76062147,1.120000,1.410000,5673.00
"GJ 433 c","GJ 433",4.8190000000,5094.10500000000,0.120000,32.42200000,6.27000000,0.480000,0.500000,3461.00
"TOI-1723 b","TOI-1723",0.1134960000,13.72701264300,0.000000,10.40000000,3.43500000,1.040000,1.090000,5777.00
"Kepler-292 f","Kepler-292",0.1410000000,20.83423700000,0.000000,6.12000000,2.35000000,0.865000,0.826000,5299.00
"Kepler-65 e","Kepler-65",0.8539307544,258.80000000000,0.283000,260.00000000,13.90000000,1.248000,1.437000,6220.00
"TOI-132 b","TOI-132",0.0260000000,2.10970190000,0.059000,22.40000000,3.42000000,0.970000,0.900000,5397.00
"TOI-2000 c","TOI-2000",0.0878000000,9.12705500000,0.063000,81.70000000,8.14000000,1.082000,1.134000,5611.00
"TOI-2000 b","TOI-2000",0.0427100000,3.09833000000,0.000000,11.00000000,2.70000000,1.082000,1.134000,5611.00
"TOI-2498 b","TOI-2498",0.0491000000,3.73825200000,0.089000,34.62000000,6.06000000,1.120000,1.260000,5905.00
"Kepler-95 b","Kepler-95",0.1023200000,11.52310000000,0.000000,13.00000000,3.42000000,1.080000,1.410000,5699.00
"Wendelstein-2 b","Wendelstein-2",0.0234000000,1.75222390000,0.057000,232.33373000,12.99347280,0.730000,0.660000,4591.00
"Kepler-1656 b","Kepler-1656",0.1974000000,31.56200000000,0.838000,47.80000000,4.57400000,1.030000,1.100000,5569.00
"Kepler-647 c","Kepler-647",0.1829100000,29.66630000000,0.000000,15.10000000,4.00135002,1.070000,1.545710,5906.74
"Kepler-210 b","Kepler-210",0.0320000000,2.45323400000,0.000000,8.96000000,2.94000000,0.770000,0.650000,4559.00
"OGLE-2006-BLG-109L c","OGLE-2006-BLG-109L",4.5000000000,4927.50000000000,0.150000,86.00000000,11.10000000,0.510000,,
"KMT-2019-BLG-0253L b","KMT-2019-BLG-0253L",3.1000000000,,,9.20000000,2.99000000,0.700000,,
"Kepler-1517 b","Kepler-1517",0.0780000000,5.54608366500,0.000000,68.70000000,9.76000000,1.580000,1.950000,7010.00
"MOA-2010-BLG-328L b","MOA-2010-BLG-328L",0.9200000000,,,9.20000000,2.99000000,0.110000,,
"MOA-2011-BLG-291L b","MOA-2011-BLG-291L",0.6900000000,,,18.00000000,4.43000000,0.150000,,
"KMT-2018-BLG-1743L b","KMT-2018-BLG-1743L",1.4490000000,,,77.86795971,10.50000000,0.193000,,
"OGLE-2018-BLG-0516L b","OGLE-2018-BLG-0516L",2.2000000000,,,20.10000000,4.73000000,0.470000,,
"KMT-2024-BLG-2059L b","KMT-2024-BLG-2059L",2.5500000000,,,6.99222495,2.54000000,0.510000,,
"Kepler-146 b","Kepler-146",0.2000000000,31.15879900000,0.000000,13.30000000,3.71000000,1.079000,1.208000,5948.00
"Kepler-1468 d","Kepler-1468",0.1456000000,19.59059906000,0.000000,11.10000000,3.33187146,1.072000,1.496000,5794.00
"Kepler-1641 c","Kepler-1641",0.2065000000,32.65721200000,0.000000,9.01000000,2.95000000,1.120000,1.190000,6152.00
"Kepler-1641 b","Kepler-1641",0.1473000000,19.67226600000,0.000000,9.85000000,3.11000000,1.120000,1.190000,6152.00
"Kepler-203 b","Kepler-203",0.0430000000,3.16269700000,0.000000,7.13000000,2.57000000,1.060000,1.114000,5821.00
"Kepler-152 b","Kepler-152",0.1240000000,18.20797300000,0.000000,8.20000000,2.79000000,0.779000,0.724000,5088.00
"OGLE-2015-BLG-0966L b","OGLE-2015-BLG-0966L",2.7000000000,,,21.00000000,4.86000000,0.380000,,
"MOA-2011-BLG-028L b","MOA-2011-BLG-028L",4.1400000000,,,30.00000000,5.99000000,0.750000,,
"OGLE-2018-BLG-0383L b","OGLE-2018-BLG-0383L",1.8000000000,,,6.40000000,2.41000000,0.100000,,
"Kepler-880 c","Kepler-880",0.1216000000,11.80617370000,0.000000,8.60000000,2.87000000,1.714000,2.599000,6900.00
"Kepler-608 b","Kepler-608",0.0685000000,6.41251503700,0.000000,12.90000000,3.64000000,1.000000,1.010000,5820.00
"Kepler-561 c","Kepler-561",0.0594700000,5.35016198300,0.000000,7.65000000,2.68000000,0.960000,0.940000,5646.00
"OGLE-2015-BLG-0051L b","OGLE-2015-BLG-0051L",0.7300000000,,,230.00000000,14.00000000,0.100000,,
"KMT-2021-BLG-0748L b","KMT-2021-BLG-0748L",2.4300000000,,,143.02278315,14.30000000,0.360000,,
"Kepler-1719 b","Kepler-1719",0.0686800000,6.14955997500,0.000000,14.80000000,3.95000623,1.080000,1.775000,5687.00
"Kepler-639 b","Kepler-639",0.0935800000,10.21420496000,0.000000,6.26000000,2.38000000,1.140000,1.290000,5896.00
"Kepler-171 b","Kepler-171",0.0500000000,4.16697200000,0.000000,6.08000000,2.34000000,0.978000,0.839000,5642.00
"KMT-2018-BLG-1990L b","KMT-2018-BLG-1990L",0.7630000000,,,111.00000000,12.90000000,0.094000,,
"Kepler-30 d","Kepler-30",0.5000000000,143.34394000000,0.022000,23.10000000,8.80000000,0.990000,0.950000,5498.00
"OGLE-2012-BLG-0026L c","OGLE-2012-BLG-0026L",4.8000000000,,,270.00000000,13.90000000,1.060000,,
"KMT-2016-BLG-1337L b","KMT-2016-BLG-1337L",3.9700000000,,,88.99195396,11.40000000,0.540000,,
"Kepler-695 b","Kepler-695",0.0374000000,3.04033042400,0.000000,62.30000000,9.21000000,0.840000,0.800000,5181.00
"Kepler-529 d","Kepler-529",0.2134000000,35.86619949000,0.000000,8.22000000,2.79502603,1.005000,1.189000,6078.00
"Kepler-1993 b","Kepler-1993",0.1943000000,26.65657370000,0.000000,16.10000000,4.15000000,1.373000,3.062000,5159.00
"Kepler-154 c","Kepler-154",0.3030000000,62.30327600000,0.000000,9.01000000,2.95000000,0.933000,1.001000,5690.00
"Kepler-967 c","Kepler-967",0.6253000000,198.71125020000,0.000000,12.90000000,3.65000000,0.840000,0.800000,5178.00
"Kepler-248 c","Kepler-248",0.1230000000,16.23949400000,0.000000,15.60000000,4.07000000,0.838000,0.831000,5190.00
"Kepler-648 b","Kepler-648",0.1332400000,17.42117490000,0.000000,10.50000000,3.22000000,1.050000,0.980000,5741.00
"OGLE-2017-BLG-0406L b","OGLE-2017-BLG-0406L",3.5000000000,,,130.00000000,14.20000000,0.560000,,
"OGLE-2018-BLG-0932L b","OGLE-2018-BLG-0932L",1.7500000000,,,282.86728223,13.90000000,0.720000,,
"OGLE-2017-BLG-0364L b","OGLE-2017-BLG-0364L",3.7900000000,,,75.80000000,10.30000000,0.490000,,
"Kepler-436 b","Kepler-436",0.3390000000,64.00205000000,0.190000,7.90000000,2.73000000,0.729000,0.697000,4651.00
"KOI-3503 c","KOI-3503",0.1868800000,31.82800000000,0.000000,10.36000000,1.21000000,0.858000,1.255000,6001.00
"Kepler-1491 c","Kepler-1491",0.3045000000,61.56976500000,0.000000,6.53000000,2.44000000,0.991000,1.389000,5626.00
"OGLE-2018-BLG-1269L b","OGLE-2018-BLG-1269L",4.5100000000,,,210.00000000,14.10000000,1.110000,,
"KMT-2023-BLG-2209L b","KMT-2023-BLG-2209L",3.5100000000,,,254.26272560,13.90000000,0.730000,,
"Kepler-1533 b","Kepler-1533",0.9341600000,308.54710000000,0.000000,11.80000000,3.46000000,1.310000,1.510000,6431.00
"Kepler-558 b","Kepler-558",0.1759000000,29.00790538000,0.000000,6.21000000,2.37000000,0.850000,0.810000,5242.00
"Kepler-177 c","Kepler-177",0.2565500000,49.40926000000,0.000000,14.70000000,8.73000000,0.921000,1.324000,5732.00
"OGLE-2014-BLG-1722L b","OGLE-2014-BLG-1722L",1.5000000000,,,55.30000000,8.59000000,0.400000,,
"Kepler-690 b","Kepler-690",0.0810000000,7.74809437400,0.000000,29.60000000,5.95000000,1.110000,1.160000,5913.00
"KMT-2025-BLG-1160L b","KMT-2025-BLG-1160L",2.5600000000,,,25.36000000,5.43000000,0.580000,,
"Kepler-188 c","Kepler-188",0.0660000000,5.99655300000,0.000000,10.30000000,3.19000000,1.021000,1.141000,6021.00
"Kepler-586 b","Kepler-586",0.0331000000,2.10472218400,0.000000,8.20000000,2.79000000,0.940000,0.920000,5575.00
"Kepler-245 d","Kepler-245",0.2020000000,36.27710800000,0.000000,21.60000000,3.03000000,0.856000,0.795000,5100.00
"OGLE-2014-BLG-0124L b","OGLE-2014-BLG-0124L",3.4800000000,,,206.58846455,14.10000000,0.900000,,
"Kepler-612 b","Kepler-612",0.0452000000,3.72215641300,0.000000,8.45000000,2.84000000,0.980000,0.960000,5693.00
"TOI-5573 b","TOI-5573",0.0712000000,8.79758977000,0.072000,112.00000000,9.75000000,0.619000,0.594000,3790.00
"Kepler-172 e","Kepler-172",0.2110000000,35.11873600000,0.000000,8.05000000,2.76000000,1.081000,1.085000,5526.00
"Kepler-694 b","Kepler-694",0.0659000000,6.36584161200,0.000000,8.25000000,2.80000000,0.970000,0.950000,5700.00
"K2-108 b","K2-108",0.0581000000,4.73399900000,0.180000,59.40000000,5.33000000,1.170000,1.760000,5599.00
"K2-179 b","K2-179",,5.17219100000,,6.86000000,2.51267885,0.824345,0.768067,5015.00
"Kepler-219 d","Kepler-219",0.2720000000,47.90364500000,0.000000,19.10000000,2.81000000,1.164000,1.491000,5786.00
"Kepler-50 b","Kepler-50",0.0770000000,7.81254000000,0.000000,8.90000000,1.71000000,1.240000,1.580000,6225.00
"Kepler-241 b","Kepler-241",0.0940000000,12.71809200000,0.000000,6.04000000,2.33000000,0.671000,0.668000,4699.00
"Kepler-1624 b","Kepler-1624",0.0327000000,3.29031400000,0.000000,35.30000000,6.59000000,0.541000,0.552000,3768.00
"K2-119 b","K2-119",0.0698000000,7.72728300000,0.070000,6.94000000,2.53000000,0.760000,0.710000,4740.00
"TOI-5319 b","TOI-5319",0.0506000000,4.07853000000,,8.40000000,2.83000000,0.500000,0.485000,3580.00
"K2-121 b","K2-121",0.0525000000,5.18573800000,0.220000,51.00000000,7.16000000,0.710000,0.675000,4526.00
"Kepler-279 e","Kepler-279",0.4390000000,98.35310000000,0.000000,56.00000000,4.13000000,1.164000,1.430000,6689.45
"Kepler-677 b","Kepler-677",0.0670000000,6.57531678000,0.000000,25.00000000,5.38000000,1.000000,0.990000,5723.00
"TOI-5344 b","TOI-5344",0.0404100000,3.79262200000,0.054000,130.94530368,10.60369574,0.612000,0.588000,3747.00
"Kepler-1811 b","Kepler-1811",0.3462000000,76.42230225000,0.000000,14.10000000,3.84829873,0.946000,1.190000,5561.00
"Kepler-481 b","Kepler-481",0.0892600000,10.06082567000,0.000000,6.80000000,2.50000000,1.010000,1.090000,5802.00
"Kepler-375 c","Kepler-375",0.1410000000,19.98632600000,0.000000,7.51000000,2.65000000,0.891000,0.837000,5826.00
"Kepler-113 c","Kepler-113",0.0779600000,8.92507000000,0.000000,8.70000000,2.18000000,0.750000,0.690000,4725.00
"Kepler-9 b","Kepler-9",0.1430000000,19.23891000000,0.060900,43.40000000,8.29000000,1.022000,0.958000,5774.00
"Kepler-175 b","Kepler-175",0.1050000000,11.90351500000,0.000000,7.08000000,2.56000000,0.969000,1.010000,6064.00
"Kepler-231 c","Kepler-231",0.1140000000,19.27156600000,0.000000,24.10000000,1.93000000,0.580000,0.490000,3767.00
"Kepler-150 c","Kepler-150",0.0730000000,7.38199800000,0.000000,13.20000000,3.69000000,0.956000,0.939000,5560.00
"Kepler-239 b","Kepler-239",0.0950000000,11.76305100000,0.000000,6.04000000,2.33000000,0.757000,0.763000,4914.00
"TOI-5380 b","TOI-5380",,3.77229247873,,11.90000000,3.48093238,1.343000,1.562100,6400.78
"Kepler-1022 b","Kepler-1022",0.0805000000,10.99469878000,0.000000,6.17000000,2.36000000,0.710000,0.680000,4445.00
"Kepler-1593 b","Kepler-1593",0.5549400000,174.50983500000,0.000000,10.20000000,3.17000000,0.810000,0.770000,4995.00
"Kepler-1453 b","Kepler-1453",0.2620000000,47.16116960000,0.000000,7.61000000,2.67000000,0.970000,0.940000,5665.00
"Kepler-1989 b","Kepler-1989",0.0918000000,10.16102352800,0.000000,19.30000000,4.62000000,0.999000,1.060000,6032.00
"Kepler-80 b","Kepler-80",0.0648000000,7.05246000000,0.004900,6.93000000,2.67000000,0.730000,0.678000,4540.00
"Kepler-1490 b","Kepler-1490",0.3729000000,92.43629730000,0.000000,9.48000000,3.04000000,0.900000,0.870000,5515.00
"Kepler-700 b","Kepler-700",0.3577000000,80.87206390000,0.000000,30.00000000,5.99000000,0.980000,0.960000,5692.00
"Kepler-53 b","Kepler-53",0.1361000000,18.64895250000,0.000000,111.00000000,2.89000000,0.980000,0.890000,5858.00
"Kepler-1518 b","Kepler-1518",0.0593000000,5.11177904000,0.000000,9.53000000,3.05000000,1.540000,1.880000,6846.00
"Kepler-1184 b","Kepler-1184",0.2863000000,53.59910440000,0.000000,7.65000000,2.68000000,1.050000,1.070000,5983.00
"K2-181 b","K2-181",0.0706000000,6.89410000000,0.400000,7.70000000,2.69000000,0.960000,1.060000,5528.00
"Kepler-240 c","Kepler-240",0.0740000000,7.95352800000,0.000000,102.30000000,2.20000000,0.868000,0.739000,4985.00
"K2-278 b","K2-278",0.0488000000,3.33496600000,,9.17000000,2.98000000,1.400000,1.610000,6747.00
"Kepler-1001 b","Kepler-1001",0.1114700000,14.30511983000,0.000000,10.10000000,3.15000000,0.900000,0.880000,5491.00
"Kepler-478 b","Kepler-478",0.1032000000,13.22175760000,0.000000,7.80000000,2.71000000,0.850000,0.800000,5210.00
"Kepler-692 b","Kepler-692",0.1495000000,21.81293494000,0.000000,9.85000000,3.11000000,0.900000,0.860000,5440.00
"K2-268 c","K2-268",0.0819000000,9.32752700000,,7.70000000,2.69000000,0.840000,0.780000,5106.00
"Kepler-23 c","Kepler-23",0.0950100000,10.74000000000,0.021000,7.81000000,3.00500000,1.078000,1.548000,5828.00
"Kepler-199 b","Kepler-199",0.1580000000,23.63760400000,0.000000,9.85000000,3.11000000,0.960000,0.967000,5644.00
"TOI-5502 b","TOI-5502",,11.62592988285,,15.90000000,4.12873780,1.244000,1.323750,6088.71
"Kepler-1170 b","Kepler-1170",0.0880000000,9.98969327000,0.000000,6.39000000,2.41000000,0.800000,0.760000,5069.00
"Kepler-549 c","Kepler-549",0.4533200000,117.04049800000,0.000000,8.91000000,2.93000000,0.880000,0.840000,5360.00
"Kepler-688 b","Kepler-688",0.0460000000,3.89593684400,0.000000,68.70000000,9.76000000,0.980000,0.960000,5715.00
"Kepler-1502 b","Kepler-1502",0.2482000000,41.70836290000,0.000000,10.20000000,3.18000000,1.440000,1.720000,6666.00
"Kepler-543 b","Kepler-543",0.1023000000,13.89961966000,0.000000,6.80000000,2.50000000,0.700000,0.670000,4671.00
"Kepler-693 b","Kepler-693",0.1121000000,15.37563332000,0.000000,73.80000000,10.18000000,0.760000,0.720000,4881.00
"Kepler-1999 b","Kepler-1999",0.0713000000,8.73967580000,0.000000,10.80000000,3.29000000,0.632000,0.628000,4406.00
"K2-198 b","K2-198",,17.04286830000,,16.30000000,4.18900000,0.799000,0.757000,5212.90
"Kepler-227 c","Kepler-227",0.2900000000,54.41869400000,0.000000,9.48000000,3.04000000,0.954000,1.091000,5854.00
"GJ 229 b","GJ 229",1.0860000000,579.47495000000,0.404000,14.93793513,3.97000000,0.509000,0.460000,3564.00
"GJ 180 c","GJ 180",0.1290000000,24.32900000000,0.090000,6.40000000,2.41000000,0.430000,0.413049,3371.00
"KIC 5479689 b","KIC 5479689",,1.70153100000,,158.91420350,14.20000000,0.966000,0.894000,5459.10
"Kepler-294 c","Kepler-294",0.0710000000,6.62640000000,0.000000,7.80000000,2.71000000,0.947000,0.976000,5913.00
"TOI-4311 c","TOI-4311",0.1116000000,15.07042500000,0.220000,13.58000000,2.47000000,0.816000,0.844100,5063.00
"WASP-118 b","WASP-118",0.0545300000,4.04604350000,0.000000,163.36462000,16.14096000,1.320000,1.696000,6410.00
"GJ 422 b","GJ 422",0.1110000000,20.12900000000,0.110000,11.07000000,3.33000000,0.350000,0.370328,3323.00
"GJ 414 A c","GJ 414 A",1.4000000000,749.83000000000,0.105000,53.83000000,8.40000000,0.650000,0.680000,4120.00
"WASP-195 b","WASP-195",0.0630000000,5.05192800000,0.000000,33.05415433,10.31226224,1.300000,1.578000,6300.00
"Wolf 503 b","Wolf 503",0.0570600000,6.00127000000,0.410000,6.26000000,2.04300000,0.688000,0.689000,4716.00
"WASP-183 b","WASP-183",0.0463200000,4.11177710000,,159.55066000,16.47723000,0.784000,0.871000,5313.00
"Kepler-1747 b","Kepler-1747",0.0660000000,6.23031997700,0.000000,16.80000000,4.26508000,0.983000,0.865000,5477.00
"NGTS-16 b","NGTS-16",0.0523000000,4.84532000000,0.000000,211.99154747,14.57167491,1.002000,1.213000,5550.00
"Kepler-275 b","Kepler-275",0.0980000000,10.30068200000,0.000000,6.08000000,2.34000000,1.189000,1.383000,6165.00
"Qatar-10 b","Qatar-10",0.0286000000,1.64532100000,0.000000,233.92288000,17.29548700,1.156000,1.254000,6124.00
"GJ 720 A b","GJ 720 A",0.1190000000,19.46600000000,0.120000,13.64000000,3.77000000,0.570000,0.560000,3837.00
"K2-389 b","K2-389",,8.58289000000,,6.04000000,2.33000000,0.990000,1.094000,5773.00
"Kepler-176 b","Kepler-176",0.0580000000,5.43307400000,0.000000,290.53700000,1.43000000,0.860000,0.891000,5232.00
"TOI-216.01","TOI-216",0.2069000000,34.52552800000,0.004600,177.98390792,10.10000000,0.770000,0.748000,5026.00
"TOI-1259 A b","TOI-1259 A",0.0408000000,3.47797920000,0.000000,141.00000000,11.60000000,0.746000,0.715000,4775.00
"Kepler-107 e","Kepler-107",0.1263800000,14.74914300000,0.100000,14.10000000,2.90300000,1.238000,1.447000,5854.00
"Kepler-450 c","Kepler-450",0.1335100000,15.41313500000,0.020000,12.50000000,2.62000000,1.190000,1.641620,6197.21
"HD 1605 b","HD 1605",1.4920000000,577.20000000000,0.095000,296.85322000,13.80000000,1.330000,3.490000,4915.00
"HD 210193 b","HD 210193",1.4870000000,649.91800000000,0.240000,153.10000000,14.30000000,1.040000,1.059710,5790.00
"TOI-4145 A b","TOI-4145 A",0.0482300000,4.06644280000,0.000000,136.66621501,13.30506009,0.905000,0.859000,5281.00
"Kepler-1663 b","Kepler-1663",0.1072000000,17.60460000000,0.000000,10.90000000,3.30395896,0.610816,0.628590,3844.00
"K2-291 b","K2-291",0.0326100000,2.22517700000,0.000000,6.49000000,1.58900000,0.934000,0.899000,5520.00
"HD 39855 b","HD 39855",0.0410000000,3.24980000000,0.140000,8.50000000,2.85000000,0.870000,0.744665,5576.00
"K2-38 c","K2-38",0.0951400000,10.56103000000,0.161000,8.30000000,2.29000000,1.030000,1.060000,5731.00
"K2-292 b","K2-292",0.1300000000,16.98410000000,0.040000,24.50000000,2.63000000,1.000000,1.090000,5725.00
"GJ 4276 b","GJ 4276",0.0820000000,13.35200000000,0.370000,16.57000000,4.22000000,0.406000,0.407000,3387.00
"HD 102843 b","HD 102843",4.0740000000,3090.94200000000,0.110000,113.90000000,13.10000000,0.950000,0.961488,5436.00
"K2-395 c","K2-395",,8.49128200000,,11.40000000,3.39500000,0.952000,0.783000,5007.00
"TOI-4406 b","TOI-4406",0.2010000000,30.08364000000,0.150000,95.34852210,11.20898070,1.190000,1.290000,6219.00
"Kepler-149 d","Kepler-149",0.5710000000,160.01803200000,0.000000,14.90000000,3.96000000,1.013000,0.953000,5381.00
"TOI-4405 b","TOI-4405",,5.92143995316,,7.06000000,2.55505441,0.680000,0.687025,4467.38
"HD 20781 d","HD 20781",0.1647000000,29.15800000000,0.110000,10.61000000,3.25000000,0.700000,0.833609,5256.00
"HAT-P-63 b","HAT-P-63",0.0429400000,3.37772800000,0.069000,195.14664190,12.54284940,0.925000,0.966100,5400.00
"TOI-3862 b","TOI-3862",0.0253900000,1.55745774000,0.023200,53.70000000,5.53000000,0.900000,0.920000,5300.00
"Kepler-284 c","Kepler-284",0.2130000000,37.51445600000,0.000000,7.32000000,2.61000000,0.766000,0.814000,5615.00
"TOI-4662 b","TOI-4662",,4.70343764575,,8.65000000,2.87998299,0.703000,0.693750,4520.41
"NGC 2682 YBP 401 b","NGC 2682 YBP 401",,4.08700000000,0.150000,146.20180000,14.30000000,1.140000,1.215821,6165.00
"WASP-142 b","WASP-142",0.0347000000,2.05286800000,0.000000,266.97720000,17.14977000,1.330000,1.640000,6010.00
"TOI-1789 b","TOI-1789",0.0488200000,3.20866400000,,222.47988490,16.14093221,1.507000,2.168000,5991.00
"HD 35843 c","HD 35843",0.2500000000,46.96220000000,0.153000,11.32000000,2.54000000,0.940000,0.897000,5666.00
"TOI-4666 b","TOI-4666",0.0340000000,2.90891650000,0.023000,155.41809102,12.53164042,0.576000,0.585000,3793.00
"BD+20 594 b","BD+20 594",0.2410000000,41.68550000000,0.000000,22.24810000,2.57807000,1.670000,1.080000,5766.00
"Kepler-19 d","Kepler-19",,62.95000000000,0.050000,22.50000000,5.06000000,0.936000,0.859000,5544.00
"GJ 143 b","GJ 143",0.1915000000,35.61253000000,0.188000,22.70000000,2.61000000,0.730000,0.695000,4640.00
"WASP-182 b","WASP-182",0.0451000000,3.37698480000,0.000000,47.03884000,9.52765000,1.076000,1.340000,5638.00
"HD 107148 c","HD 107148",0.1407000000,18.32670000000,0.340000,19.89605828,4.70000000,1.105215,1.169193,5752.92
"Kepler-94 b","Kepler-94",0.0337700000,2.50806000000,0.000000,10.84000000,3.51000000,0.810000,0.760000,4781.00
"TOI-4463 A b","TOI-4463 A",0.0403600000,2.88071980000,0.000000,252.35575516,13.26022417,1.056000,1.062000,5640.00
"HATS-9 b","HATS-9",0.0312000000,1.91529100000,0.075000,266.02371000,13.85000000,1.100000,1.560000,5599.00
"Kepler-839 b","Kepler-839",0.2316000000,37.81445140000,0.000000,7.13000000,2.57000000,1.220000,1.310000,6058.00
"TOI-3912 b","TOI-3912",0.0463000000,3.49362640000,0.000000,129.03833324,14.28024141,1.088000,1.392000,5725.00
"K2-251 b","K2-251",0.0694000000,9.30075000000,,6.12000000,2.35000000,0.520000,0.490000,3717.00
"GJ 3512 b","GJ 3512",0.3376000000,203.10900000000,0.427900,146.51889563,14.30000000,0.123000,0.139000,3141.00
"WASP-74 b","WASP-74",0.0344300000,2.13775000000,0.000000,228.83760000,15.24424000,0.980000,1.420000,5990.00
"HD 168009 b","HD 168009",0.1192000000,15.14790000000,0.120000,9.53485221,3.05000000,0.986073,1.209505,5778.33
"HD 164922 e","HD 164922",0.2292000000,41.76300000000,0.086000,10.52012027,3.23000000,0.921146,1.001813,5393.43
"TOI-3980 b","TOI-3980",0.0494000000,3.60892540000,0.160000,187.51876013,14.45958510,1.240000,1.626000,5840.00
"Kepler-84 c","Kepler-84",0.1072000000,12.88300000000,0.000000,20.20000000,2.36000000,1.000000,1.430000,6039.00
"TOI-4507 b","TOI-4507",0.4560000000,104.61611000000,0.090000,20.00000000,8.20000000,1.110000,1.040000,6260.00
"TOI-5160 b","TOI-5160",,4.28077325600,,6.33000000,2.39729851,1.003000,1.033150,5622.14
"GJ 160.2 b","GJ 160.2",0.0530000000,5.23540000000,0.060000,10.20000000,3.17000000,0.690000,0.655173,4347.00
"Kepler-304 b","Kepler-304",0.0390000000,3.29570900000,0.000000,8.55000000,2.86000000,0.737000,0.687000,4731.00
"Kepler-1724 b","Kepler-1724",0.0683000000,6.45442009000,0.000000,8.43000000,2.83677238,1.016000,0.943000,6092.00
"Kepler-551 b","Kepler-551",0.0893000000,12.37646610000,0.000000,7.90000000,2.73000000,0.650000,0.630000,4286.00
"K2-44 b","K2-44",0.0600000000,5.65700000000,,6.50000000,2.43300000,1.150000,1.580000,5912.00
"K2-27 b","K2-27",0.0670200000,6.77134700000,0.251000,30.20000000,4.74000000,0.880000,0.876000,5246.00
"K2-378 b","K2-378",,2.06043800000,,8.65000000,2.88000000,0.923000,0.732000,4823.00
"K2-193 b","K2-193",0.1184000000,14.78688900000,,14.80000000,3.95000000,1.010000,0.980000,5817.00
"Kepler-228 d","Kepler-228",0.1010000000,11.09428600000,0.000000,15.40000000,4.04000000,1.006000,1.014000,6043.00
"Kepler-565 b","Kepler-565",0.0501000000,4.24374722600,0.000000,12.90000000,3.64000000,0.980000,0.950000,5735.00
"Kepler-1720 b","Kepler-1720",0.1043000000,12.70639992000,0.000000,10.40000000,3.21585295,0.939000,0.839000,5573.00
"OGLE-2016-BLG-0261L b","OGLE-2016-BLG-0261L",0.7200000000,,,66.74396547,9.60000000,0.072000,,
"HD 2039 b","HD 2039",2.2000000000,1120.00000000000,0.710000,1999.15070000,12.70000000,1.230000,1.190000,5945.00
"HAT-P-8 b","HAT-P-8",0.0449600000,3.07634000000,0.000000,406.82240000,15.69260000,1.270000,1.570000,6200.00
"WASP-32 b","WASP-32",0.0394000000,2.71866000000,0.000000,835.89290000,10.76064000,0.720000,0.950000,6140.00
"WASP-24 b","WASP-24",0.0365100000,2.34121000000,0.000000,394.10920000,15.46842000,1.430000,1.420000,6075.00
"TrES-2 b","TrES-2",0.0356800000,2.47063000000,0.000000,473.56670000,15.24424000,1.360000,1.120000,5850.00
"Kepler-203 c","Kepler-203",0.0610000000,5.37064700000,0.000000,749.90000000,2.47000000,1.060000,1.114000,5821.00
"OGLE-TR-182 b","OGLE-TR-182",0.0510000000,3.97910000000,0.000000,320.99500000,12.66600000,1.140000,1.140000,5924.00
"GJ 3021 b","GJ 3021",0.4900000000,133.71000000000,0.511000,1071.04000000,13.10000000,0.900000,0.900000,5540.00
"HD 221287 b","HD 221287",1.2500000000,456.10000000000,0.080000,982.05000000,13.10000000,1.250000,1.138640,6304.00
"HD 47536 b","HD 47536",1.9300000000,712.13000000000,0.200000,2330.00000000,12.60000000,2.100000,23.470000,4380.00
"HD 188015 b","HD 188015",1.2030000000,461.20000000000,0.137000,476.72000000,13.60000000,1.090000,1.125296,5746.00
"HD 27442 b","HD 27442",1.2710000000,428.10000000000,0.060000,495.80000000,13.50000000,1.230000,3.180000,4846.00
"HAT-P-2 b","HAT-P-2",0.0681400000,5.63351580000,0.517200,2866.81223114,10.65975900,1.330000,1.390000,6380.00
"HD 149143 b","HD 149143",0.0530000000,4.07182000000,0.016700,422.71390000,13.60000000,1.200000,1.440000,5856.00
"HD 231701 b","HD 231701",0.5670000000,141.63000000000,0.130000,359.14790000,13.70000000,1.210000,1.530000,6101.00
"HIP 14810 b","HIP 14810",0.0696000000,6.67389200000,0.143990,1239.53700000,13.00000000,1.010000,1.070000,5544.00
"HD 37605 c","HD 37605",3.7400000000,2720.00000000000,0.030000,1013.87770000,13.10000000,0.940000,0.910000,5329.00
"HD 1605 c","HD 1605",3.5840000000,2149.00000000000,0.099000,1150.54460000,13.00000000,1.330000,3.490000,4915.00
"HD 55696 b","HD 55696",3.1800000000,1827.00000000000,0.705000,1357.12729789,12.90000000,1.290000,1.520000,6012.00
"HD 148164 c","HD 148164",6.1500000000,5062.00000000000,0.125000,1640.00280000,12.80000000,1.210000,1.340000,6032.00
"OGLE-TR-211 b","OGLE-TR-211",0.0510000000,3.67724000000,0.000000,327.35100000,15.24400000,1.330000,1.640000,6325.00
"2MASS J04414489+2301513 b","2MASS J04414489+2301513",15.0000000000,,,2383.60000000,12.60000000,0.019000,0.231916,2936.00
"CoRoT-10 b","CoRoT-10",0.1055000000,13.24060000000,0.530000,874.00000000,10.87000000,0.890000,0.790000,5075.00
"CoRoT-13 b","CoRoT-13",0.0510000000,4.03519000000,0.000000,415.70400000,9.92000000,1.090000,1.010000,5945.00
"HD 205739 b","HD 205739",0.8960000000,279.80000000000,0.270000,435.41000000,13.60000000,1.220000,1.330000,6176.00
"CoRoT-3 b","CoRoT-3",0.0578300000,4.25680000000,0.000000,6883.91000000,11.32000000,1.370000,1.560000,6740.00
"AB Pic b","AB Pic",260.0000000000,,,4290.50000000,12.30000000,0.900000,0.999394,5285.00
"HIP 79431 b","HIP 79431",0.3600000000,111.70000000000,0.290000,667.41500000,13.40000000,0.490000,0.478625,3191.00
"24 Sex b","24 Sex",1.3330000000,452.80000000000,0.090000,632.46000000,13.40000000,1.540000,4.900000,5098.00
"WASP-37 b","WASP-37",0.0446000000,3.57746900000,0.000000,572.07000000,13.00200000,0.925000,1.003000,5800.00
"ups And d","ups And",2.5132900000,1276.46000000000,0.298700,3257.74117175,12.50000000,1.300000,1.560000,6156.77
"OGLE-2018-BLG-1011L b","OGLE-2018-BLG-1011L",1.8000000000,,,570.00000000,13.50000000,0.180000,,
"WASP-61 b","WASP-61",0.0521000000,3.85590000000,0.000000,851.78440000,15.80469000,1.820000,1.550000,6250.00
"OGLE-2019-BLG-0954L b","OGLE-2019-BLG-0954L",2.6500000000,,,4513.16337940,12.30000000,0.800000,,
"WASP-130 b","WASP-130",0.1012000000,11.55098000000,0.000000,390.93090000,9.97601000,1.040000,0.960000,5625.00
"OGLE-2017-BLG-1049L b","OGLE-2017-BLG-1049L",3.9200000000,,,1760.00000000,12.80000000,0.550000,,
"OGLE-2019-BLG-0362L b","OGLE-2019-BLG-0362L",2.1800000000,,,1036.12060682,13.10000000,0.420000,,
"WASP-53 c","WASP-53",3.7300000000,2840.00000000000,0.836900,5196.52050000,,0.839000,0.798000,4953.00
"KMT-2023-BLG-1743L b","KMT-2023-BLG-1743L",1.1600000000,,,6356.56814000,12.10000000,0.110000,,
"OGLE-2017-BLG-1275L b","OGLE-2017-BLG-1275L",2.0900000000,,,1875.18760130,12.80000000,0.630000,,
"HD 160691 b","HD 160691",1.5000000000,645.00000000000,0.050500,1366.66215010,,1.130000,1.330000,5773.00
"KMT-2016-BLG-2364L b","KMT-2016-BLG-2364L",2.6300000000,,,1250.00000000,13.00000000,0.500000,,
"KMT-2018-BLG-0885L b","KMT-2018-BLG-0885L",1.0700000000,,,9217.02380300,11.90000000,0.290000,,
"KMT-2016-BLG-2321L b","KMT-2016-BLG-2321L",3.5800000000,,,301.93698665,13.80000000,0.730000,,
"HD 39091 b","HD 39091",3.2800000000,2088.80000000000,0.642000,4481.38053870,12.30000000,1.070000,1.170000,5998.00
"HD 50554 b","HD 50554",2.3390000000,1240.00000000000,0.482000,1859.29618095,12.80000000,1.100000,1.020000,6050.00
"HD 73267 c","HD 73267",12.6880000000,17071.78045000000,0.089000,1630.77755632,12.80000000,0.930000,0.909000,5387.00
"KOI-12 b","KOI-12",0.1540000000,17.85518200000,0.340000,349.61300000,13.78707000,1.500000,1.400000,6635.00
"HD 29985 b","HD 29985",13.3900000000,20608.14049000000,0.261000,1739.47487151,12.80000000,0.750000,0.574666,4678.00
"HD 165155 b","HD 165155",1.1300000000,434.50000000000,0.200000,918.52870000,13.20000000,1.020000,0.950000,5426.00
"Qatar-5 b","Qatar-5",0.0412700000,2.87923190000,0.000000,1373.02560000,12.40836300,1.128000,1.076000,5747.00
"HD 128717 b","HD 128717",4.8500000000,3420.00000000000,0.850000,6293.00245860,12.10000000,1.212000,1.248000,6210.00
"TOI-4492 b","TOI-4492",0.0535000000,4.43318240000,,1881.54416944,11.78063872,1.067000,1.222000,5711.00
"TOI-1107 b","TOI-1107",0.0561000000,4.07823870000,0.025000,1064.72516345,14.57167491,1.350000,1.810000,6311.00
"KOI-319 c","KOI-319",,80.09900000000,0.032000,8803.84687390,11.90000000,1.325000,2.064000,5880.00
"OGLE-2014-BLG-0676L b","OGLE-2014-BLG-0676L",2.0400000000,,,988.44634577,13.10000000,0.600000,,
"HATS-64 b","HATS-64",0.0656200000,4.90889700000,0.151000,305.11680000,18.81991100,1.564000,2.113000,6554.00
"HD 206893 c","HD 206893",3.7400000000,2290.00000000000,0.283000,3527.89531770,16.36511182,1.310000,1.311160,6500.00
"HD 153950 b","HD 153950",1.2800000000,499.39999000000,0.340000,937.59850000,13.20000000,1.250000,1.280000,6124.00
"CoRoT-11 b","CoRoT-11",0.0436000000,2.99433000000,0.000000,740.51000000,16.03000000,1.270000,1.370000,6440.00
"55 Cnc d","55 Cnc",5.6000000000,4799.00000000000,0.091300,1232.49300000,13.00000000,1.015000,0.980000,5198.00
"HAT-P-13 c","HAT-P-13",1.2580000000,446.27000000000,0.661600,4538.42100000,12.30000000,1.320000,1.756000,5653.00
"HAT-P-14 b","HAT-P-14",0.0596000000,4.62767000000,0.110000,1093.33520000,15.91678000,2.650000,1.820000,6600.00
"HAT-P-17 c","HAT-P-17",5.6000000000,5584.00000000000,0.390000,1080.60000000,13.10000000,0.920000,0.838682,5336.96
"HD 189733 b","HD 189733",0.0312600000,2.21857567000,0.000000,359.14790000,12.66617000,0.790000,0.750000,5052.00
"HD 80606 b","HD 80606",0.4603000000,111.43676500000,0.931830,1323.46926959,11.56766808,1.050000,1.050000,5565.00
"WASP-12 b","WASP-12",0.0234000000,1.09141890100,0.044700,467.21010000,22.02564708,1.325000,1.690000,6265.00
"WASP-18 b","WASP-18",0.0202400000,0.94145223000,0.005100,3241.84975140,13.89913607,1.294000,1.319000,6432.00
"WASP-19 b","WASP-19",0.0165200000,0.78883852000,0.012600,366.77398168,15.86070769,0.965000,1.006000,5616.00
"WASP-43 b","WASP-43",0.0142000000,0.81347500000,0.000000,565.71400000,10.42400000,0.580000,0.600000,4400.00
"WASP-47 b","WASP-47",0.0520000000,4.15915100000,0.000600,374.00000000,12.86000000,1.058000,1.156000,5565.00
"WASP-77 A b","WASP-77 A",0.0232336330,1.36002939500,0.013530,529.31142902,13.56000000,0.903000,0.910000,5617.00
"WASP-103 b","WASP-103",0.0198500000,0.92554200000,0.000000,473.54700000,17.12700000,1.220000,1.436000,6110.00
"KELT-7 b","KELT-7",0.0441500000,2.73477000000,0.000000,441.78370000,17.93440000,1.760000,1.810000,6768.00
"K2-22 b","K2-22",0.0090000000,0.38107300000,0.190000,444.96200000,2.30000000,0.595292,0.580000,3879.00
"WASP-47 c","WASP-47",1.3930000000,589.57000000000,0.264000,447.00000000,,1.058000,1.156000,5565.00
"K2-34 b","K2-34",0.0442000000,2.99563480000,0.000000,539.67534000,13.75000000,1.160000,1.420000,6168.00
"WASP-121 b","WASP-121",0.0257100000,1.27492504000,0.008500,371.85923619,19.52604438,1.330000,1.461000,6628.00
"KELT-9 b","KELT-9",0.0336800000,1.48112350000,0.000000,915.34581216,21.70058664,2.320000,2.418000,9270.00
"KELT-20 b","KELT-20",0.0542000000,3.47410850000,0.000000,1074.90106000,19.51486900,1.760000,1.565000,8720.00
"HAT-P-11 c","HAT-P-11",4.1000000000,3361.00000000000,0.652000,851.78013076,13.20000000,0.811000,0.683000,4653.00
"WASP-164 b","WASP-164",0.0281800000,1.77712550000,0.000000,676.97790000,12.64375200,0.946000,0.932000,5806.00
"WASP-178 b","WASP-178",0.0558000000,3.34482850000,0.000000,527.59780000,20.28829000,2.070000,1.670000,9360.00
"NGTS-10 b","NGTS-10",0.0143000000,0.76689440000,0.000000,687.14846000,13.89913607,0.696000,0.700000,4567.00
"TOI-1130 c","TOI-1130",0.0731000000,8.35018980000,0.039800,336.00000000,13.00000000,0.745000,0.697000,4360.00
"TOI-677 b","TOI-677",0.1041000000,11.23659850000,0.460000,392.20025424,13.11450742,1.181000,1.280000,6295.00
"WD 1856+534 b","WD 1856+534",0.0204000000,1.40794050000,0.000000,4386.05400000,10.40000000,0.518000,0.013100,4710.00
"TOI-2109 b","TOI-2109",0.0179100000,0.67247414000,,1595.49860314,15.09849700,1.453000,1.698000,6540.00
"WASP-189 b","WASP-189",0.0505300000,2.72403300000,0.000000,632.47852993,18.14733975,2.030000,2.360000,8000.00
"Kepler-167 e","Kepler-167",1.8830000000,1071.23205000000,0.290000,321.00669107,10.16000000,0.777000,0.749000,4884.00
"TOI-5205 b","TOI-5205",0.0199000000,1.63075700000,0.020000,343.00000000,11.60000000,0.392000,0.394000,3430.00
"TOI-4010 e","TOI-4010",1.5700000000,762.00000000000,0.260000,692.00000000,13.30000000,0.880000,0.830000,4960.00
"K2-33 b","K2-33",0.0409000000,5.42486500000,0.000000,1175.97100000,5.04000000,0.560000,1.050000,3540.00
"HATS-18 b","HATS-18",0.0174000000,0.83784000000,0.166000,629.14448500,14.89676100,1.037000,1.020000,5600.00
"HR 2562 b","HR 2562",22.2000000000,,0.340000,6992.22495400,12.44199000,1.300000,1.334000,6597.00
"Kepler-419 c","Kepler-419",1.6800000000,675.47000000000,0.184000,2320.10000000,12.60000000,1.390000,1.740000,6430.00
"2MASS J22362452+4751425 b","2MASS J22362452+4751425",230.0000000000,,,3972.87500000,12.30000000,0.600000,0.641152,4045.00
"XO-5 b","XO-5",0.0515000000,4.18775580000,0.000000,378.20000000,12.78000000,1.040000,1.130000,5430.00
"HD 106270 b","HD 106270",3.3400000000,1888.00000000000,0.185000,3623.24383980,12.40000000,1.390000,2.660000,5509.00
"HD 75898 c","HD 75898",7.3900000000,6717.00000000000,0.080000,2698.36317543,12.60000000,1.295000,1.550000,6122.00
"GJ 328 b","GJ 328",4.1100000000,3771.00000000000,0.227000,797.74930157,13.30000000,0.650000,0.630000,3897.00
"HD 50499 c","HD 50499",9.0200000000,8619.90000000000,0.000000,931.24190000,13.20000000,1.310000,1.420000,6099.00
"HD 98219 b","HD 98219",1.2600000000,433.80000000000,0.079000,624.21812000,13.40000000,1.410000,4.600000,4925.00
"USco1556 b","USco1556 A",3500.0000000000,,,4767.45000000,12.30000000,0.330000,0.668108,3410.00
"NY Vir b","NY Vir",3.3000000000,3160.00000000000,0.150000,730.97800000,13.30000000,0.459000,0.151000,32780.00
"TOI-4137 b","TOI-4137",0.0522200000,3.80161220000,0.000000,457.67290608,13.57407563,1.313000,1.438000,6202.00
"HD 125390 b","HD 125390",3.4960000000,1757.39151000000,0.597000,8646.20398403,11.90000000,1.820000,6.470000,4882.00
"TOI-3807 b","TOI-3807",0.0421000000,2.89897270000,0.000000,330.54154328,18.49481816,1.181000,1.468000,5772.00
"GSC 06214-00210 b","GSC 06214-00210",320.0000000000,,,5000.00000000,20.17620000,0.900000,0.904840,4200.00
"HD 89839 b","HD 89839",4.7130000000,3391.20000000000,0.185000,1748.05623850,12.80000000,1.210000,1.285880,6314.00
"KELT-16 b","KELT-16",0.0204400000,0.96899510000,0.000000,874.03250000,15.86073500,1.211000,1.360000,6236.00
"HD 180902 b","HD 180902",1.4000000000,510.90000000000,0.107000,535.54355000,13.50000000,1.410000,4.160000,4961.00
"KOINTREAU-1 b","XEST 17-036",690.0000000000,,,3368.98111420,12.40000000,0.260000,,3551.00
"HD 196050 b","HD 196050",2.6500000000,1392.00000000000,0.200000,1493.79351290,12.90000000,1.270000,1.420000,5879.00
"HD 120084 b","HD 120084",4.2100000000,2142.00000000000,0.483000,2034.10180480,12.70000000,2.160000,10.370000,4879.00
"TOI-2384 b","TOI-2384",0.0279300000,2.13570304000,0.000000,624.85064816,11.48920522,0.635000,0.611300,3943.00
"Kepler-82 d","Kepler-82",0.0340000000,2.38296100000,0.000000,885.09800000,1.77000000,0.946000,0.945000,5428.00
"HD 219077 b","HD 219077",5.9350000000,5478.68861000000,0.768000,3057.50927534,12.50000000,0.920000,1.910000,5362.00
"HD 75784 b","HD 75784",1.0320000000,341.20000000000,0.097000,317.83000000,13.80000000,1.260000,3.400000,4867.00
"TOI-2989 b","TOI-2989",0.0384000000,3.12283200000,0.000000,953.48522100,12.55405838,0.770000,0.760000,4672.00
"HD 20782 b","HD 20782",1.3649000000,597.06430000000,0.950000,472.83000000,13.60000000,1.040000,1.126810,5782.13
"HD 135625 b","HD 135625",5.4000000000,4055.00000000000,0.160000,731.00533610,13.30000000,1.280000,1.357430,6040.64
"HD 457 b","HD 457",15.3690000000,20324.58153000000,0.565000,8445.33643080,11.90000000,1.150000,1.281940,6114.04
"HD 112640 b","HD 112640",1.7000000000,613.20000000000,0.240000,1589.15000000,12.90000000,1.800000,39.000000,4155.00
"Kepler-1647 b","Kepler-1647",2.7205000000,1107.59230000000,0.058100,483.00000000,11.87390000,1.220700,1.790300,6210.00
"HD 196067 b","HD 196067",4.7100000000,3413.70000000000,0.562920,3623.24383980,12.40000000,1.160000,1.710000,6072.00
"HD 176986 c","HD 176986",0.1187300000,16.81240000000,0.111000,2097.98531461,,0.789000,0.782000,4931.00
"HD 72490 b","HD 72490",1.8800000000,858.00000000000,0.124000,561.92344000,13.50000000,1.210000,4.960000,4934.00
"HD 12661 c","HD 12661",2.8145000000,1708.00000000000,0.031000,899.45439181,13.20000000,1.020000,1.110000,5748.00
"HD 14787 b","HD 14787",1.7000000000,676.60000000000,0.155000,356.28743000,13.70000000,1.430000,5.010000,4946.00
"WASP-106 b","WASP-106",0.0901000000,9.28969000000,0.023000,613.40882551,12.10569916,1.175000,1.470000,6002.00
"kap And b","kap And",55.0000000000,,,5498.43144110,15.91675259,2.768000,2.109000,11327.00
"HD 215152 e","HD 215152",0.1541700000,25.19670000000,0.000000,975.41538108,,0.770000,0.730000,4935.00
"HD 73526 b","HD 73526",0.6500000000,188.30000000000,0.190000,978.91640000,13.10000000,1.140000,1.530000,5601.00
"TOI-375 c","TOI-375",0.5240000000,115.50000000000,,669.34662514,13.40000000,1.441000,2.900000,5259.90
"HD 102329 b","HD 102329",1.8100000000,778.09998000000,0.210000,2593.49280000,12.60000000,3.210000,9.820000,4745.00
"HIP 114933 b","HIP 114933",2.8400000000,1481.60000000000,0.210000,616.58710958,13.40000000,1.390000,5.270000,4823.00
"HD 185283 b","HD 185283",4.6000000000,4060.00000000000,0.070000,413.17692910,13.60000000,0.800000,0.743303,4848.00
"HD 65216 b","HD 65216",1.3010000000,577.60000000000,0.270000,411.58985000,13.60000000,0.874000,0.880000,5612.00
"NGTS-30 b","NGTS-30",0.4080000000,98.29838000000,0.294000,305.11527072,10.40193409,0.940000,0.913000,5455.00
"NGTS-21 b","NGTS-21",0.0236000000,1.54338970000,0.000000,750.07504052,14.90794433,0.720000,0.860000,4660.00
"HD 88133 b","HD 88133",0.0479000000,3.41488400000,0.031000,324.18660000,13.80000000,1.260000,2.200000,5392.00
"WISPIT 2 c","WISPIT 2",14.0000000000,,,3178.28407000,17.93436912,1.080000,1.300000,4530.00
"HD 142415 b","HD 142415",1.0600000000,386.29999000000,0.500000,530.77610000,13.50000000,1.070000,1.040000,5940.00
"WASP-167 b","WASP-167",0.0365000000,2.02195960000,,2542.64000000,17.71022000,1.590000,1.790000,7000.00
"HATS-4 b","HATS-4",0.0362000000,2.51672900000,0.013000,420.47100000,11.43300000,1.001000,0.925000,5403.00
"HIP 81991 b","HIP 81991",6.4000000000,5860.00000000000,,3019.36986650,12.50000000,1.090000,2.821110,5100.00
"TOI-892 b","TOI-892",0.0920000000,10.62656000000,0.125000,301.93850000,11.99363000,1.280000,1.390000,6261.00
"TOI-2005 b","TOI-2005",0.1600000000,17.30590400000,0.597000,2034.10180480,11.99360935,1.590000,2.020000,7130.00
"TOI-7394 B b","TOI-7394 B",0.0191300000,1.25299500000,0.027100,668.74000000,11.50000000,0.624000,0.609000,3717.00
"HD 112300 b","HD 112300",1.3300000000,466.63000000000,0.360000,5031.22368281,12.20000000,1.400000,65.800000,3657.00
"HD 128311 b","HD 128311",1.0840000000,453.01900000000,0.303000,562.24127000,13.50000000,0.828000,0.760000,4965.00
"MOA-2020-BLG-108L b","MOA-2020-BLG-108L",3.6900000000,,,3391.22910269,12.40000000,0.580000,,
"TOI-1221 b","TOI-1221",0.3870000000,91.68278000000,0.210000,1112.39942450,2.91000000,0.930000,1.031000,5592.00
"HIP 75092 b","HIP 75092",2.0200000000,926.40000000000,0.420000,568.91284853,13.50000000,1.280000,4.530000,4891.00
"HD 73256 c","HD 73256",3.8000000000,2690.00000000000,0.160000,5085.25451200,12.20000000,1.000000,0.944723,5570.00
"GJ 463 b","GJ 463",3.5300000000,3459.00000000000,0.146000,1080.61658380,13.10000000,0.486000,0.483000,3563.00
"HD 222582 b","HD 222582",1.3400000000,572.38000000000,0.730000,2660.23710000,12.60000000,1.120000,1.130000,5790.00
"WASP-170 b","WASP-170",0.0337000000,2.34478022000,,508.52800000,12.28506400,0.930000,0.938000,5600.00
"HD 25723 b","HD 25723",1.4900000000,457.01000000000,0.040000,794.57101750,13.30000000,2.120000,13.760000,4766.00
"HATS-61 b","HATS-61",0.0790800000,7.81795300000,0.092000,1080.62200000,13.39475500,1.076000,1.664000,5542.00
"TIC 9344899 b","TIC 9344899",0.0815000000,8.58215660000,0.029000,6170.00000000,9.16000000,0.980000,1.060000,5800.00
"WASP-194 b","WASP-194",0.0470000000,3.18338700000,0.000000,373.13054982,15.47960235,1.290000,1.409000,6405.00
"TOI-3523 A b","TOI-3523 A",0.0355900000,2.30458952000,0.047000,435.42491759,15.97279750,1.131000,1.448000,6450.00
"HD 114082 b","HD 114082",0.7910000000,225.55040000000,0.000000,508.52545120,11.72459381,1.280000,1.482000,6610.00
"Kepler-433 b","Kepler-433",0.0679000000,5.33408384000,0.119000,896.24000000,16.25000000,1.460000,2.260000,6360.00
"HD 87816 c","HD 87816",10.1400000000,7596.00000000000,0.190000,3877.50656540,12.40000000,2.410000,9.000000,4989.00
"NGTS-31 b","NGTS-31",0.0640000000,4.16273400000,0.000000,355.96781584,18.04645893,0.960000,1.700000,5710.00
"HD 28185 c","HD 28185",8.5000000000,9090.00000000000,0.150000,1906.97044200,12.80000000,0.974000,1.048000,5602.00
"Kepler-725 b","Kepler-725",0.2238000000,39.64372000000,0.231000,521.76244000,10.80000000,0.950000,0.880000,5395.00
"TOI-1820 b","TOI-1820",0.0610000000,4.86067400000,0.043000,731.00533610,12.77823800,1.040000,1.510000,5734.00
"HD 86950 b","HD 86950",2.7200000000,1270.00000000000,0.170000,1144.18800000,13.00000000,1.660000,8.800000,4805.00
"HD 204313 b","HD 204313",3.1850000000,2041.11539000000,0.100000,1466.77809830,12.90000000,1.030000,1.100000,5767.00
"Kepler-129 d","Kepler-129",4.0000000000,2646.00000000000,0.150000,2637.97577810,12.60000000,1.178000,1.653000,5770.00
"TOI-2803 A b","TOI-2803 A",0.0318500000,1.96229325000,0.000000,309.88269682,18.11371281,1.118000,1.245000,6280.00
"HD 212771 b","HD 212771",1.1900000000,380.70000000000,0.076000,759.61370000,13.30000000,1.560000,5.270000,5003.00
"WASP-119 b","WASP-119",0.0363000000,2.49979000000,0.058000,390.93090000,15.69260000,1.020000,1.200000,5650.00
"nu Oph c","nu Oph",5.8290000000,3180.60000000000,0.179000,7838.32346000,12.00000000,2.610000,12.240000,4887.00
"HAT-P-56 b","HAT-P-56",0.0423000000,2.79083000000,0.290000,734.18730000,16.92559000,1.420000,1.470000,6566.00
"HD 8574 b","HD 8574",0.7600000000,227.00000000000,0.300000,645.19490000,13.40000000,1.340000,1.380000,6064.00
"TIC 241249530 b","TIC 241249530",0.6410000000,165.77190000000,0.941200,1582.78546686,13.29385111,1.271000,1.397000,6166.00
"Kepler-93 c","Kepler-93",,1460.00000000000,,954.00000000,,0.910000,0.920000,5669.00
"HD 10442 b","HD 10442",2.0100000000,1032.30000000000,0.132000,472.61321000,13.60000000,1.010000,1.970000,4912.00
"BD+45 564 b","BD+45 564",0.8300000000,307.88000000000,0.120000,432.24663352,13.60000000,0.810000,0.813064,5004.00
"WASP-7 b","WASP-7",0.0617000000,4.95464160000,0.034000,305.11680000,14.90797000,1.276000,1.432000,6400.00
"DS Tuc A b","DS Tuc A",,8.13826800000,0.000000,413.17900000,5.70000000,1.010000,0.964000,5428.00
"TOI-2977 b","TOI-2977",0.0338600000,2.35056140000,0.000000,533.95172376,13.15934334,0.936000,1.073000,5691.00
"HD 11506 d","HD 11506",18.2000000000,26500.00000000000,0.290000,4068.20360960,12.30000000,1.220000,1.240000,6123.00
"Kepler-419 b","Kepler-419",0.3700000000,69.75460000000,0.833000,794.50000000,10.80000000,1.390000,1.740000,6430.00
"TOI-4153 b","TOI-4153",0.0631100000,4.61741410000,0.039000,365.50266805,16.11851425,1.572000,1.605000,6860.00
"HATS-33 b","HATS-33",0.0372700000,2.54955510000,0.080000,378.85336000,13.78707000,1.062000,1.022000,5659.00
"17 Sco b","17 Sco",1.4500000000,578.38000000000,0.060000,1373.01871824,12.90000000,1.220000,25.920000,4157.00
"NN Ser c","NN Ser",5.3500000000,6987.00000000000,0.089000,2329.60000000,12.60000000,0.535000,,57000.00
"HD 191939 f","HD 191939",3.7100000000,2898.00000000000,0.000000,915.34581216,13.20000000,0.810000,0.940000,5348.00
"HN Peg b","HN Peg",773.0000000000,,,6991.57000000,11.77680000,1.080000,1.006954,6186.00
"TOI-3160 A b","TOI-3160 A",0.0505000000,3.97128100000,0.180000,378.21580433,13.76462830,1.088000,1.346000,6190.00
"HD 141399 d","HD 141399",2.0900000000,1069.80000000000,0.074000,375.03940000,13.70000000,1.070000,1.387236,5600.00
"HIP 57274 b","HIP 57274",0.0700000000,8.13520000000,0.190000,3359.44626199,,0.290000,0.780000,4510.00
"HD 238914 b","HD 238914",5.7000000000,4100.00000000000,0.560000,1906.98000000,12.80000000,1.470000,12.730000,4769.00
"Kepler-44 b","Kepler-44",0.0446000000,3.24672930000,0.066000,317.82000000,12.22000000,1.120000,1.350000,5800.00
"HD 133131 B b","HD 133131 B",6.1500000000,5769.00000000000,0.610000,794.57500000,13.30000000,0.930000,0.989538,5805.00
"WASP-138 b","WASP-138",0.0494000000,3.63443300000,,387.75260000,12.21781000,1.220000,1.360000,6272.00
"TOI-5181 A b","TOI-5181 A",0.0522000000,3.89222950000,0.150000,330.54154328,13.34989601,1.250000,1.530000,6060.00
"EPIC 246851721 b","EPIC 246851721",0.0722900000,6.18023500000,,953.49000000,11.78065900,1.317000,1.586000,6202.00
"CoRoT-20 b","CoRoT-20",0.0900000000,9.24285000000,0.590000,1366.66900000,9.41556000,1.140000,1.020000,5880.00
"HD 72659 b","HD 72659",4.6070000000,3549.00000000000,0.239300,949.67128012,13.20000000,1.033000,1.360000,5929.00
"TOI-375 d","TOI-375",0.9840000000,297.90000000000,,445.59542661,13.60000000,1.441000,2.900000,5259.90
"KIC 7917485 b","KIC 7917485",,840.00000000000,0.150000,3750.39400000,12.40000000,1.630000,2.009938,7067.00
"HD 26161 b","HD 26161",10.0870000000,10942.29013000000,0.922000,9045.39646322,11.90000000,1.120000,1.455981,6057.62
"TOI-2379 b","TOI-2379",0.0526300000,5.46938270000,0.342000,1830.69162432,11.72459381,0.645000,0.622000,3707.00
"HIP 98599 b","HIP 98599",3.9600000000,2656.00000000000,0.169000,2177.12458795,12.70000000,1.190000,1.394840,5978.00
"Kepler-451 d","2MASS J19383260+4603591",,43.00000000000,0.000000,559.37799632,13.50000000,0.480000,0.203000,29564.00
"HD 156846 b","HD 156846",1.1200000000,359.51001000000,0.850000,3391.24610000,12.40000000,1.380000,1.900000,6090.00
"TOI-2025 b","TOI-2025",0.0892000000,8.87209820000,0.394000,1144.18226520,11.89272852,1.199000,1.459000,5977.00
"Kepler-451 c","2MASS J19383260+4603591",,1460.00000000000,0.290000,511.70373527,13.50000000,0.480000,0.203000,29564.00
"WISPIT 1 b","WISPIT 1",338.0000000000,,,3305.41543280,12.40000000,0.720000,1.116100,4670.00
"TOI-2529 b","TOI-2529",0.3270000000,64.59490000000,0.021000,743.71847238,11.54525012,1.110000,1.700000,5802.00
"HD 97037 b","HD 97037",6.9250000000,6449.08337000000,0.357000,6707.76852973,12.10000000,1.060000,1.263560,5874.10
"TOI-3288 b","TOI-3288",0.0228500000,1.43386470000,0.021000,536.17652261,12.24020692,0.643000,0.672000,4072.00
"2M0437 b","2MASS J04372171+2651014",118.0000000000,,,1271.31362800,13.00000000,0.170000,0.840000,3100.00
"HD 74156 c","HD 74156",3.6780000000,2448.48726000000,0.377000,2753.98314665,12.50000000,1.100000,1.510576,6068.00
"TOI-4562 b","TOI-4562",0.7680000000,225.10640000000,0.760000,732.00000000,12.53000000,1.192000,1.152000,6096.00
"TOI-4961 b","TOI-4961",0.0726000000,7.47918200000,0.182000,572.09113260,12.34108775,0.912000,0.912000,5380.00
"HD 208897 b","HD 208897",1.0630000000,358.27000000000,0.020000,379.48711796,13.70000000,1.250000,4.980000,4860.00
"Kepler-1708 b","Kepler-1708",1.6400000000,737.11310000000,0.400000,1462.01067220,9.96000000,1.088000,1.117000,6157.00
"WASP-100 b","WASP-100",0.0457400000,2.84938000000,0.000000,400.46580000,14.90797000,0.770000,1.570000,6900.00
"TOI-2169 A b","TOI-2169 A",0.0896000000,8.21482820000,0.045000,329.58805806,12.50922246,1.420000,1.820000,6270.00
"TOI-5292 A b","TOI-5292 A",0.0279000000,2.02191000000,0.034000,412.85910069,12.64373023,0.596000,0.611000,3919.00
"HIP 78530 b","HIP 78530",740.0000000000,,,7300.00000000,12.00000000,2.500000,2.108760,10500.00
"HD 18015 b","HD 18015",3.8700000000,2278.00000000000,0.148000,1048.83374310,13.10000000,1.490000,3.130000,5603.00
"HD 331093 b","HD 331093",1.4400000000,621.62000000000,0.590000,476.74261050,13.60000000,1.030000,1.111200,5544.00
"WASP-3 b","WASP-3",0.0315000000,1.84683000000,0.000000,772.32690000,15.91678000,1.620000,1.440000,6400.00
"HD 125271 b","HD 125271",10.8170000000,14901.99295000000,0.165000,3465.60094993,12.40000000,0.750000,0.751364,4703.93
"K2-99 c","K2-99",1.4300000000,522.20000000000,0.210000,2669.75861880,12.60000000,1.440000,2.550000,6069.00
"HATS-74 A b","HATS-74 A",0.0238400000,1.73185606000,0.044000,464.02947422,11.56766808,0.601000,0.575800,3776.90
"K2-73 c","K2-73",,1000.00000000000,,1142.00000000,13.00000000,1.020000,1.058000,5867.00
"WISPIT 1 c","WISPIT 1",840.0000000000,,,1684.49055710,12.80000000,0.720000,1.116100,4670.00
"TOI-2992 b","TOI-2992",0.0434000000,3.00781200000,0.089000,1058.36859531,13.75341932,1.210000,1.545000,6000.00
"HD 73534 b","HD 73534",2.9900000000,1750.00000000000,0.126000,353.42696000,13.70000000,1.160000,2.580000,4917.00
"TOI-4504 d","TOI-4504",0.2219000000,41.28719750000,0.293000,643.00000000,11.26000000,0.875000,0.930000,5315.00
"HD 150010 b","HD 150010",1.4000000000,562.00000000000,0.200000,762.78817680,13.30000000,1.300000,16.200000,4153.00
"HD 23596 b","HD 23596",2.6940000000,1535.11912000000,0.282000,3786.60764100,12.40000000,1.100000,1.530000,6040.00
"NSVS 14256825 b","NSVS 14256825",3.1200000000,3225.00000000000,0.120000,4497.29450000,12.30000000,0.419000,0.188000,40000.00
"HD 50499 b","HD 50499",3.8330000000,2447.10000000000,0.266000,519.96988000,13.50000000,1.253000,1.351000,6102.00
"KOI-319 b","KOI-319",0.2668000000,46.14827000000,0.034000,3178.28407000,10.67000000,1.325000,2.064000,5880.00
"HAT-P-61 b","HAT-P-61",0.0301000000,1.90231289000,0.113000,335.94462620,10.07687365,1.004000,0.938000,5587.00
"TOI-2589 b","TOI-2589",0.3000000000,61.62770000000,0.522000,1112.39942450,12.10569916,0.930000,1.070000,5579.00
"HD 95872 b","HD 95872",5.1500000000,4375.00000000000,0.060000,1188.68420000,13.00000000,0.700000,0.840000,5312.00
"2MASS J0249-0557 c","2MASS J0249-0557 A",1950.0000000000,,,3616.88727166,17.37392009,0.046000,0.315959,2859.00
"TOI-4504 c","TOI-4504",0.3593000000,82.81909300000,0.049870,821.00000000,11.17000000,0.875000,0.930000,5315.00
"HD 18438 b","HD 18438",2.1000000000,803.00000000000,0.100000,6674.39654700,12.10000000,1.840000,88.475000,3860.00
"HD 24064 b","HD 24064",1.2900000000,535.59998000000,0.350000,4096.82870000,12.30000000,1.610000,40.000000,4052.00
"HD 29399 b","HD 29399",1.9130000000,892.70000000000,0.050000,498.99059899,13.50000000,1.170000,4.500000,4845.00
"eps Ind A b","eps Ind A",15.7600000000,25450.00000000000,0.250000,2065.88464550,12.70000000,0.800000,0.713000,4700.00
"Kepler-539 c","Kepler-539",2.4200000000,1000.00000000000,0.500000,762.79200000,13.30000000,1.048000,0.952000,5820.00
"HD 33844 b","HD 33844",1.6000000000,551.40002000000,0.150000,638.83830000,13.40000000,1.840000,5.390000,4861.00
"GJ 317 c","GJ 317",5.0400000000,6500.00000000000,0.217000,454.49462201,13.60000000,0.402000,0.403000,3496.00
"HD 99706 c","HD 99706",,1278.00000000000,0.411000,1808.45270000,12.80000000,1.720000,5.400000,4891.00
"HIP 65891 b","HIP 65891",2.8200000000,1089.60000000000,0.090000,1938.75328270,12.70000000,2.500000,8.930000,5000.00
"HD 64121 b","HD 64121",1.5100000000,623.00000000000,0.110000,813.64072192,13.20000000,1.640000,5.440000,5078.00
"WASP-136 b","WASP-136",0.0661000000,5.21536178778,0.000000,479.92089457,16.81347105,1.410000,2.390140,6250.00
"HATS-12 b","HATS-12",0.0441000000,3.14270200000,0.085000,759.61370000,7.76000000,1.160000,1.170000,6357.00
"HD 98736 b","HD 98736",1.8640000000,968.80000000000,0.226000,740.54390000,13.30000000,0.920000,0.930000,5271.00
"DE CVn b","DE CVn",5.7500000000,4098.10000000000,0.000000,3823.27330161,12.40000000,0.510000,0.424754,3579.00
"USco CTIO 108 b","USco CTIO 108",670.0000000000,,,4449.62000000,12.30000000,0.060000,0.345365,2700.00
"HD 102272 b","HD 102272",0.5100000000,127.58000000000,0.050000,1570.08020000,12.90000000,1.450000,10.300000,4790.00
"KOI-2513.01","KOI-2513",0.5000000000,19.00547000000,0.360000,7310.05336100,2.80224517,0.910000,1.200000,5900.00
"NGTS-6 b","NGTS-6",0.0167700000,0.88205900000,0.000000,425.57437000,14.86313400,0.767000,0.754000,4730.00
"BD-210397 c","BD-210397",5.9000000000,6240.00000000000,0.430000,1525.57635360,12.90000000,0.690000,0.747000,4051.00
"HU Aqr AB c","HU Aqr",5.4000000000,4368.00000000000,0.510000,1430.23500000,12.90000000,0.880000,,5952.00
"HD 116029 c","HD 116029",,907.00000000000,0.038000,403.64410000,13.70000000,1.330000,4.600000,4951.00
"XO-2 S c","XO-2 S",0.4737000000,120.05900000000,0.149000,438.60320166,13.60000000,0.980000,1.020000,5325.00
"TOI-1736 c","TOI-1736",1.3700000000,571.25000000000,0.368500,2800.00000000,12.50000000,1.037300,1.428600,5636.00
"WASP-192 b","WASP-192",0.0408000000,2.87867650000,0.000000,731.00900000,13.78707000,1.090000,1.320000,5910.00
"Kepler-40 b","Kepler-40",0.0800000000,6.87349000000,0.000000,699.20000000,13.11000000,1.480000,2.130000,6510.00
"HD 43691 b","HD 43691",0.2380000000,36.99870000000,0.079600,810.46650000,13.20000000,1.320000,1.600000,6093.00
"HD 206610 b","HD 206610",1.7400000000,673.20000000000,0.100000,647.10188000,13.40000000,1.550000,6.120000,4842.00
"UCAC4 328-061594 b","UCAC4 328-061594",19000.0000000000,,,6674.39654700,12.10000000,1.190000,,
"HR 8799 c","HR 8799",38.0000000000,69000.00000000000,0.500000,3000.00000000,13.00000000,1.500000,1.493380,7204.58
"2MASS J19383260+4603591 b","2MASS J19383260+4603591",0.9200000000,406.00000000000,0.330000,603.87700000,13.40000000,0.480000,0.203000,29564.00
"HIP 39330 b","HIP 39330",5.0500000000,4650.00000000000,0.078000,530.77343969,13.50000000,0.960000,1.027860,5748.00
"GJ 9714 b","GJ 9714",12.3190000000,19240.75467000000,0.155000,2988.54051102,12.50000000,0.670000,0.662662,4263.00
"UZ For c","UZ For",2.8000000000,1916.25000000000,0.050000,2447.20000000,,0.700000,,5286.90
"HD 143105 b","HD 143105",0.0379000000,2.19740000000,0.070000,384.57430000,13.70000000,1.510000,1.647304,6380.00
"Kepler-454 c","Kepler-454",1.2870000000,524.19000000000,0.005300,1433.40611557,12.90000000,1.030000,1.066000,5687.00
"TOI-2236 b","TOI-2236",0.0500900000,3.53159020000,0.000000,502.16888306,14.36991326,1.343000,1.573000,6248.00
"HIP 111909 b","HIP 111909",1.3200000000,487.08000000000,,384.57237247,13.70000000,1.280000,4.530000,4891.00
"HD 37605 b","HD 37605",0.2770000000,55.01292000000,0.674500,854.96270000,13.20000000,0.940000,0.910000,5329.00
"NGTS-9 b","NGTS-9",0.0580000000,4.43527000000,0.060000,921.70700000,11.99363000,1.340000,1.380000,6330.00
"VHS J125601.92-125723.9 b","VHS J125601.92-125723.9",350.0000000000,5800000.00000000000,0.680000,5085.25451200,13.67495645,0.070000,,2620.00
"HD 222076 b","HD 222076",1.8300000000,871.00000000000,0.080000,495.81480000,13.50000000,1.070000,4.100000,4806.00
"HD 4917 b","HD 4917",1.1670000000,400.50000000000,0.066000,513.29545000,13.50000000,1.320000,5.010000,4802.00
"HAT-P-70 b","HAT-P-70",0.0473900000,2.74432452000,0.000000,2154.88740000,20.96083000,1.890000,1.858000,8450.00
"HD 221585 b","HD 221585",2.3060000000,1173.00000000000,0.123000,511.70630000,13.50000000,1.190000,1.850575,5620.00
"Gaia-1 b","Gaia-1",0.0404700000,3.05252400000,,533.95172376,13.77583728,0.949000,0.952000,5470.00
"HATS-52 b","HATS-52",0.0249800000,1.36665436000,0.246000,711.93920000,15.49083800,1.111000,1.046000,6010.00
"HD 210277 b","HD 210277",1.1300000000,442.19000000000,0.480000,410.00070000,13.60000000,1.010000,1.070000,5538.00
"HIP 109600 b","HIP 109600",0.7060000000,232.08000000000,0.163000,851.78440000,13.20000000,0.870000,0.971958,5530.00
"ups And c","ups And",0.8277740000,241.25800000000,0.259600,4443.24112986,12.30000000,1.300000,1.560000,6156.77
"DH Tau b","DH Tau",330.0000000000,,,3496.00000000,30.26430000,0.330000,0.270000,4371.00
"HD 200964 c","HD 200964",1.9600000000,852.50000000000,0.243000,385.84562000,13.70000000,1.390000,4.920000,4982.00
"ZTF J1828+2308 b","ZTF J1828+2308",,0.11200670000,,6356.56814000,11.13051784,0.610000,0.013100,15900.00
"HIP 14810 c","HIP 14810",0.5490000000,147.74700000000,0.156600,416.35730000,13.60000000,1.010000,1.070000,5544.00
"K2-417 b","K2-417",0.0630000000,6.53500000000,,699.22249540,3.31000000,0.569000,0.577600,3861.00
"HD 180314 b","HD 180314",1.4480000000,394.73000000000,0.247000,7216.92963775,12.00000000,2.600000,9.200000,4917.00
"Kepler-1660 AB b","Kepler-1660 A",0.8000000000,239.50440000000,0.055410,1586.59940774,12.90000000,1.136600,1.491000,6305.24
"KIC 8121913 b","KIC 8121913",,3.29460100000,,667.43965470,13.40000000,1.456000,2.233000,5975.30
"KMT-2024-BLG-1870L b","KMT-2024-BLG-1870L",3.1500000000,,,336.89811142,13.80000000,0.670000,,
"OGLE-2016-BLG-0613L AB b","OGLE-2016-BLG-0613L AB",6.4000000000,,,1330.00000000,13.00000000,0.720000,,
"TOI-1694 c","TOI-1694",0.9740000000,386.25000000000,0.111000,316.55709337,13.80000000,0.828000,0.812000,5005.00
"HD 9446 c","HD 9446",0.6540000000,192.90000000000,0.060000,578.42600000,13.40000000,1.000000,1.000000,5793.00
"MASCARA-4 b","MASCARA-4",0.0474000000,2.82409320000,0.000000,532.36258173,16.98160576,1.750000,1.790000,7800.00
"HD 147873 b","HD 147873",0.5220000000,116.59600000000,0.207000,1633.64620000,12.80000000,1.380000,2.290000,5972.00
"PSR B1620-26 b","PSR B1620-26",23.0000000000,,,794.57500000,13.30000000,1.350000,,
"TYC 8998-760-1 b","TYC 8998-760-1",146.0000000000,,0.440000,6928.65927260,21.18497352,1.000000,1.020000,4573.00
"KMT-2019-BLG-2783L b","KMT-2019-BLG-2783L",1.8500000000,,,368.68095212,13.70000000,0.340000,,
"OGLE-2012-BLG-0406L b","OGLE-2012-BLG-0406L",3.4500000000,,,868.00000000,13.20000000,0.440000,,
"HD 233604 b","HD 233604",0.7470000000,192.00000000000,0.050000,2089.64400000,12.70000000,1.500000,10.900000,4791.00
"HD 22532 b","HD 22532",1.9000000000,872.60000000000,0.030000,673.79622284,13.40000000,1.570000,5.690000,5038.00
"TOI-6695 c","TOI-6695",0.8380000000,242.40000000000,0.022000,460.85119015,13.60000000,1.338000,1.517000,6400.00
"WISEP J121756.91+162640.2 A b","WISEP J121756.91+162640.2 A",8.0000000000,,,6992.00000000,10.46800000,0.029000,0.091000,575.00
"MOA-2007-BLG-400L b","MOA-2007-BLG-400L",5.9000000000,,,540.30829190,13.50000000,0.690000,,
"UZ For b","UZ For",5.9000000000,5840.00000000000,0.040000,2002.20000000,,0.700000,,5286.90
"TOI-2337 b","TOI-2337",,2.99432000000,0.019000,508.52545120,10.08808263,1.325000,3.220000,4780.00
"HD 202206 c","HD 202206",2.3900000000,1299.22000000000,0.171000,982.08977763,13.10000000,1.060000,1.040000,5764.23
"MOA-2010-BLG-477L b","MOA-2010-BLG-477L",2.0000000000,,,480.00000000,13.60000000,0.670000,,5950.00
"WASP-149 b","WASP-149",0.0240000000,1.33281300000,0.000000,314.96795134,15.24421375,1.050000,1.080000,5750.00
"KMT-2019-BLG-0298L b","KMT-2019-BLG-0298L",5.6700000000,,,575.26941667,13.40000000,0.700000,,
"KMT-2019-BLG-0371L b","KMT-2019-BLG-0371L",0.7900000000,,,2447.27873390,12.60000000,0.090000,,
"OGLE-2017-BLG-1237L b","OGLE-2017-BLG-1237L",2.5300000000,,,1207.74794660,13.00000000,0.460000,,
"OGLE-2017-BLG-0640L b","OGLE-2017-BLG-0640L",1.1400000000,,,514.88201934,13.50000000,0.320000,,
"MXB 1658-298 b","MXB 1658-298",1.6130000000,760.00000000000,,7532.57100000,12.00000000,1.980000,,
"KMT-2019-BLG-0297L b","KMT-2019-BLG-0297L",0.9600000000,,,6038.73973300,12.10000000,0.210000,,
"KMT-2019-BLG-0578L b","KMT-2019-BLG-0578L",2.0000000000,,,381.39408840,13.70000000,0.280000,,
"KMT-2022-BLG-2286L b","KMT-2022-BLG-2286L",2.0200000000,,,6038.73973300,12.10000000,0.200000,,
"OGLE-2019-BLG-0249L b","OGLE-2019-BLG-0249L",1.8400000000,,,2262.93825784,12.70000000,0.910000,,
"TOI-2114 b","TOI-2114",0.0760000000,6.20995900000,0.472000,324.18497514,14.54925695,1.309000,1.970000,6400.00
"TOI-5806 b","TOI-5806",0.0484000000,3.18563810000,,721.47048389,15.13212395,1.333000,1.387000,6730.00
"OGLE-2018-BLG-1011L c","OGLE-2018-BLG-1011L",0.8000000000,,,890.00000000,13.20000000,0.180000,,
"OGLE-2019-BLG-0679L b","OGLE-2019-BLG-0679L",6.9900000000,,,1061.54687938,13.10000000,0.660000,,
"MOA-bin-1L b","MOA-bin-1L",8.3000000000,,,1200.00000000,13.00000000,0.750000,,
"KMT-2020-BLG-0414L c","KMT-2020-BLG-0414L",22.3000000000,,,8581.36698900,11.90000000,0.490000,,
"HD 11977 b","HD 11977",1.9300000000,711.00000000000,0.400000,2080.00000000,12.70000000,1.910000,10.090000,4970.00
"eps CrB b","eps CrB",1.3000000000,417.90000000000,0.110000,2129.46100000,12.70000000,1.700000,21.000000,4406.00
"OGLE-2015-BLG-0954L b","OGLE-2015-BLG-0954L",1.6000000000,,,1100.00000000,13.10000000,0.300000,,
"HD 125136 b","HD 125136",,849.77000000000,0.050000,718.29219982,13.30000000,1.550000,5.390000,4959.00
"alf Ari b","alf Ari",1.2000000000,380.80000000000,0.250000,572.07000000,13.40000000,1.500000,13.900000,4553.00
"TOI-2180 b","TOI-2180",0.8280000000,260.79000000000,0.368300,875.61726129,11.32107051,1.111000,1.636000,5695.00
"MOA-2010-BLG-073L b","MOA-2010-BLG-073L",1.2100000000,,,3500.00000000,12.40000000,0.160000,,
"KMT-2017-BLG-2197L b","KMT-2017-BLG-2197L",15.9100000000,,,2809.60311788,12.50000000,0.360000,,
"KMT-2021-BLG-2010L b","KMT-2021-BLG-2010L",1.7900000000,,,340.07639549,13.80000000,0.370000,,
"KMT-2024-BLG-1005L b","KMT-2024-BLG-1005L",0.7800000000,,,6674.39654700,12.10000000,0.055000,,
"KMT-2023-BLG-0466L b","KMT-2023-BLG-0466L",2.6800000000,,,1032.94232275,13.10000000,0.440000,,
"BD+63 1405 b","BD+63 1405",2.0600000000,1198.48000000000,0.880000,3305.41543280,12.40000000,0.816000,0.804724,5000.00
"WASP-73 b","WASP-73",0.0551200000,4.08722000000,0.000000,908.99380000,15.91678000,2.520000,2.550000,6030.00
"Kepler-32 b","Kepler-32",0.0500000000,5.90124000000,0.000000,1303.00000000,2.20000000,0.580000,0.530000,3900.00
"KMT-2019-BLG-1339L b","KMT-2019-BLG-1339L",2.1500000000,,,397.00000000,13.70000000,0.480000,,
"OGLE-2017-BLG-1140L b","OGLE-2017-BLG-1140L",1.0200000000,,,505.00000000,13.50000000,0.211000,,
"KMT-2022-BLG-1790L b","KMT-2022-BLG-1790L",5.2500000000,,,549.84314411,13.50000000,0.580000,,
"KMT-2018-BLG-1996L b","KMT-2018-BLG-1996L",4.2700000000,,,346.43296363,13.70000000,0.690000,,
"HD 95089 b","HD 95089",1.3600000000,464.40000000000,0.119000,400.46580000,13.70000000,1.540000,5.080000,4918.00
"OGLE-2023-BLG-0766L b","OGLE-2023-BLG-0766L",2.5000000000,,,349.61124770,13.70000000,0.390000,,
"OGLE2-TR-L9 b","OGLE2-TR-L9",0.0308000000,2.48553350000,,1430.17500000,18.04600000,1.520000,1.530000,6933.00
"HD 148164 b","HD 148164",0.9930000000,328.55000000000,0.587000,390.93090000,13.70000000,1.210000,1.340000,6032.00
"KIC 3526061 b","KIC 3526061",5.1400000000,3552.00000000000,0.850000,5768.58558705,12.10000000,1.420000,5.860000,4829.00
"HD 102329 c","HD 102329",,1123.00000000000,0.209000,483.10160000,13.50000000,1.300000,6.300000,4830.00
"HD 20868 b","HD 20868",0.9500000000,380.85001000000,0.750000,397.28750000,13.70000000,0.390000,0.760000,4802.00
"HD 134987 b","HD 134987",0.8100000000,258.17999000000,0.230000,511.70630000,13.50000000,1.100000,1.220000,5736.00
"Kepler-539 b","Kepler-539",0.4988000000,125.63243000000,0.390000,308.29510000,8.37312300,1.048000,0.952000,5820.00
"HD 179079 b","HD 179079",0.1214000000,14.47900000000,0.049000,4195.33497240,,1.140000,1.630000,5646.00
"NY Vir c","NY Vir",,8799.00000000000,0.150000,1760.77820000,12.80000000,0.459000,0.151000,32780.00
"TOI-778 b","TOI-778",0.0600000000,4.63361100000,0.210000,878.00000000,15.40000000,1.400000,1.710000,6643.00
"KOI-134 b","KOI-134",0.3630000000,67.12770000000,0.160000,346.43296363,12.03844527,1.407000,1.667000,6160.00
"TYC 3667-1280-1 b","TYC 3667-1280-1",0.2100000000,26.46800000000,0.036000,1716.28200000,12.80000000,1.870000,6.260000,5130.00
"HATS-59 c","HATS-59",2.5040000000,1422.00000000000,0.083000,4036.44100000,12.30000000,1.038000,1.036000,5670.00
"Ross 458 c","Ross 458",1100.0000000000,,,1906.98000000,14.01125000,0.556419,0.562566,3965.42
"OGLE-TR-132 b","OGLE-TR-132",0.0303500000,1.68986800000,0.600000,375.02000000,13.45000000,1.305000,1.320000,6210.00
"OGLE-TR-56 b","OGLE-TR-56",0.0238300000,1.21191890000,0.000000,441.77000000,15.27800000,1.228000,1.363000,6050.00
"HD 22781 b","HD 22781",1.1670000000,528.07000000000,0.819100,4338.20000000,12.30000000,0.750000,0.743475,5027.00
"Kepler-27 c","Kepler-27",0.1910000000,31.33090000000,0.000000,4385.87000000,4.90000000,0.650000,0.590000,5400.00
"Kepler-27 b","Kepler-27",0.1180000000,15.33480000000,0.000000,2895.31000000,4.00000000,0.650000,0.590000,5400.00
"HD 114783 b","HD 114783",1.1600000000,493.70000000000,0.144000,349.60000000,13.70000000,0.853000,0.840622,5135.00
"HD 19994 b","HD 19994",1.3050000000,466.20000000000,0.063000,435.41000000,13.60000000,1.365000,1.796470,6188.00
"47 UMa b","47 UMa",2.1000000000,1078.00000000000,0.032000,804.08000000,13.20000000,1.060000,1.213340,5872.00
"Kepler-31 c","Kepler-31",0.2600000000,42.63180000000,0.000000,1493.70000000,5.30000000,1.210000,1.220000,6340.00
"47 UMa d","47 UMa",11.6000000000,14002.00000000000,0.160000,521.22000000,13.50000000,1.060000,1.213340,5872.00
"CoRoT-23 b","CoRoT-23",0.0480000000,3.63130000000,0.160000,889.90000000,11.77000000,1.140000,1.610000,5900.00
"HATS-1 b","HATS-1",0.0444000000,3.44645900000,0.120000,589.55000000,14.59400000,0.986000,1.038000,5870.00
"HD 196885 A b","HD 196885 A",2.3700000000,1333.00000000000,0.480000,819.97000000,13.20000000,1.280000,1.310000,6254.00
"CoRoT-6 b","CoRoT-6",0.0855000000,8.88659300000,0.100000,940.74000000,13.06800000,1.050000,1.025000,6090.00
"HR 8799 b","HR 8799",68.0000000000,170000.00000000000,,2000.00000000,13.00000000,1.500000,1.493380,7204.58
"HAT-P-37 b","HAT-P-37",0.0379000000,2.79743600000,0.058000,371.52800000,13.20400000,0.929000,0.877000,5500.00
"Kepler-32 f","Kepler-32",0.0130000000,0.74296000000,0.000000,1862.11000000,0.82000000,0.580000,0.530000,3900.00
"BD+20 2457 b","BD+20 2457",1.4500000000,379.63000000000,0.150000,6807.63000000,12.10000000,2.800000,49.000000,4137.00
"HR 8799 d","HR 8799",24.0000000000,37000.00000000000,0.600000,3000.00000000,13.00000000,1.500000,1.493380,7204.58
"GJ 179 b","GJ 179",2.4100000000,2288.00000000000,0.210000,301.93698665,13.80000000,0.357000,0.380000,3370.00
"SWEEPS-4 b","SWEEPS-4",0.0550000000,4.20000000000,,1207.70000000,9.07900000,1.240000,1.180000,
"HD 240210 b","HD 240210",1.1600000000,501.75000000000,0.150000,1655.82000000,12.80000000,0.820000,25.456816,4297.00
"BD+20 2457 c","BD+20 2457",2.0100000000,621.99000000000,0.180000,3963.17000000,12.40000000,2.800000,49.000000,4137.00
"HD 110014 b","HD 110014",2.1400000000,835.47700000000,0.462000,3524.59000000,12.40000000,2.170000,20.900000,4445.00
"HIP 5158 b","HIP 5158",0.8900000000,345.72000000000,0.520000,451.00000000,13.60000000,0.780000,0.750000,4962.00
"BD+20 274 b","BD+20 274",1.3000000000,578.20000000000,0.210000,1334.88600000,13.00000000,0.800000,17.300000,4296.00
"KELT-1 b","KELT-1",0.0246600000,1.21751400000,0.009900,8654.15000000,12.44200000,1.335000,1.471000,6516.00
"HD 147018 b","HD 147018",0.2388000000,44.23600000000,0.468600,674.00000000,13.40000000,0.927000,0.937948,5441.00
"HD 45350 b","HD 45350",1.9200000000,963.60000000000,0.778000,568.89000000,13.50000000,0.980000,1.264420,5566.00
"HD 147018 c","HD 147018",1.9220000000,1008.00000000000,0.133000,2080.00000000,12.70000000,0.927000,0.937948,5441.00
"CFBDSIR J145829+101343 b","CFBDSIR J145829+101343",2.6000000000,10037.50000000000,,3337.10000000,12.40000000,0.021000,,580.50
"HD 220773 b","HD 220773",4.9400000000,3724.70000000000,0.510000,460.80000000,13.60000000,1.160000,1.679696,5940.00
"HD 147513 b","HD 147513",1.3200000000,528.40000000000,0.260000,385.00000000,13.70000000,1.110000,0.980000,5883.00
"HD 129445 b","HD 129445",2.9000000000,1840.00000000000,0.700000,797.74930157,13.30000000,0.990000,1.175816,5646.00
"WASP-5 b","WASP-5",0.0267000000,1.62842790000,0.038000,502.15000000,12.18400000,0.960000,1.029000,5700.00
"HIP 5158 c","HIP 5158",7.7000000000,9017.76000000000,0.140000,4780.16320000,12.20000000,0.780000,0.754089,4813.00
"HAT-P-23 b","HAT-P-23",0.0232000000,1.21288400000,0.106000,664.23700000,15.33400000,1.130000,1.203000,5905.00
"HAT-P-20 b","HAT-P-20",0.0361000000,2.87531700000,0.015000,2302.89900000,9.71800000,0.756000,0.694000,4595.00
"CoRoT-17 b","CoRoT-17",0.0461000000,3.76810000000,0.000000,772.29000000,11.43000000,1.040000,1.590000,5740.00
"HD 132563 b","HD 132563",2.6200000000,1544.00000000000,0.220000,473.54700000,13.60000000,1.231000,1.295770,6289.00
"HU Aqr AB b","HU Aqr",3.6000000000,2390.00000000000,0.000000,1875.19700000,12.80000000,0.880000,,5952.00
"Kepler-14 b","Kepler-14",0.0771000000,6.79012300000,0.035000,2669.66000000,12.73300000,1.512000,2.048000,6395.00
"CoRoT-18 b","CoRoT-18",0.0295000000,1.90006930000,0.080000,1102.82000000,14.68000000,0.950000,1.000000,5440.00
"PSR J1719-1438 b","PSR J1719-1438",0.0044000000,0.09070629300,0.060000,382.80000000,,1.400000,,4500.00
"CoRoT-14 b","CoRoT-14",0.0270000000,1.51214000000,0.000000,2415.40000000,12.22000000,1.130000,1.210000,6035.00
"OGLE-TR-113 b","OGLE-TR-113",0.0228900000,1.43247520000,0.000000,400.44900000,12.25100000,0.779000,0.774000,4790.00
"HD 41004 A b","HD 41004 A",,963.00000000000,0.740000,807.25000000,13.20000000,0.950000,0.850000,5310.00
"OGLE-2019-BLG-0299L b","OGLE-2019-BLG-0299L",2.8000000000,,,1976.89269154,12.70000000,0.590000,,
"KMT-2019-BLG-0414L b","KMT-2019-BLG-0414L",1.1600000000,,,1452.47581999,12.90000000,0.740000,,
"HD 62509 b","HD 62509",1.6400000000,589.64000000000,0.020000,731.00000000,13.30000000,2.000000,8.900000,4892.63
"RR Cae b","RR Cae",5.3000000000,4343.50000000000,0.000000,1334.88600000,13.00000000,0.440000,0.193119,3904.00
"WASP-65 b","WASP-65",0.0334000000,2.31142430000,0.000000,492.62000000,12.46400000,0.930000,1.010000,5600.00
"Kepler-30 c","Kepler-30",0.3000000000,60.32310500000,0.011100,640.00000000,12.30000000,0.990000,0.950000,5498.00
"WASP-8 c","WASP-8",5.2800000000,4323.00000000000,0.000000,3003.37000000,12.50000000,1.040000,0.960000,5690.00
"ROXs 42 B b","ROXs 42 B",157.0000000000,,0.580000,2860.00000000,12.50000000,1.000000,1.336580,3433.00
"BD+15 2940 b","BD+15 2940",0.5390000000,137.48000000000,0.260000,352.78000000,13.70000000,1.100000,14.700000,4796.00
"Kepler-87 b","Kepler-87",0.4810000000,114.73635000000,0.036000,324.20000000,13.49000000,1.100000,1.820000,5600.00
"WASP-75 b","WASP-75",0.0375000000,2.48419300000,0.000000,340.06000000,14.23500000,1.140000,1.260000,6100.00
"HD 40307 b","HD 40307",0.0468000000,4.31230000000,0.200000,1188.99607059,,0.770000,0.716684,4956.00
"WTS-1 b","WTS-1",0.0470000000,3.35205700000,0.100000,1274.44000000,16.70000000,1.200000,1.150000,6250.00
"HD 40307 c","HD 40307",0.0799000000,9.61840000000,0.060000,1868.51320475,,0.770000,0.716684,4956.00
"91 Aqr b","91 Aqr",0.7000000000,181.40000000000,0.027000,1017.00000000,13.10000000,1.400000,11.000000,4665.00
"tau Gem b","tau Gem",1.1700000000,305.50000000000,0.031000,6547.00000000,12.10000000,2.300000,26.800000,4388.00
"HAT-P-42 b","HAT-P-42",0.0575000000,4.64187800000,0.000000,331.80100000,14.34800000,1.178000,1.530000,5743.00
"HD 40307 d","HD 40307",0.1321000000,20.43200000000,0.070000,1775.38948150,,0.770000,0.716684,4956.00
"HD 208527 b","HD 208527",2.1000000000,875.50000000000,0.080000,3146.40000000,12.50000000,1.600000,51.100000,4035.00
"GU Psc b","GU Psc",2000.0000000000,,,3591.30000000,14.17900000,0.325000,0.450458,4031.81
"HIP 63242 b","HIP 63242",0.5650000000,124.60000000000,0.230000,2917.56000000,12.50000000,1.540000,10.275655,4830.00
"CoRoT-1 b","CoRoT-1",0.0275200000,1.50895570000,0.000000,327.35000000,16.70000000,0.950000,1.110000,5950.00
"HD 95086 b","HD 95086",55.7000000000,,,1589.00000000,12.90000000,1.600000,1.486670,7595.00
"BD-06 1339 b","BD-06 1339",0.0428000000,3.87280000000,0.000000,1523.03372634,,0.700000,0.686355,4324.00
"HAT-P-44 c","HAT-P-44",1.7520000000,872.20000000000,0.494000,1271.30000000,13.00000000,0.942000,0.949000,5295.00
"bet Cnc b","bet Cnc",1.7000000000,605.20000000000,0.080000,2479.00000000,12.60000000,1.700000,47.200000,4092.10
"mu Leo b","mu Leo",1.1000000000,357.80000000000,0.090000,762.80000000,13.30000000,1.500000,11.400000,4538.20
"OGLE-2012-BLG-0358L b","OGLE-2012-BLG-0358L",0.8700000000,,,588.00000000,13.40000000,0.022000,,
"HD 166724 b","HD 166724",5.4200000000,5144.00000000000,0.734000,1207.74794660,13.00000000,0.810000,0.797485,5127.00
"WASP-64 b","WASP-64",0.0264800000,1.57329180000,0.000000,403.94500000,14.24700000,1.004000,1.058000,5400.00
"HD 150706 b","HD 150706",6.7000000000,5894.00000000000,0.380000,772.32302901,13.30000000,1.170000,0.960000,5961.00
"CoRoT-2 b","CoRoT-2",0.0279800000,1.74299350000,0.014300,1102.82000000,16.43200000,0.960000,0.906000,5625.00
"Oph 11 b","Oph 11",243.0000000000,7300000.00000000000,,4449.62000000,12.30000000,0.016000,0.232692,2375.00
"Kepler-418 b","Kepler-418",0.3924900000,86.67856000000,0.200000,349.61124770,13.45000000,0.980000,1.090000,5820.00
"DP Leo b","DP Leo",8.1900000000,10220.00000000000,0.390000,1995.88832000,12.70000000,0.690000,0.011500,13500.00
"CoRoT-27 b","CoRoT-27",0.0476000000,3.57532000000,0.065000,3302.11000000,11.28700000,1.050000,1.080000,5900.00
"HIP 105854 b","HIP 105854",0.8100000000,184.20000000000,0.020000,2606.10000000,12.60000000,2.100000,10.305119,4780.00
"2MASS J01225093-2439505 b","2MASS J01225093-2439505",52.0000000000,,,7786.50000000,11.20900000,0.400000,0.366450,3530.00
"HD 82943 b","HD 82943",1.1830600000,441.47000000000,0.162000,534.25000000,13.50000000,1.080000,1.182600,5935.00
"HD 154857 c","HD 154857",5.3600000000,3452.00000000000,0.060000,819.97000000,13.20000000,1.718000,1.760000,5605.00
"POTS-1 b","POTS-1",0.0373400000,3.16062960000,,734.16000000,10.54800000,0.695000,0.588000,4400.00
"HD 82943 c","HD 82943",0.7434500000,220.07800000000,0.366300,622.60300000,13.40000000,1.080000,1.182600,5935.00
"Qatar-4 b","Qatar-4",0.0280300000,1.80535640000,0.000000,1938.76300000,12.72221500,0.896000,0.849000,5215.00
"WTS-2 b","WTS-2",0.0185500000,1.01870680000,0.000000,355.96960000,15.27786700,0.820000,0.752000,5000.00
"HD 4203 c","HD 4203",6.9500000000,6700.00000000000,0.240000,689.66000000,13.30000000,0.990000,1.497950,5582.00
"Kepler-276 b","Kepler-276",0.1190000000,14.12841000000,0.000000,731.20900000,2.87000000,0.845000,1.046000,6105.00
"Kepler-279 b","Kepler-279",0.1120000000,12.30968100000,0.000000,4180.93000000,3.62000000,1.200000,1.746000,6363.00
"Kepler-238 b","Kepler-238",0.0340000000,2.09087600000,0.000000,3305.02000000,1.73000000,1.229000,1.430000,5751.00
"HD 13908 c","HD 13908",2.0300000000,931.00000000000,0.120000,1630.40000000,12.80000000,1.290000,1.670000,6255.00
"HD 159243 b","HD 159243",0.1100000000,12.62000000000,0.020000,359.13000000,13.70000000,1.125000,1.120000,6123.00
"HD 73526 c","HD 73526",1.0300000000,379.10000000000,0.280000,715.09000000,13.30000000,1.014000,1.530000,5601.00
"HD 106906 b","HD 106906",650.0000000000,,,3496.00000000,12.40000000,1.500000,2.123510,6516.00
"TIC 46432937 b","TIC 46432937",0.0206500000,1.44044527000,0.009000,1017.05090240,13.31626907,0.563000,0.529900,3572.00
"Kepler-281 b","Kepler-281",0.1170000000,14.64600800000,0.000000,324.00000000,2.82000000,0.950000,0.899000,5723.00
"Kepler-424 c","Kepler-424",0.7300000000,223.30000000000,,2215.18000000,12.70000000,1.010000,0.940000,5460.00
"Kepler-424 b","Kepler-424",0.0440000000,3.31186440000,0.000000,327.35000000,9.98000000,1.010000,0.940000,5460.00
"Kepler-434 b","Kepler-434",0.1143000000,12.87470990000,0.131000,908.96000000,12.67000000,1.198000,1.380000,5977.00
"Kepler-94 c","Kepler-94",1.5968066210,820.30000000000,0.345931,3126.00000000,12.50000000,0.810000,0.760000,4781.00
"Kepler-48 e","Kepler-48",1.8982747480,982.00000000000,0.003142,657.00000000,13.40000000,0.880000,0.890000,5194.00
"Kepler-428 b","Kepler-428",0.0433000000,3.52563254000,0.220000,403.63000000,12.11000000,0.870000,0.800000,5150.00
"Kepler-407 c","Kepler-407",3.2709036900,3000.00000000000,0.221479,4000.00000000,12.30000000,1.000000,1.010000,5476.00
"TYC 1422-614-1 b","TYC 1422-614-1",0.6900000000,198.40000000000,0.060000,794.50000000,13.30000000,1.150000,6.850000,4806.00
"TYC 1422-614-1 c","TYC 1422-614-1",1.3700000000,559.30000000000,0.048000,3178.00000000,12.50000000,1.150000,6.850000,4806.00
"OGLE-2005-BLG-071L b","OGLE-2005-BLG-071L",3.6000000000,,,1200.00000000,13.00000000,0.460000,,
"Qatar-2 b","Qatar-2",0.0215300000,1.33711647000,0.000000,792.63500000,14.05600000,0.743000,0.776000,4645.00
"Kepler-117 c","Kepler-117",0.2804000000,50.79039100000,0.032300,584.78000000,12.34100000,1.129000,1.606000,6150.00
"HD 10180 c","HD 10180",0.0641200000,5.75969000000,0.073000,2741.58783878,,1.060000,1.109000,5911.00
"HD 10180 d","HD 10180",0.1285900000,16.35700000000,0.131000,3295.88058059,,1.060000,1.109000,5911.00
"MOA-2011-BLG-322L b","MOA-2011-BLG-322L",4.3000000000,,,3690.00000000,12.40000000,0.390000,,
"OGLE-2008-BLG-355L b","OGLE-2008-BLG-355L",1.7000000000,,,1500.00000000,12.90000000,0.370000,,
"HD 35759 b","HD 35759",0.3890000000,82.46700000000,0.389000,1195.04080000,13.00000000,1.150000,1.759974,6060.00
"HD 67087 c","HD 67087",3.8600000000,2374.00000000000,0.760000,1540.00000000,12.90000000,1.360000,1.550000,6330.00
"HD 220842 b","HD 220842",0.7400000000,218.47000000000,0.404000,1010.69940000,13.10000000,1.130000,1.416470,5960.00
"tau Boo b","tau Boo",0.0490000000,3.31245680000,0.011000,1891.00000000,12.80000000,1.320000,1.425880,6466.27
"HD 141399 c","HD 141399",0.6890000000,201.99000000000,0.048000,422.71390000,13.60000000,1.070000,1.387236,5600.00
"TrES-5 b","TrES-5",0.0245900000,1.48224686000,0.000000,568.91570000,13.38354600,0.901000,0.868000,5171.00
"KOI-13 b","KOI-13",0.0364100000,1.76358800000,0.000640,2949.46240000,16.94800800,1.720000,1.740000,7650.00
"HD 100546 b","HD 100546",53.0000000000,,,2701.54145950,77.34210000,2.400000,1.852880,10500.00
"Kepler-432 c","Kepler-432",,406.20000000000,0.498000,772.32690000,13.30000000,1.320000,4.060000,4995.00
"Kepler-76 b","Kepler-76",0.0274000000,1.54492980000,0.000000,638.83830000,15.24424000,1.200000,1.320000,6409.00
"OGLE-2003-BLG-235L b","OGLE-2003-BLG-235L",4.3000000000,,,830.00000000,13.20000000,0.630000,,
"Kepler-432 b","Kepler-432",0.3010000000,52.50112900000,0.513400,1719.46030000,12.83430500,1.320000,4.060000,4995.00
"Kepler-5 b","Kepler-5",0.0538000000,3.54846570000,0.000000,670.93913000,15.98403400,1.374000,1.793000,6297.00
"HIP 74890 b","HIP 74890",2.1000000000,822.30000000000,0.070000,762.79200000,13.30000000,1.740000,5.770000,4850.00
"2MASS J02192210-3925225 b","2MASS J02192210-3925225",156.0000000000,,,4417.83700000,16.14096000,0.108000,0.281000,3064.00
"HD 7924 d","HD 7924",0.1551000000,24.45100000000,0.210000,1568.16536014,,0.832000,0.782100,5075.00
"WASP-41 c","WASP-41",1.0700000000,421.00000000000,0.294000,1010.69940000,13.10000000,0.930000,0.870000,5545.00
"HAT-P-50 b","HAT-P-50",0.0453000000,3.12201090000,0.115000,429.07050000,14.43719200,1.273000,1.698000,6280.00
"HD 133131 A b","HD 133131 A",1.4400000000,649.00000000000,0.330000,451.31860000,13.60000000,0.950000,0.955014,5799.00
"HATS-17 b","HATS-17",0.1308000000,16.25461100000,0.029000,425.25654000,8.70939300,1.131000,1.091000,5846.00
"HD 175607 b","HD 175607",,29.01000000000,0.110000,2456.17792930,,0.710000,0.700000,5392.00
"WASP-93 b","WASP-93",0.0421100000,2.73253210000,0.000000,467.21010000,17.90077300,1.334000,1.524000,6700.00
"HD 128311 c","HD 128311",1.7400000000,921.53800000000,0.159000,1204.25787000,13.00000000,0.828000,0.760000,4965.00
"alf Tau b","alf Tau",1.4600000000,628.96000000000,0.100000,2056.36010000,12.70000000,1.130000,45.100000,4055.00
"WASP-46 b","WASP-46",0.0233500000,1.43036763000,0.000000,607.05530000,13.15936600,0.828000,0.858000,5600.00
"HD 60532 b","HD 60532",0.7700000000,201.90000000000,0.260000,336.89980000,13.80000000,1.500000,2.570000,6245.00
"HD 60532 c","HD 60532",1.6000000000,600.10000000000,0.030000,797.75330000,13.30000000,1.500000,2.570000,6245.00
"OGLE-2013-BLG-0102L b","OGLE-2013-BLG-0102L",0.8000000000,,,4100.00000000,12.30000000,0.096000,,
"HIP 107773 b","HIP 107773",0.7200000000,144.30000000000,0.090000,629.30340000,13.40000000,2.420000,11.600000,4945.00
"Qatar-1 b","Qatar-1",0.0233200000,1.42002420000,0.000000,411.27202000,12.81188700,0.838000,0.803000,5013.00
"Kepler-75 b","Kepler-75",0.0818000000,8.88491160000,0.570000,3209.90000000,11.77000000,0.910000,0.890000,5200.00
"WASP-89 b","WASP-89",0.0427000000,3.35642270000,0.193000,1875.19700000,11.65736000,0.920000,0.880000,5130.00
"Kepler-56 d","Kepler-56",2.1600000000,1002.00000000000,0.200000,1784.00000000,12.80000000,1.290000,4.217990,4819.44
"WASP-36 b","WASP-36",0.0267700000,1.53736596000,0.000000,750.39663000,14.87434300,1.081000,0.985000,5959.00
"HATS-14 b","HATS-14",0.0381500000,2.76676410000,0.142000,340.39593000,11.64615100,0.967000,0.933000,5346.00
"HD 5583 b","HD 5583",0.5300000000,139.35000000000,0.076000,1837.05740000,12.80000000,1.010000,9.090000,4830.00
"Kepler-447 b","Kepler-447",0.0769000000,7.79430132000,0.123000,435.41000000,18.49000000,1.000000,1.050000,5493.00
"HD 130322 b","HD 130322",0.0925000000,10.70871000000,0.029000,365.49000000,13.70000000,0.920000,0.850000,5387.00
"Pr0211 c","Pr0211",5.5000000000,4850.00000000000,0.710000,2475.89570000,12.60000000,0.935000,0.827000,5300.00
"BD+15 2375 b","BD+15 2375",0.5760000000,153.22000000000,0.001000,337.21763000,13.80000000,1.080000,8.950000,4649.00
"HD 1666 b","HD 1666",0.9400000000,270.00000000000,0.630000,2040.00000000,12.70000000,1.500000,1.930000,6317.00
"HD 67087 b","HD 67087",1.0800000000,352.20000000000,0.170000,973.00000000,13.10000000,1.360000,1.550000,6330.00
"Kepler-643 b","Kepler-643",0.1348500000,16.33889626000,0.370000,321.00830000,10.16000000,1.000000,2.520000,4908.00
"HATS-15 b","HATS-15",0.0271200000,1.74748753000,0.126000,689.69110000,12.38594500,0.871000,0.922000,5311.00
"HATS-16 b","HATS-16",0.0374400000,2.68650200000,0.000000,1039.30410000,14.57170000,0.970000,1.238000,5738.00
"HD 87646 b","HD 87646",0.1170000000,13.48100000000,0.050000,3941.09200000,12.40000000,1.120000,1.550000,5770.00
"WASP-85 A b","WASP-85 A",0.0390000000,2.65567770000,0.000000,402.05495000,13.89916000,1.090000,0.935000,6112.00
"Kepler-80 f","Kepler-80",0.0175000000,0.98678730000,0.186000,4459.73000000,1.21000000,0.730000,0.678000,4540.00
"WASP-114 b","WASP-114",0.0285100000,1.54877430000,0.012000,562.24127000,15.00885100,1.289000,1.430000,5940.00
"HD 59686 A b","HD 59686 A",1.0860000000,299.36000000000,0.050000,2199.38360000,12.70000000,1.900000,13.200000,4658.00
"WASP-129 b","WASP-129",0.0628000000,5.74814500000,0.096000,317.83000000,10.42437000,1.000000,0.900000,5900.00
"WASP-133 b","WASP-133",0.0345000000,2.17642300000,0.170000,368.68280000,13.56289000,1.160000,1.440000,5700.00
"MOA-2016-BLG-227L b","MOA-2016-BLG-227L",1.3900000000,,,890.00000000,13.20000000,0.290000,,
"WASP-53 b","WASP-53",0.0410100000,3.30984430000,0.030000,677.61356000,12.03846600,0.839000,0.798000,4953.00
"BD+03 2562 b","BD+03 2562",1.3000000000,481.90000000000,0.200000,2034.11200000,12.70000000,1.140000,32.350000,4095.00
"HATS-22 b","HATS-22",0.0502500000,4.72281240000,0.079000,870.85420000,10.68217700,0.759000,0.689000,4803.00
"TYC 4282-00605-1 b","TYC 4282-00605-1",0.4220000000,101.54000000000,0.280000,3426.20740000,12.40000000,0.970000,16.210000,4300.00
"HATS-23 b","HATS-23",0.0339700000,2.16051560000,0.114000,467.21010000,20.84874000,1.121000,1.199000,5780.00
"HD 40956 b","HD 40956",1.4000000000,578.60000000000,0.240000,858.14100000,13.20000000,2.000000,8.560000,4869.00
"OGLE-2016-BLG-1190L b","OGLE-2016-BLG-1190L",2.1700000000,1220.00000000000,0.420000,4253.00000000,12.30000000,0.880000,,
"HD 113996 b","HD 113996",1.6000000000,610.20000000000,0.280000,2002.32900000,12.70000000,1.490000,25.110000,4181.00
"NGC 2682 Sand 978 b","NGC 2682 Sand 978",,511.21000000000,0.160000,692.86940000,13.30000000,1.370000,21.017414,4200.00
"WASP-91 b","WASP-91",0.0370000000,2.79858100000,0.000000,425.89220000,11.54527000,0.840000,0.860000,4920.00
"HD 9174 b","HD 9174",2.2000000000,1179.00000000000,0.120000,352.79130000,13.70000000,1.030000,1.670000,5577.00
"HD 68402 b","HD 68402",2.1800000000,1103.00000000000,0.030000,2510.84441530,12.60000000,1.120000,1.020000,5950.00
"MOA-2012-BLG-006L b","MOA-2012-BLG-006L",10.2000000000,,,2700.00000000,12.60000000,0.490000,,
"WASP-105 b","WASP-105",0.0750000000,7.87288000000,0.000000,572.09400000,10.76064000,0.890000,0.900000,5070.00
"HD 147873 c","HD 147873",1.3600000000,491.54000000000,0.230000,731.00900000,13.30000000,1.380000,2.290000,5972.00
"TYC 3318-01333-1 b","TYC 3318-01333-1",1.4140000000,562.00000000000,0.098000,1086.97860000,13.10000000,1.190000,5.900000,4776.00
"BD+48 740 b","BD+48 740",1.7000000000,733.00000000000,0.760000,540.31100000,13.50000000,1.090000,10.330000,4534.00
"WASP-141 b","WASP-141",0.0469000000,3.31065100000,0.000000,854.96270000,13.56289000,1.250000,1.370000,5900.00
"K2-31 b","K2-31",0.0220000000,1.25785000000,0.000000,563.83042000,11.88154000,0.910000,0.780000,5280.00
"KELT-21 b","KELT-21",0.0522400000,3.61276470000,0.000000,1242.71530000,17.77747400,1.458000,1.638000,7598.00
"Qatar-3 b","Qatar-3",0.0378300000,2.50792040000,0.000000,1369.84730000,12.28506400,1.145000,1.272000,6007.00
"KELT-18 b","KELT-18",0.0455000000,2.87175180000,0.000000,375.03940000,17.59813000,1.524000,1.908000,6670.00
"HATS-35 b","HATS-35",0.0319900000,1.82099930000,0.306000,388.38826000,16.40997600,1.317000,1.433000,6300.00
"XO-6 b","XO-6",0.0815000000,3.76500070000,0.000000,1398.45200000,23.20263000,1.470000,1.930000,6720.00
"HD 68988 b","HD 68988",0.0700000000,6.27711000000,0.120000,626.12510000,13.40000000,1.280000,1.190000,5932.00
"HD 220074 b","HD 220074",1.6000000000,672.09998000000,0.140000,5288.69120000,12.20000000,2.200000,54.920000,3787.00
"WASP-58 b","WASP-58",0.0562000000,5.01718000000,0.000000,308.29510000,16.02887000,1.060000,1.220000,5800.00
"HD 13931 b","HD 13931",5.1500000000,4218.00000000000,0.020000,889.91953960,13.20000000,1.300000,1.250000,5867.00
"HD 7199 b","HD 7199",1.3600000000,615.00000000000,0.190000,3639.13526015,,0.770000,0.970000,5371.00
"WASP-72 b","WASP-72",0.0371100000,2.21673000000,0.000000,731.00900000,14.45961000,2.780000,2.180000,6250.00
"HATS-40 b","HATS-40",0.0499700000,3.26427360000,0.312000,505.34970000,17.71022000,1.561000,2.260000,6460.00
"HATS-41 b","HATS-41",0.0583000000,4.19364900000,0.380000,3082.95100000,14.90797000,1.496000,1.710000,6424.00
"HD 142022 A b","HD 142022 A",2.9300000000,1928.00000000000,0.530000,1433.40611557,12.90000000,0.900000,1.040000,5421.00
"HD 145377 b","HD 145377",0.4500000000,103.95000000000,0.310000,1913.33660000,12.80000000,1.200000,1.050000,6014.00
"HD 82886 b","HD 82886",1.5800000000,705.00000000000,0.070000,740.54390000,13.30000000,2.530000,5.260000,4953.00
"HD 24040 b","HD 24040",4.9200000000,3668.00000000000,0.040000,1589.14203500,12.90000000,1.110000,1.300000,5802.00
"HD 222155 b","HD 222155",5.1400000000,3999.00000000000,0.160000,581.62598481,13.40000000,1.210000,1.850000,5701.00
"HD 158996 b","HD 158996",2.1000000000,820.20000000000,0.130000,4449.62000000,12.30000000,1.800000,50.300000,4069.00
"KPS-1 b","KPS-1",0.0269000000,1.70629100000,0.000000,346.43470000,11.54527000,0.892000,0.907000,5165.00
"HD 154672 b","HD 154672",0.6000000000,163.94000000000,0.610000,1706.74710000,12.80000000,1.180000,1.320000,5743.00
"HAT-P-49 b","HAT-P-49",0.0437800000,2.69155000000,0.000000,699.22600000,17.82231000,2.220000,2.060000,6820.00
"HD 158038 b","HD 158038",1.5000000000,521.00000000000,0.290000,486.27990000,13.50000000,1.300000,4.500000,4860.00
"HR 810 b","HR 810",0.9200000000,302.79999000000,0.140000,1970.53612340,12.70000000,1.340000,1.130000,6167.00
"BD-13 2130 b","BD-13 2130",1.6600000000,714.29999000000,0.210000,3108.37740000,12.50000000,2.120000,19.170000,4545.00
"HD 285507 b","HD 285507",0.0600000000,6.08810000000,0.090000,311.47340000,13.80000000,0.820000,0.690000,4503.00
"HD 16175 b","HD 16175",2.1200000000,990.00000000000,0.600000,1875.18760130,12.80000000,1.630000,1.720000,5981.00
"WASP-95 b","WASP-95",0.0341600000,2.18467000000,0.000000,457.67520000,13.78707000,1.460000,1.230000,5830.00
"WASP-97 b","WASP-97",0.0330300000,2.07276000000,0.000000,432.24880000,12.77826000,1.180000,1.080000,5640.00
"11 UMi b","11 UMi",1.5300000000,516.21997000000,0.080000,4684.81420000,12.30000000,2.780000,29.790000,4213.00
"BD-08 2823 b","BD-08 2823",0.0600000000,5.60000000000,0.150000,2948.49413174,,0.500000,0.710000,4816.00
"HD 1690 b","HD 1690",1.3600000000,533.00000000000,0.640000,2793.72570000,12.50000000,1.860000,21.660000,4374.00
"WASP-14 b","WASP-14",0.0370000000,2.24375000000,0.090000,2809.61720000,15.46842000,1.620000,1.400000,6475.00
"GJ 86 b","GJ 86",0.1100000000,15.76491000000,0.040000,1404.80860000,12.90000000,0.930000,0.770000,5182.00
"HD 95127 b","HD 95127",1.2800000000,482.00000000000,0.110000,3378.53290000,12.40000000,3.700000,41.010000,4218.00
"WASP-82 b","WASP-82",0.0447000000,2.70579000000,0.000000,371.86110000,18.15858000,1.480000,2.100000,6480.00
"HAT-P-22 b","HAT-P-22",0.0414000000,3.21222000000,0.020000,785.04010000,12.89035000,1.130000,1.110000,5302.00
"WASP-38 b","WASP-38",0.0752200000,6.87188000000,0.030000,1093.33520000,13.78707000,1.760000,1.520000,6180.00
"HD 213240 b","HD 213240",1.8900000000,882.70001000000,0.420000,1655.88600047,12.80000000,1.570000,1.510000,5979.00
"HD 215497 b","HD 215497",0.0500000000,3.93404000000,0.160000,1588.82420659,,0.670000,0.850000,5110.00
"HAT-P-5 b","HAT-P-5",0.0407300000,2.78849000000,0.000000,311.47340000,13.56289000,1.040000,1.120000,5960.00
"HAT-P-6 b","HAT-P-6",0.0523900000,3.85298000000,0.000000,419.53560000,16.58932000,1.790000,1.620000,6570.00
"HD 240237 b","HD 240237",1.9200000000,745.70001000000,0.400000,5050.31870000,12.20000000,8.760000,71.230000,3926.00
"XO-4 b","XO-4",0.0552400000,4.12508000000,0.000000,451.31860000,14.01125000,1.100000,1.450000,6397.00
"HD 30562 b","HD 30562",2.3400000000,1157.00000000000,0.760000,467.20775829,13.60000000,1.120000,1.610000,5882.00
"KELT-2 A b","KELT-2 A",0.0549700000,4.11379000000,0.000000,540.31100000,15.13215000,1.540000,1.930000,6327.00
"HD 215152 c","HD 215152",0.0673930000,7.28243000000,0.000000,468.79690033,,0.770000,0.730000,4935.00
"HD 215152 d","HD 215152",0.0879900000,10.86499000000,0.000000,770.41605857,,0.770000,0.730000,4935.00
"HD 108874 b","HD 108874",1.0400000000,394.48123000000,0.130000,451.31860000,13.60000000,1.100000,1.050000,5600.00
"HD 40979 b","HD 40979",0.8500000000,264.14999000000,0.250000,1484.26610000,12.90000000,1.450000,1.210000,6165.00
"HD 4203 b","HD 4203",1.1700000000,431.88000000000,0.520000,708.76090000,13.30000000,1.250000,1.420000,5596.00
"UKIRT-2017-BLG-001L b","UKIRT-2017-BLG-001L",4.1800000000,,,407.00000000,13.70000000,0.810000,,
"HD 121504 b","HD 121504",0.3300000000,63.33000000000,0.030000,479.92330000,13.60000000,1.620000,1.070000,6027.00
"WASP-66 b","WASP-66",0.0546000000,4.08605000000,0.000000,746.90050000,15.69260000,1.330000,1.760000,6600.00
"HD 185269 b","HD 185269",0.0770000000,6.83776000000,0.229000,321.00830000,13.80000000,1.300000,2.000000,5923.00
"HD 181342 b","HD 181342",1.5920000000,564.10000000000,0.022000,807.28820000,13.20000000,1.690000,4.710000,4945.00
"CoRoT-20 c","CoRoT-20",2.9000000000,1675.00000000000,0.600000,5403.11000000,12.20000000,1.140000,1.020000,5880.00
"WASP-158 b","WASP-158",0.0517000000,3.65633300000,0.000000,886.74570000,11.99363000,1.380000,1.390000,6350.00
"HD 200964 b","HD 200964",1.5650000000,606.30000000000,0.087000,508.21017000,13.50000000,1.390000,4.920000,4982.00
"WASP-162 b","WASP-162",0.0871000000,9.62468000000,0.434000,1652.71600000,11.20900000,0.950000,1.110000,5300.00
"HD 28678 b","HD 28678",1.1800000000,380.20000000000,0.149000,490.09386000,13.50000000,1.530000,6.480000,4972.00
"HD 30856 b","HD 30856",1.8500000000,847.00000000000,0.061000,491.68301000,13.50000000,1.170000,4.400000,4895.00
"WASP-173 A b","WASP-173 A",0.0248000000,1.38665318000,0.000000,1172.79270000,13.45080000,1.050000,1.110000,5800.00
"HD 5319 b","HD 5319",1.5700000000,637.10000000000,0.092000,494.54348000,13.50000000,1.270000,4.060000,4871.00
"HD 95089 c","HD 95089",3.3300000000,1785.00000000000,0.284000,1096.51350000,13.10000000,1.540000,5.080000,4918.00
"HATS-36 b","HATS-36",0.0523000000,4.17518600000,0.105000,1022.14128000,12.92000000,1.100000,1.100000,5950.00
"HD 96063 b","HD 96063",1.1100000000,362.50000000000,0.170000,403.64410000,13.70000000,1.370000,4.750000,5020.00
"HD 5319 c","HD 5319",1.9300000000,872.20000000000,0.183000,334.67499000,13.80000000,1.270000,4.060000,4871.00
"KMT-2016-BLG-1820L b","KMT-2016-BLG-1820L",1.0800000000,,,1450.00000000,12.90000000,0.039000,,
"HD 94834 b","HD 94834",2.7400000000,1576.00000000000,0.140000,400.46580000,13.70000000,1.110000,4.200000,4798.00
"KMT-2016-BLG-2142L b","KMT-2016-BLG-2142L",0.8300000000,,,4923.00000000,12.20000000,0.073000,,
"HD 12648 b","HD 12648",0.5400000000,133.60001000000,0.040000,622.94680000,13.40000000,0.670000,11.020000,4835.00
"K2-312 c","HD 80653",1.8820000000,871.32000000000,0.843500,1681.31227303,12.80000000,1.150000,1.199000,5959.00
"KELT-15 b","KELT-15",0.0461300000,3.32944000000,0.000000,416.35730000,19.50366000,2.060000,1.780000,6003.00
"CoRoT-21 b","CoRoT-21",0.0417000000,2.72474000000,0.000000,718.29580000,14.57170000,1.290000,1.950000,6200.00
"70 Vir b","70 Vir",0.4810000000,116.68800000000,0.398800,2380.45000000,12.60000000,1.090000,1.890000,5495.00
"HD 102956 b","HD 102956",0.0807000000,6.49470000000,0.037000,305.11680000,13.80000000,1.660000,4.550000,4985.00
"HD 108863 b","HD 108863",1.3200000000,437.70000000000,0.032000,767.24162000,13.30000000,1.590000,5.740000,4878.00
"HD 131496 b","HD 131496",2.0100000000,896.00000000000,0.181000,572.09400000,13.40000000,1.340000,4.440000,4846.00
"HD 1502 b","HD 1502",1.2620000000,428.50000000000,0.031000,874.03250000,13.20000000,1.460000,4.670000,4947.00
"NGTS-3 A b","NGTS-3 A",0.0230000000,1.67537280000,,756.43540000,16.58932000,1.017000,0.930000,5600.00
"HD 70642 b","HD 70642",3.3180000000,2124.54000000000,0.175000,1239.53078730,13.00000000,1.078000,0.984000,5732.00
"HD 202696 b","HD 202696",1.5660000000,517.80000000000,0.011000,634.38868000,,1.910000,6.430000,5040.00
"HD 202696 c","HD 202696",2.3420000000,946.60000000000,0.028000,592.43512000,,1.910000,6.430000,5040.00
"KMT-2017-BLG-1038L b","KMT-2017-BLG-1038L",1.8000000000,,,640.00000000,13.40000000,0.370000,,
"HIP 79098 AB b","HIP 79098 AB",345.0000000000,,,6515.51500000,12.10000000,3.750000,,9193.75
"HD 89744 b","HD 89744",0.9170000000,256.78000000000,0.677000,2653.88050000,12.60000000,1.860000,2.132570,6291.00
"HD 65216 c","HD 65216",5.7500000000,5370.00000000000,0.170000,645.19490000,13.40000000,0.874000,0.880000,5612.00
"HAT-P-34 b","HAT-P-34",0.0677400000,5.45265400000,0.432000,1058.37390000,13.41717300,1.392000,1.530000,6442.00
"HAT-P-36 b","HAT-P-36",0.0241000000,1.32734683000,0.063000,587.41340600,14.31389300,1.030000,1.041000,5620.00
"TOI-172 b","TOI-172",0.0914000000,9.47725000000,0.380600,1722.63860000,10.81668500,1.128000,1.777000,5645.00
"HATS-24 b","HATS-24",0.0238000000,1.34849780000,0.000000,718.29580000,15.63655500,1.070000,1.120000,6125.00
"HD 92788 b","HD 92788",0.9700000000,325.80300000000,0.350000,1195.04080000,13.00000000,1.150000,1.140000,5744.00
"WASP-33 b","WASP-33",0.0239000000,1.21987000000,0.000000,665.21819000,17.85593700,1.495000,1.444000,7430.00
"WASP-161 b","WASP-161",0.0673000000,5.40604250000,,791.39670000,12.81188700,1.390000,1.712000,6400.00
"WASP-163 b","WASP-163",0.0266000000,1.60968840000,,594.34210000,13.47321800,0.970000,1.015000,5500.00
"Qatar-9 b","Qatar-9",0.0234000000,1.54073100000,0.000000,378.21770000,11.30988100,0.719000,0.696000,4309.00
"HD 117207 b","HD 117207",3.7870000000,2621.75000000000,0.157000,669.34662514,13.40000000,1.053000,1.074000,5732.00
"HD 143361 b","HD 143361",1.9880000000,1039.15000000000,0.197000,1382.55357045,12.90000000,0.968000,0.916000,5507.00
"HD 152079 b","HD 152079",4.1870000000,2918.92000000000,0.532000,845.74563000,13.20000000,1.147000,1.128000,5907.00
"HATS-63 b","HATS-63",0.0402600000,3.05665270000,0.136000,305.11680000,13.52926300,0.931000,1.070000,5627.00
"HATS-70 b","HATS-70",0.0363200000,1.88823780000,0.180000,4100.00700000,15.51325600,1.780000,1.881000,7930.00
"KMT-2016-BLG-1107L b","KMT-2016-BLG-1107L",0.3420000000,,,1043.00000000,13.10000000,0.087000,,
"HD 23127 b","HD 23127",2.3700000000,1211.17000000000,0.406000,485.32641000,13.50000000,1.208000,1.490000,5843.00
"HATS-66 b","HATS-66",0.0471400000,3.14143910000,0.064000,1694.03390000,15.81589900,1.411000,1.841000,6626.00
"HD 38801 b","HD 38801",1.6230000000,685.25000000000,0.017000,3082.31534000,12.50000000,1.207000,2.029000,5338.00
"HATS-67 b","HATS-67",0.0303200000,1.60917880000,0.057000,460.85350000,18.88716500,1.435000,1.441000,6594.00
"HATS-68 b","HATS-68",0.0507100000,3.58622020000,0.036000,410.00070000,13.80948800,1.351000,1.748000,6147.00
"WASP-190 b","WASP-190",0.0663000000,5.36775300000,0.000000,317.83000000,12.89035000,1.350000,1.600000,6400.00
"HATS-58 A b","HATS-58 A",0.0579800000,4.21808960000,0.168000,327.36490000,12.27385500,1.461000,1.433000,7175.00
"HR 5183 b","HR 5183",18.0000000000,27000.00000000000,0.840000,1052.01202717,13.10000000,1.070000,1.530000,5794.00
"WASP-175 b","WASP-175",0.0440300000,3.06529070000,0.000000,314.65170000,13.54047200,1.212000,1.204000,6229.00
"WASP-45 b","WASP-45",0.0396300000,3.12608900000,0.000000,306.38812000,10.60371400,0.850000,0.855000,5150.00
"EPIC 248847494 b","EPIC 248847494",4.5000000000,3650.00000000000,0.000000,4131.79000000,12.44199000,0.900000,2.700000,4898.00
"WASP-185 b","WASP-185",0.0904000000,9.38755000000,0.240000,311.47340000,14.01125000,1.120000,1.500000,5900.00
"TOI-150.01","TOI-150",0.0703700000,5.85748700000,0.262000,797.75330000,14.06729500,1.351000,1.526000,6255.00
"OGLE-2015-BLG-1649L b","OGLE-2015-BLG-1649L",2.0700000000,,,807.00000000,13.20000000,0.340000,,
"Kepler-448 c","KOI-12",4.2000000000,2500.00000000000,0.650000,6992.26000000,12.00000000,1.500000,1.400000,6635.00
"TOI-4562 c","TOI-4562",5.2190000000,3990.00000000000,0.122000,1833.86990839,12.80000000,1.192000,1.152000,6096.00
"HD 97048 b","HD 97048",130.0000000000,,,794.57500000,13.30000000,2.400000,2.250000,10000.00
"7 CMa b","7 CMa",1.7580000000,735.10000000000,0.060000,587.98550000,13.40000000,1.340000,4.870000,4826.00
"HAT-P-69 b","HAT-P-69",0.0655500000,4.78694910000,0.000000,1137.83140000,18.78628400,1.648000,1.926000,7394.00
"TOI-564 b","TOI-564",0.0273400000,1.65114400000,0.072000,464.98529000,11.43318000,0.998000,1.088000,5640.00
"WASP-150 b","WASP-150",0.0694000000,5.64420700000,0.377500,2688.84180000,11.99363000,1.394000,1.651000,6218.00
"NGTS-13 b","NGTS-13",0.0549000000,4.11902700000,0.086000,1538.29720000,12.80067800,1.300000,1.788000,5819.00
"KMT-2016-BLG-2397L b","KMT-2016-BLG-2397L",3.6400000000,,,836.00000000,13.20000000,0.640000,,
"OGLE-2017-BLG-1375L b","OGLE-2017-BLG-1375L",3.0400000000,,,3585.00000000,12.40000000,0.810000,,
"OGLE-2018-BLG-1700L b","OGLE-2018-BLG-1700L",2.8000000000,,,1400.00000000,12.90000000,0.420000,,
"HD 4760 b","HD 4760",1.1400000000,434.00000000000,0.230000,4417.83700000,12.30000000,1.050000,42.400000,4076.00
"HD 96992 b","HD 96992",1.2400000000,514.00000000000,0.410000,362.32620000,13.70000000,0.960000,7.430000,4725.00
"KMT-2018-BLG-1292L b","KMT-2018-BLG-1292L",6.0300000000,,,1400.00000000,12.90000000,1.090000,,
"TYC 8998-760-1 c","TYC 8998-760-1",320.0000000000,,,1906.98000000,12.32990000,1.000000,1.020000,4573.00
"MOA-2013-BLG-220L b","MOA-2013-BLG-220L",3.0300000000,,,871.00000000,13.20000000,0.880000,,
"KMT-2016-BLG-1836L b","KMT-2016-BLG-1836L",3.5000000000,,,700.00000000,13.30000000,0.490000,,
"OGLE-2013-BLG-0911L b","OGLE-2013-BLG-0911L",0.3900000000,,,3020.00000000,12.50000000,0.290000,,
"HIP 65 A b","HIP 65 A",0.0178200000,0.98097340000,0.000000,1021.18779000,22.75427000,0.781000,0.724200,4590.00
"TOI-481 b","TOI-481",0.0970000000,10.33111000000,0.153000,486.27990000,11.09691000,1.140000,1.660000,5735.00
"TIC 237913194 b","TIC 237913194",0.1207000000,15.16886500000,0.575000,617.22586000,12.52045300,1.026000,1.088000,5788.00
"TOI-157 b","TOI-157",0.0313800000,2.08454350000,0.000000,375.03940000,14.41477400,0.948000,1.167000,5404.00
"CoRoT-30 b","CoRoT-30",0.0844000000,9.06005000000,0.007000,921.70700000,11.30988100,0.980000,0.910000,5650.00
"WASP-186 b","WASP-186",0.0600000000,5.02679900000,0.330000,1341.24260000,12.44199000,1.220000,1.470000,6361.00
"TOI-251 b","TOI-251",0.0574100000,4.93777000000,0.000000,317.83000000,2.74000000,1.036000,0.881000,5875.00
"HD 211403 b","HD 211403",0.7680000000,223.80000000000,0.084000,1760.76937478,12.80000000,1.200000,1.206000,6273.00
"HD 213472 b","HD 213472",13.0000000000,17000.00000000000,0.530000,1112.39942450,13.10000000,1.048132,1.433902,5729.54
"HAT-P-59 b","HAT-P-59",0.0506400000,4.14197710000,0.030000,489.45574678,12.58768533,1.008000,1.103800,5678.00
"KIC 10068024 b","KIC 10068024",,2.07354900000,,635.65681400,13.40000000,1.220000,1.574000,6118.40
"TOI-1333 b","TOI-1333",0.0626000000,4.72021900000,0.073000,753.25710000,15.64776400,1.464000,1.925000,6274.00
"KMT-2019-BLG-1715L b","KMT-2019-BLG-1715L",3.3200000000,,,813.64072192,13.20000000,0.610000,,
"HD 60292 b","HD 60292",1.5000000000,495.40000000000,0.270000,2065.89500000,12.70000000,1.700000,27.000000,4348.00
"HD 221420 b","HD 221420",10.1500000000,10090.00000000000,0.140000,7278.27052030,12.00000000,1.351000,1.947000,5847.00
"HD 109286 b","HD 109286",1.2590000000,520.10000000000,0.338000,950.30693693,13.20000000,0.980000,1.089000,5694.00
"TOI-559 b","TOI-559",0.0723000000,6.98390950000,0.151000,1910.14872607,12.22899794,1.026000,1.233000,5925.00
"TIC 172900988 b","TIC 172900988 Aa",0.9028100000,200.45200000000,0.027100,942.00000000,11.25000000,1.238400,1.384200,6050.00
"OGLE-2018-BLG-0962L b","OGLE-2018-BLG-0962L",3.5900000000,,,425.89006538,13.60000000,0.540000,,
"HD 137496 c","HD 137496",1.2163000000,479.90000000000,0.477000,2434.56559762,12.60000000,1.040000,1.590000,5799.00
"TOI-3362 b","TOI-3362",0.1530000000,18.09547000000,0.815000,1598.35905880,12.80065596,1.445000,1.830000,6532.00
"HATS-76 b","HATS-76",0.0265800000,1.94164230000,0.062000,835.57088200,12.09449018,0.662000,0.625900,4016.00
"HD 69123 b","HD 69123",2.4820000000,1193.30000000000,0.190000,982.08977763,13.10000000,1.680000,7.720000,4842.00
"Kepler-281 d","Kepler-281",0.5456000000,148.27200320000,0.000000,654.00000000,5.93747806,0.984000,0.884000,5717.00
"b Cen AB b","b Cen A",556.0000000000,1790000.00000000000,0.400000,3464.32963630,12.40000000,5.500000,,
"HD 99283 b","HD 99283",1.0800000000,310.40000000000,0.200000,308.29355479,13.80000000,1.760000,11.210000,4886.00
"gam Psc b","gam Psc",1.3200000000,555.10000000000,0.204000,425.89006538,13.60000000,0.990000,11.200000,4742.00
"iot Dra b","iot Dra",1.4530000000,510.85440000000,0.701000,3756.73177074,12.40000000,1.540000,11.790000,4504.00
"CoRoT-35 b","CoRoT-35",0.0429000000,3.22748000000,0.000000,349.61124770,18.83108758,1.010000,1.650000,6390.00
"iot Dra c","iot Dra",19.4000000000,25000.00000000000,0.455000,4958.12314920,12.20000000,1.540000,11.790000,4504.00
"HD 160691 c","HD 160691",4.1700000000,3947.00000000000,0.039000,1398.44499080,,1.130000,1.330000,5773.00
"AB Aur b","AB Aur",93.9000000000,,0.400000,2860.45566300,12.50000000,2.400000,2.958870,9770.00
"HD 33142 b","HD 33142",1.0740000000,330.00000000000,0.049000,400.46379282,13.70000000,1.520000,4.170000,5025.40
"HD 160691 e","HD 160691",0.9600000000,307.90000000000,0.066600,2224.79884900,,1.130000,1.330000,5773.00
"HIP 94235 b","HIP 94235",0.0787000000,7.71305700000,0.320000,379.00000000,3.00000000,1.094000,1.080000,5991.00
"HD 103891 b","HD 103891",3.2700000000,1919.00000000000,0.310000,918.52409623,13.20000000,1.280000,2.220000,6072.00
"HD 19615 b","HD 19615",1.1000000000,402.00000000000,0.200000,2701.54145950,12.60000000,1.100000,32.300000,4263.00
"TOI-2046 b","TOI-2046",,1.49718420000,,731.00533610,16.14093221,1.130000,1.210000,6250.00
"mu2 Sco b","mu2 Sco",242.4000000000,,0.560000,4576.72906080,12.30000000,9.100000,5.600000,21700.00
"HD 81040 b","HD 81040",1.9460000000,1002.70000000000,0.525000,2301.07766668,12.60000000,0.990000,0.910000,5755.00
"HD 171238 b","HD 171238",2.5180000000,1515.00000000000,0.358000,2796.88998160,12.50000000,0.920000,1.010000,5467.00
"HD 87883 b","HD 87883",3.7700000000,3006.00000000000,0.720000,2005.49724817,12.70000000,0.800000,0.798557,4980.00
"HD 106515 A b","HD 106515 A",4.4800000000,3626.00000000000,0.571000,6006.95689230,12.10000000,0.890000,0.910000,5362.00
"KMT-2017-BLG-2509L b","KMT-2017-BLG-2509L",2.1400000000,,,664.26137063,13.40000000,0.460000,,
"TOI-5153 b","TOI-5153",0.1580000000,20.33003000000,0.091000,1036.12060682,11.88151954,1.240000,1.400000,6300.00
"NGTS-20 b","NGTS-20",0.3130000000,54.18915000000,0.432000,947.12865286,11.99360935,1.470000,1.780000,5980.00
"HD 29021 b","HD 29021",2.2940000000,1365.00000000000,0.453000,1420.69297929,12.90000000,0.860000,0.850000,5560.00
"HD 136118 b","HD 136118",2.3270000000,1187.59765000000,0.344000,4164.18778851,12.30000000,1.180000,1.677540,6097.00
"HD 93351 c","HD 93351",11.1540000000,14010.29410000000,0.109000,4154.01727949,12.30000000,0.940000,0.911435,5408.00
"HD 113337 b","HD 113337",1.0220000000,317.58639000000,0.280000,1035.80277841,13.10000000,1.410000,1.500000,6774.00
"HIP 97233 b","HIP 97233",2.4910000000,1062.26506000000,0.630000,6098.17364511,12.10000000,1.810000,5.340000,5020.00
"GJ 2030 c","GJ 2030",16.7610000000,25533.11353000000,0.041000,4069.15709482,12.30000000,0.960000,2.241040,5485.00
"GJ 680 b","GJ 680",10.1380000000,17281.66514000000,0.381000,7977.49301570,12.00000000,0.456000,0.459330,3563.00
"TOI-3540 A b","TOI-3540 A",0.0428900000,3.11999900000,0.000000,375.03752026,23.53885947,1.081000,1.228000,5810.00
"TOI-3331 A b","TOI-3331 A",0.0314400000,2.01802310000,0.000000,721.47048389,12.97999965,1.016000,0.952000,5609.00
"TOI-3693 b","TOI-3693",0.0813000000,9.08851600000,0.000000,324.18497514,12.59889431,0.867000,0.791000,5321.00
"HD 145934 b","HD 145934",4.8900000000,2751.53433000000,0.078000,658.54045930,13.40000000,2.058000,6.930587,4823.75
"HD 149806 b","HD 149806",12.4040000000,16521.52778000000,0.357000,4003.68444298,12.30000000,0.930000,0.890000,5352.05
"HD 151450 c","HD 151450",14.1310000000,18144.76236000000,0.138000,1636.18063924,12.80000000,1.140000,1.171840,6091.98
"HD 191806 b","HD 191806",2.7490000000,1603.38923000000,0.213000,2966.61035094,12.50000000,1.070000,1.402230,6010.00
"HD 153557 d","HD 153557",21.4490000000,40654.64809000000,0.152000,8725.66108578,11.90000000,0.790000,0.745171,4837.00
"HD 12235 c","HD 12235",22.2100000000,36336.70679000000,0.174000,3135.69506346,12.50000000,1.100000,1.801850,5986.00
"GJ 896 A b","GJ 896 A",0.6396500000,284.39000000000,0.350000,718.29219982,13.30000000,0.435990,0.394682,3345.00
"GJ 676 A c","GJ 676 A",9.7260000000,13921.42302000000,0.295000,4288.14086724,12.30000000,0.626000,0.690000,3734.00
"HD 219828 c","HD 219828",5.6570000000,4789.87297000000,0.811000,5102.41724598,12.20000000,1.040000,1.560000,5891.00
"HD 72892 b","HD 72892",0.2280000000,39.44603000000,0.419000,1737.88572948,12.80000000,1.010000,1.220000,5688.00
"HD 111232 b","HD 111232",2.1480000000,1169.13202000000,0.214000,2531.50326176,12.60000000,0.960000,0.900000,5512.00
"HD 10697 b","HD 10697",2.0510000000,1075.37990000000,0.104000,1825.28854140,12.80000000,0.990000,1.863076,5641.00
"HD 125612 b","HD 125612",1.3490000000,557.69994000000,0.446000,945.22168242,13.20000000,1.050000,1.070000,5900.00
"HIP 67537 b","HIP 67537",4.8070000000,2523.64713000000,0.586000,4309.11754211,12.30000000,2.316000,8.690000,4985.00
"HD 156098 c","HD 156098",8.4150000000,7841.58390000000,0.391000,1661.60691180,12.80000000,1.290000,2.757160,6419.19
"HD 168863 b","HD 168863",10.9610000000,14773.93272000000,0.187000,2154.87659946,12.70000000,0.800000,0.777826,4905.00
"HD 203387 c","HD 203387",5.0670000000,2481.07227000000,0.202000,2378.94562640,12.60000000,2.817000,10.585200,5174.32
"HIP 35965 b","HIP 35965",15.8980000000,26125.56497000000,0.138000,2589.98368864,12.60000000,0.780000,0.697551,4836.00
"HD 125612 d","HD 125612",3.9820000000,2822.72698000000,0.115000,2281.37230545,12.70000000,1.050000,1.070000,5900.00
"HD 156279 c","HD 156279",5.4860000000,4818.25358000000,0.261000,3098.82696825,12.50000000,0.940000,0.950000,5453.00
"HD 27894 d","HD 27894",5.3620000000,5019.54244000000,0.343000,2063.65984665,12.70000000,0.810000,0.891767,4875.00
"HD 181234 b","HD 181234",7.4270000000,7593.40512000000,0.726000,2980.91262925,12.50000000,0.940000,1.059423,5386.00
"HIP 948 b","HIP 948",15.0370000000,24955.45756000000,0.230000,6547.26518420,12.10000000,0.710000,0.688488,4497.00
"HD 139357 b","HD 139357",2.9490000000,1124.79139000000,0.099000,6315.56827550,12.10000000,2.690000,11.470000,4700.00
"HD 25015 b","HD 25015",6.2480000000,6134.42700000000,0.341000,2884.92845034,12.50000000,0.860000,0.830000,5160.00
"HD 188641 b","HD 188641",12.0270000000,14583.81038000000,0.034000,9333.03117155,11.90000000,1.070000,1.944920,5897.32
"HD 168443 b","HD 168443",0.2920000000,58.11187000000,0.530000,2424.39508860,12.60000000,0.980000,1.711479,5491.00
"HD 156279 b","HD 156279",0.5020000000,133.40355000000,0.647000,2997.75753482,12.50000000,0.940000,0.950000,5453.00
"HD 168443 c","HD 168443",2.8420000000,1753.10960000000,0.210000,5500.33841154,12.20000000,0.980000,1.711479,5491.00
"HD 81817 b","HD 81817",3.2330000000,1021.20159000000,0.097000,7668.56380410,12.00000000,4.300000,83.800000,4140.00
"HD 204313 e","HD 204313",7.4570000000,7325.64666000000,0.253000,4868.17771002,12.20000000,1.030000,1.100000,5767.00
"HD 169830 c","HD 169830",3.0750000000,1818.82339000000,0.246000,2437.42605328,12.60000000,1.170000,1.935709,6300.00
"HIP 56640 b","HIP 56640",4.5500000000,2675.57603000000,0.118000,2151.69831539,12.70000000,1.750000,4.930000,4769.00
"HD 183263 c","HD 183263",5.5850000000,4667.97841000000,0.051000,2958.98246917,12.50000000,1.060000,1.230000,5948.00
"HD 66428 c","HD 66428",9.4080000000,10478.84437000000,0.207000,560.64930995,13.50000000,1.010000,1.130000,5716.00
"HD 80869 b","HD 80869",2.9050000000,1752.92067000000,0.924000,1609.80088146,12.80000000,1.060000,1.062000,5837.00
"HD 25912 c","HD 25912",17.8480000000,26308.65619000000,0.051000,5252.75008249,12.20000000,1.080000,0.995896,5920.58
"HD 109988 b","HD 109988",12.5180000000,17132.15854000000,0.056000,6935.33366915,12.10000000,0.880000,0.869694,5185.97
"HD 43197 c","HD 43197",8.5400000000,9295.97350000000,0.149000,2500.67390628,12.60000000,0.960000,1.000000,5508.00
"HD 38529 c","HD 38529",3.2260000000,2127.60566000000,0.357000,3299.05886466,12.50000000,0.980000,2.857838,5697.00
"HD 110537 b","HD 110537",16.7140000000,24469.67342000000,0.401000,8612.83200129,11.90000000,1.020000,1.166260,5718.00
"HD 56957 b","HD 56957",6.4260000000,5859.08992000000,0.273000,1880.90851263,12.80000000,1.030000,1.777930,5743.00
"HD 62364 c","HD 62364",36.9840000000,74839.94555000000,0.773000,7923.46218651,12.00000000,1.190000,1.401000,6255.00
"HD 4113 b","HD 4113",1.2800000000,526.52390000000,0.899000,541.26177712,13.50000000,1.008000,1.077514,5688.00
"HD 111232 c","HD 111232",17.2500000000,26472.44623000000,0.558000,5740.93451564,12.20000000,0.960000,0.900000,5512.00
"HD 62549 b","HD 62549",11.8420000000,14306.88519000000,0.150000,2707.58019923,12.60000000,1.080000,1.232270,5930.46
"HD 73267 b","HD 73267",2.2290000000,1257.99159000000,0.261000,1321.53051631,13.00000000,0.930000,0.909000,5387.00
"HD 11505 b","HD 11505",20.2470000000,32669.22247000000,0.144000,2510.52658689,12.60000000,1.030000,1.195680,5757.15
"HD 80913 b","HD 80913",9.9500000000,10839.83341000000,0.313000,7505.20000290,12.00000000,1.110000,1.654200,6013.24
"HD 81817 c","HD 81817",2.3250000000,622.97802000000,0.095000,7185.78245386,12.00000000,4.300000,83.800000,4140.00
"HD 86264 b","HD 86264",2.7630000000,1488.79123000000,0.821000,3117.26101586,12.50000000,1.260000,1.880000,6210.00
"HD 7449 b","HD 7449",2.4380000000,1270.55195000000,0.752000,2597.92939882,12.60000000,1.196000,0.970000,6024.00
"HD 8673 b","HD 8673",2.9700000000,1644.69097000000,0.730000,4210.59073594,12.30000000,1.280000,1.502250,6389.05
"HD 135872 b","HD 135872",4.1720000000,2422.32597000000,0.164000,1744.56012602,12.80000000,1.646000,3.930380,4992.00
"HD 86065 b","HD 86065",15.9470000000,25775.78859000000,0.219000,2877.30056857,12.50000000,0.810000,0.780347,4927.56
"HD 88072 b","HD 88072",13.8950000000,18538.79293000000,0.156000,2511.79790052,12.60000000,1.040000,1.032000,5785.33
"HD 142 c","HD 142",9.8110000000,10159.64279000000,0.277000,3464.64746471,12.40000000,1.210000,1.470000,6245.00
"TOI-4603 b","TOI-4603",0.0888000000,7.24599000000,0.325000,4096.80816623,11.67975789,1.765000,2.738000,6264.00
"KMT-2021-BLG-0909L b","KMT-2021-BLG-0909L",1.7500000000,,,400.46379282,13.70000000,0.380000,,
"MASCARA-1 b","MASCARA-1",0.0403520000,2.14877381000,0.000340,1175.97100000,17.90074218,1.900000,2.082000,7490.00
"TOI-3364 b","TOI-3364",0.0675000000,5.87689180000,0.000000,530.77343969,12.22899794,1.186000,1.419000,5706.00
"KMT-2021-BLG-1105L b","KMT-2021-BLG-1105L",3.5400000000,,,413.17692910,13.60000000,0.630000,,
"TOI-3688 A b","TOI-3688 A",0.0456000000,3.24607500000,0.000000,311.47183886,13.08088048,1.199000,1.302000,5950.00
"HIP 21152 b","HIP 21152",17.0000000000,22000.00000000000,0.360000,7627.88176800,12.00000000,1.400000,1.591860,6655.00
"OGLE-2019-BLG-0468L c","OGLE-2019-BLG-0468L",2.7700000000,,,3248.20631954,12.50000000,0.920000,,
"OGLE-2019-BLG-0468L b","OGLE-2019-BLG-0468L",3.2900000000,,,1090.15143601,13.10000000,0.920000,,
"TOI-942 b","TOI-942",0.0486600000,4.32421000000,0.340000,826.35800000,3.89000000,0.822000,0.894000,4969.00
"KMT-2017-BLG-0673L b","KMT-2017-BLG-0673L",2.3400000000,,,1166.43025369,13.00000000,0.630000,,
"TOI-4791 b","TOI-4791",0.0555000000,4.28088000000,0.000000,734.18362017,12.44196858,1.242000,1.409000,6058.00
"OGLE-2019-BLG-1470L AB c","OGLE-2019-BLG-1470L A",3.2000000000,,,699.22249540,13.30000000,0.570000,,
"TIC 279401253 b","TIC 279401253",0.3690000000,76.80000000000,0.448000,1951.46641898,11.20898070,1.130000,1.060000,5951.00
"TIC 279401253 c","TIC 279401253",0.5910000000,155.30000000000,0.254000,2548.98382414,12.60000000,1.130000,1.060000,5951.00
"TOI-1811 b","TOI-1811",0.0438900000,3.71307650000,0.052000,308.92921160,11.14172682,0.817000,0.769000,4766.00
"TOI-2152 A b","TOI-2152",0.0506400000,3.37735120000,0.057000,899.45439181,14.35870428,1.516000,1.612000,6630.00
"TOI-2497 b","TOI-2497",0.1166000000,10.65566900000,0.195000,1531.93292174,11.14172682,1.859000,2.360000,7360.00
"TOI-5542 b","TOI-5542",0.3320000000,75.12375000000,0.018000,419.53349724,11.30986153,0.890000,1.058000,5700.00
"TOI-2338 b","TOI-2338",0.1580000000,22.65398000000,0.676000,1900.61387386,11.20898070,0.990000,1.050000,5581.00
"PZ Tel b","PZ Tel",27.0000000000,44000.00000000000,0.520000,8581.36698900,11.90000000,1.360000,1.256460,5169.00
"KMT-2018-BLG-0030L b","KMT-2018-BLG-0030L",4.3900000000,,,460.85119015,13.60000000,0.510000,,
"TOI-969 c","TOI-969",2.5200000000,1700.00000000000,0.628000,3591.46099910,12.40000000,0.734000,0.671000,4435.00
"HD 111998 b","HD 111998",1.9100000000,810.00000000000,0.130000,1525.57635360,12.90000000,1.400000,1.450000,6557.00
"HIP 70849 b","HIP 70849",3.9900000000,3649.00000000000,0.650000,1430.22783150,12.90000000,0.650000,0.633112,4105.00
"HD 114783 c","HD 114783",5.0000000000,4352.00000000000,0.050000,603.87397330,13.40000000,0.900000,0.840622,5135.00
"HD 140901 c","HD 140901",11.8000000000,14386.00000000000,0.770000,572.09113260,13.40000000,1.060000,0.950000,5610.00
"K2-416 b","K2-416",0.0880000000,13.10200000000,,1652.70771640,2.66000000,0.548000,0.554000,3746.00
"HIP 54597 b","HIP 54597",4.0000000000,3274.00000000000,0.030000,762.78817680,13.30000000,0.800000,0.660000,4799.00
"HD 75302 b","HD 75302",5.3000000000,4356.00000000000,0.390000,1716.27339780,12.80000000,1.060000,0.940904,5697.46
"HIP 81208 C b","HIP 81208 C",23.0400000000,104100.00000000000,,4703.86042360,12.30000000,0.135000,,
"HD 108202 b","HD 108202",3.7000000000,2990.00000000000,0.520000,953.48522100,13.10000000,0.740000,0.663550,4556.03
"TOI-4201 b","TOI-4201",0.0400000000,3.58191940000,0.041000,788.21444936,13.67495645,0.610000,0.630000,3794.00
"HAT-P-2 c","HAT-P-2",,8500.00000000000,0.370000,3400.76395490,12.40000000,1.330000,1.416000,6412.00
"TOI-4600 b","TOI-4600",0.3490000000,82.68690000000,0.250000,959.84178914,6.80000000,0.890000,0.810000,5170.00
"TOI-858 B b","TOI-858 B",0.0443500000,3.27971780000,0.150000,349.61124770,14.06727078,1.081000,1.308000,5842.00
"WISE J033605.05-014350.4 b","WISE J033605.05-014350.4",0.9700000000,2560.00000000000,,2622.08435775,12.60000000,0.013100,,415.00
"HD 6860 b","HD 6860",2.0300000000,663.87000000000,0.280000,8981.83078182,11.90000000,2.490000,86.400000,3802.00
"HD 36384 b","HD 36384",1.3000000000,490.00000000000,0.200000,2097.66748620,12.70000000,1.140000,38.400000,3940.00
"K2-2016-BLG-0005L b","K2-2016-BLG-0005L",4.1600000000,4700.00000000000,,349.61124770,13.70000000,0.584000,,
"GJ 849 c","GJ 849",4.9500000000,5990.00000000000,0.092000,314.65012293,13.80000000,0.450000,0.450000,3467.00
"HD 62364 b","HD 62364",6.1500000000,5138.00000000000,0.607000,5965.63919939,12.10000000,1.157000,1.401000,6255.00
"Kepler-454 d","Kepler-454",5.1000000000,4073.00000000000,0.089000,734.18362017,13.30000000,1.030000,1.066000,5687.00
"GJ 832 b","GJ 832",3.7000000000,3853.00000000000,0.050000,314.65012293,13.80000000,0.450000,0.441557,3472.00
"HD 100777 b","HD 100777",1.0600000000,383.00000000000,0.380000,390.92894061,13.70000000,1.080000,1.040000,5533.00
"HD 167677 b","HD 167677",2.8770000000,1820.00000000000,0.182000,905.81095995,13.20000000,0.960000,0.952710,5474.00
"HD 165131 b","HD 165131",3.5400000000,2342.60000000000,0.670800,5943.39121090,12.10000000,1.060000,1.064190,5870.00
"HIP 39017 b","HIP 39017",22.1000000000,31000.00000000000,0.550000,7500.75040520,12.00000000,1.520000,1.519870,7201.00
"omi UMa b","omi UMa",3.6910000000,1569.81000000000,0.149000,1160.39151396,13.00000000,2.720000,13.840000,5075.00
"omi CrB b","omi CrB",0.6990000000,187.01000000000,0.105000,355.96781584,13.70000000,1.300000,11.870000,4769.00
"HD 4732 c","HD 4732",4.7250000000,3184.20000000000,0.187000,1069.49258955,13.10000000,1.390000,5.030000,4898.00
"HD 4732 b","HD 4732",1.1290000000,371.74000000000,0.266000,631.20721630,13.40000000,1.390000,5.030000,4898.00
"TOI-2010 b","TOI-2010",0.5516000000,141.83402500000,0.212000,408.72733140,11.81426566,1.112000,1.079000,5929.00
"TOI-2416 b","TOI-2416",0.0831000000,8.27547900000,0.320000,953.48522100,9.86390302,1.118000,1.236000,5808.00
"TOI-2373 b","TOI-2373",0.1120000000,13.33668000000,0.112000,2955.80418510,10.42435205,1.041000,1.102000,5651.00
"gam Lib b","gam Lib",1.3190000000,414.88000000000,0.160000,357.87478628,13.70000000,1.780000,12.380000,4879.00
"KMT-2021-BLG-1770L b","KMT-2021-BLG-1770L",0.9000000000,,,6674.39654700,12.10000000,0.130000,,
"OGLE-2019-BLG-1180L b","OGLE-2019-BLG-1180L",5.1900000000,,,555.24622703,13.50000000,0.545000,,
"HD 47366 b","HD 47366",1.2070000000,360.08000000000,0.071000,661.71874337,13.40000000,1.810000,7.300000,4866.00
"HD 47366 c","HD 47366",1.8400000000,677.53000000000,0.161000,483.73483545,13.50000000,1.810000,7.300000,4866.00
"HATS-2 b","HATS-2",0.0231700000,1.35413379000,0.000000,435.42491759,12.57647635,0.904000,0.876000,5227.00
"gam Cep b","gam Cep",2.1300000000,913.00000000000,0.150000,2097.66748620,12.70000000,1.270000,4.740000,4775.00
"2MASS J11550485-7919108 b","2MASS J11550485-7919108",587.0000000000,,,6356.56814000,12.10000000,0.588460,0.600455,3021.00
"2MASS J21252752-8138278 b","2MASS J21252752-8138278",7493.0000000000,,,3813.94088400,12.40000000,0.643977,0.672832,3592.00
"HIP 66074 b","HIP 66074",0.7990000000,310.90000000000,0.948000,1589.14203500,12.90000000,0.705000,0.690000,4300.00
"Kepler-553 c","Kepler-553",0.8980000000,328.24017000000,0.346000,2129.45032690,11.57887706,0.889000,0.902000,5191.00
"14 And b","14 And",0.7750000000,186.76000000000,0.000000,1131.15130051,13.10000000,1.780000,11.550000,4888.00
"18 Del b","18 Del",2.4760000000,982.85000000000,0.024000,2926.24614325,12.50000000,2.100000,8.800000,4980.00
"KMT-2019-BLG-0335L b","KMT-2019-BLG-0335L",1.6400000000,,,6674.39654700,12.10000000,0.320000,,
"6 Lyn b","6 Lyn",2.0280000000,919.86000000000,0.042000,597.83523357,13.40000000,1.320000,4.940000,4941.00
"4 UMa b","4 UMa",0.8770000000,270.27000000000,0.453000,2511.48007211,12.60000000,1.234000,18.110000,4415.00
"TOI-4641 b","TOI-4641",0.1730000000,22.09341000000,0.074000,1229.99593509,8.18255591,1.410000,1.720000,6560.00
"CI Tau c","CI Tau",0.1700000000,25.20000000000,0.580000,1144.18226520,13.00000000,0.900000,1.880857,3807.00
"TOI-1994 b","TOI-1994",0.0613000000,4.03371420000,0.341000,7024.00779470,13.67495645,1.860000,2.300000,7700.00
"TOI-4515 b","TOI-4515",0.1180000000,15.26644600000,0.461000,637.00000000,12.17000000,0.949000,0.860000,5433.00
"M62H b","M62H",,0.13293502800,,785.03616529,,1.400000,,
"HD 145457 b","HD 145457",0.7620000000,176.13000000000,0.111000,888.01256916,13.20000000,1.900000,9.900000,4757.00
"HD 167042 b","HD 167042",1.2200000000,417.67000000000,0.010000,444.00628458,13.60000000,1.390000,4.630000,4919.00
"HD 173416 b","HD 173416",1.1580000000,322.03000000000,0.208000,585.12209729,13.40000000,2.000000,13.500000,4683.00
"HD 32518 b","HD 32518",0.5940000000,157.35000000000,0.028000,905.49313154,13.20000000,1.130000,10.220000,4580.00
"HS Psc b","HS Psc",0.0435000000,3.98600000000,0.270000,464.02947422,13.60000000,0.690000,0.650000,4203.00
"HD 81688 b","HD 81688",0.6480000000,183.93000000000,0.040000,525.68818518,13.50000000,1.070000,11.130000,4797.00
"kap CrB b","kap CrB",2.5000000000,1253.68000000000,0.040000,689.69110000,13.30000000,1.330000,4.680000,4840.00
"KMT-2021-BLG-1547L b","KMT-2021-BLG-1547L",4.5000000000,,,467.20775829,13.60000000,0.720000,,
"11 Com b","11 Com",1.1780000000,323.21000000000,0.238000,4914.89848585,12.20000000,2.090000,13.760000,4874.00
"nu Oph b","nu Oph",1.7650000000,529.93000000000,0.126000,7057.73298000,12.00000000,2.610000,12.240000,4887.00
"TOI-4377 b","TOI-4377",0.0579000000,4.37808100000,0.045000,304.16178550,15.10970598,1.360000,3.520000,4974.00
"HD 76920 b","HD 76920",1.0910000000,415.89100000000,0.878200,994.80291391,13.10000000,1.000000,8.330000,4664.00
"75 Cet b","75 Cet",1.9120000000,696.62000000000,0.093000,787.89662095,13.30000000,1.920000,10.380000,4809.00
"TOI-3919 b","TOI-3919",0.0795000000,7.43323400000,0.259000,1233.17421916,12.31866979,1.208000,1.319000,6100.00
"TOI-5301 b","TOI-5301",0.0730000000,5.85885800000,0.330000,1182.32167404,13.09208946,1.483000,2.190000,6240.00
"TOI-5232 b","TOI-5232",0.0559300000,4.09666920000,0.035000,743.71847238,12.77823800,1.389000,1.785000,6500.00
"TOI-6029 b","TOI-6029",,5.79870000000,0.091000,519.64944544,14.39233122,1.548000,2.338000,6223.00
"TIC 4672985 b","TIC 4672985",0.3300000000,69.04800000000,0.018000,4049.13390518,11.50041420,1.010000,1.150000,5757.00
"TOI-5218 b","TOI-5218",0.0469000000,4.29145200000,0.000000,657.00000000,9.86000000,0.739000,0.708000,4230.00
"TOI-1601 b","TOI-1601",0.0690000000,5.33175000000,0.000000,387.00000000,14.19902343,1.505500,2.195000,5982.00
"TOI-5634 A b","TOI-5634 A",0.0272000000,2.20353730000,0.000000,588.00000000,10.42000000,0.556000,0.540000,3896.00
"OGLE-2023-BLG-0836L b","OGLE-2023-BLG-0836L",3.7000000000,,,1385.73185452,12.90000000,0.710000,,
"BD-14 3065 b","BD-14 3065 A",0.0656000000,4.28897310000,0.066000,3932.00000000,21.59000000,1.410000,2.350000,6935.00
"2MASS J03590986+2009361 b","2MASS J03590986+2009361",572.0000000000,,,5720.91132600,12.20000000,0.264996,0.289776,2943.00
"TIC 139270665 c","TIC 139270665",2.0000000000,1010.00000000000,0.566000,1554.18091023,12.90000000,1.035000,1.016000,5844.00
"OGLE-2014-BLG-0221L b","OGLE-2014-BLG-0221L",3.7600000000,,,1382.55357045,12.90000000,0.690000,,
"GJ 900 b","GJ 900 A",12000.0000000000,,,3496.11247700,12.40000000,1.080000,0.716187,3976.00
"TOI-1855 b","TOI-1855",0.0239800000,1.36414864000,0.033000,360.09958513,18.49481816,0.987000,1.041000,5359.00
"SWEEPS-11 b","SWEEPS-11",0.0300000000,1.79600000000,,3082.82000000,12.66600000,1.100000,1.450000,
"K2-260 b","K2-260",0.0439200000,2.62669762000,0.053000,546.66486004,18.41635529,1.637000,1.755000,6860.00
"K2-237 b","K2-237",0.0355200000,2.18053332000,0.030000,434.15360396,16.06246934,1.256000,1.236000,6180.00
"BD-17 63 b","BD-17 63",1.3400000000,655.57000000000,0.543900,1639.99458012,12.80000000,0.741000,0.740000,4714.00
"HD 175167 b","HD 175167",2.4000000000,1175.00000000000,0.510000,4703.86042360,12.30000000,1.090000,1.750000,5635.00
"KELT-24 b","KELT-24",0.0665000000,5.55149296000,0.031900,1458.83238813,12.71098411,1.268000,1.338000,6426.00
"K2-77 b","K2-77",0.0753000000,8.20008440000,0.290000,603.87700000,2.49960270,0.847000,0.792000,5160.00
"NGTS-33 b","NGTS-33",0.0480000000,2.82797200000,0.000000,1153.71711741,18.38272835,1.600000,1.470000,7437.00
"TOI-2537 b","TOI-2537",0.3715000000,94.10220000000,0.364000,415.40172795,11.25381662,0.771000,0.771000,4870.00
"K2-114 b","K2-114",0.0944000000,11.39093100000,0.079000,638.83509807,10.59248676,0.863000,0.832000,4899.00
"TOI-2295 c","TOI-2295",2.0180000000,966.50000000000,0.194000,1783.01736327,12.80000000,1.168000,1.459000,5730.00
"TOI-5110 b","TOI-5110",0.2157000000,30.15857700000,0.745000,921.70238030,11.98240037,1.469000,2.333000,6160.00
"TOI-2537 c","TOI-2537",2.7800000000,1920.00000000000,0.287000,2297.89938261,12.70000000,0.771000,0.771000,4870.00
"K2-115 b","K2-115",0.1415000000,20.27299140000,0.063000,321.00669107,11.80305668,0.918000,0.855000,5870.00
"HD 222237 b","HD 222237",10.8000000000,14892.00000000000,0.560000,1649.52943233,12.80000000,0.760000,0.710000,4751.00
"TOI-2981 b","TOI-2981",0.0480000000,3.60150100000,0.035000,638.00000000,13.40000000,1.030000,1.080000,5940.00
"OGLE-2016-BLG-1800L b","OGLE-2016-BLG-1800L",1.8800000000,,,823.17557413,13.20000000,0.410000,,
"TOI-1295 b","TOI-1295",0.0470000000,3.19688380000,0.024000,451.31633794,15.69257298,1.380000,1.700000,6280.00
"TOI-6130 b","TOI-6130",0.0360000000,2.39267900000,0.036000,333.71982735,14.34749530,1.310000,1.510000,6110.00
"HD 73344 d","HD 73344",6.7000000000,5823.00000000000,0.180000,810.46243785,13.20000000,1.190000,1.220000,6148.00
"TOI-2485 b","TOI-2485",0.1093000000,11.23479000000,0.034100,766.60211768,12.13932610,1.163000,1.720000,6016.40
"HD 118203 c","HD 118203",6.2800000000,5103.00000000000,0.260000,3747.19691853,12.40000000,1.270000,2.040000,5742.00
"TOI-2969 b","TOI-2969",0.0261000000,1.82371460000,0.000000,368.68095212,12.32987877,0.710000,0.700000,4738.00
"TOI-4794 b","TOI-4794",0.0492000000,3.56581160000,0.100000,308.29355479,14.35870428,1.250000,1.451000,6390.00
"AT2021ueyL b","AT2021ueyL",4.0100000000,4168.69000000000,,425.89006538,13.60000000,0.490000,,3680.00
"LP 261-75 b","LP 261-75 A",450.0000000000,,,6674.39654700,12.10000000,0.220000,0.308000,3138.00
"TOI-5882 b","TOI-5882",0.0804000000,7.14897200000,0.033900,6995.40323807,11.46678726,1.334000,2.260000,5920.00
"TOI-4465 b","TOI-4465",0.4160000000,101.94054000000,0.240000,1872.00931723,14.01122587,0.930000,1.014000,5545.00
"HIP 67851 b","HIP 67851",0.4200000000,89.23000000000,0.130000,365.50266805,13.70000000,1.280000,5.450000,4840.00
"HIP 67851 c","HIP 67851",4.5500000000,3128.41000000000,0.300000,2204.77565936,12.70000000,1.280000,5.450000,4840.00
"TOI-2346 b","TOI-2346",0.0473000000,3.33120290000,0.086000,394.10722468,16.11851425,1.271000,1.380000,6480.00
"HD 94890 b","HD 94890",2.0700000000,824.61000000000,0.220000,676.97450691,13.30000000,1.740000,10.710000,4867.00
"HD 87816 b","HD 87816",1.6180000000,484.17000000000,0.780000,2142.16346318,12.70000000,2.410000,9.000000,4989.00
"TOI-2886 b","TOI-2886",0.0287100000,1.60200105000,0.110000,444.95976980,18.64053490,1.229000,1.241000,6240.00
"HD 102888 b","HD 102888",1.0500000000,252.06000000000,0.110000,1808.44363583,12.80000000,2.420000,8.600000,4990.00
"HD 94890 c","HD 94890",4.3300000000,2492.19000000000,0.050000,2831.85110637,12.50000000,1.740000,10.710000,4867.00
"TOI-3135 b","TOI-3135",0.0475600000,3.70655850000,0.240000,327.36325921,13.65253849,1.044000,0.985000,5890.00
"Gaia-4 b","Gaia-4",,571.30000000000,0.338000,3750.37520260,12.40000000,0.644000,0.624000,4034.00
"WASP-188 b","WASP-188",0.0720000000,5.74891600000,0.000000,458.62639130,14.81827249,1.500000,1.830000,6850.00
"TOI-3464 b","TOI-3464",0.0515000000,3.65155680000,0.250000,397.28550875,13.76462830,1.363000,1.560000,6370.00
"WASP-197 b","WASP-197",0.0650000000,5.16722800000,0.000000,403.32424848,14.44837612,1.360000,2.112000,6050.00
"GJ 508.2 b","GJ 508.2",4.8500000000,5300.00000000000,0.270000,587.98255295,,0.540000,0.530000,3720.00
"HD 143811 AB b","HD 143811 A",63.0000000000,117000.00000000000,0.190000,1938.75328270,15.69257298,1.320000,1.683980,6791.00
"AF Lep b","AF Lep",8.9960000000,8905.00000000000,0.015000,1147.36054927,13.00000000,1.218000,1.250000,6140.00
"BEBOP-4 AB b","BEBOP-4 A",3.6340000000,1823.50000000000,0.428000,8358.88710410,,1.507000,2.756450,5701.43
"2MASS J22501512+2325342 b","2MASS J22501512+2325342",518.0000000000,,,9534.85221000,11.90000000,0.433173,0.437589,3352.00
"WASP-4 b","WASP-4",0.0226100000,1.33823099400,0.005300,381.39408840,15.12091496,0.899000,0.912000,5436.00
"Kepler-391 b","Kepler-391",0.0830000000,7.41750000000,0.460000,1100.00000000,2.50000000,1.270000,2.879000,5038.00
"Kepler-391 c","Kepler-391",0.1640000000,20.50100000000,0.270000,450.00000000,2.88000000,1.270000,2.879000,5038.00
"TOI-756 c","TOI-756",0.4390000000,149.40000000000,0.445000,1287.20504835,13.00000000,0.505000,0.505000,3657.00
"51 Eri b","51 Eri",10.4000000000,9100.00000000000,0.570000,3464.32963630,,1.750000,1.450000,7422.00
"KMT-2024-BLG-1209L b","KMT-2024-BLG-1209L",2.5100000000,,,839.06699448,13.20000000,0.770000,,
"HD 135344 A b","HD 135344 A",16.5000000000,,0.500000,3178.28407000,16.25302201,2.320000,1.500000,9540.00
"OGLE-2016-BLG-1266L b","OGLE-2016-BLG-1266L",0.4300000000,,,3813.94088400,12.40000000,0.015000,,
"BD+37 3172 b","BD+37 3172",4.6500000000,1887.76000000000,0.590000,3368.98111420,12.40000000,3.750000,50.240000,4500.00
"TOI-5261 b","TOI-5261",0.0513400000,4.15097680000,0.158500,3651.84839643,11.60129502,1.037000,1.021000,5790.00
"TOI-4773 b","TOI-4773",0.0321600000,1.74528510000,0.024000,1687.66884117,15.22179579,1.452000,1.550000,6740.00
"TOI-6420 b","TOI-6420",0.0753000000,6.96150800000,0.078000,2606.19293740,11.93756445,1.165000,1.312000,6020.00
"TOI-5350 b","TOI-5350",0.0796000000,7.58136700000,0.016500,2094.48920213,12.41955062,1.167000,1.263000,6220.00
"HD 17156 b","HD 17156",0.1632000000,21.21642940000,0.677200,1036.12060682,12.26262489,1.285000,1.517000,6046.00
"KMT-2024-BLG-0404L b","KMT-2024-BLG-0404L",0.8500000000,,,8657.64580668,11.90000000,0.090000,,
"GJ 317 b","GJ 317",1.1380000000,695.69000000000,0.082600,794.50000000,13.30000000,0.402000,0.403000,3496.00
"TOI-6303 b","TOI-6303",0.0761000000,9.48523600000,0.020000,2493.00000000,11.59000000,0.644000,0.609000,3977.00
"WASP-120 b","WASP-120",0.0514000000,3.61126721000,0.057000,1541.47550000,15.58048317,1.393000,1.684430,6450.00
"WASP-140 b","WASP-140",0.0323000000,2.23598448000,0.047000,775.50520000,14.23540549,0.900000,0.870000,5300.00
"HD 176986 b","HD 176986",0.0629560000,6.49164000000,0.066000,1487.75477317,,0.789000,0.782000,4931.00
"KOINTREAU-3 b","ISO-Oph 96",342.0000000000,,,1080.61658380,13.10000000,0.410000,0.730795,3920.00
"PDS 70 b","PDS 70",20.8000000000,43500.00000000000,0.170000,1017.05090240,21.96960217,0.982000,1.260000,4109.00
"PDS 70 c","PDS 70",34.3000000000,,0.037000,2383.71305250,22.19378179,0.982000,1.260000,4109.00
"V2376 Ori b","V2376 Ori",71.0000000000,,,6356.56814000,87.20586985,0.450000,,
"HD 181433 b","HD 181433",0.0828000000,9.37450000000,0.396000,1708.64551603,,0.860000,0.790000,4918.00
"HD 181433 d","HD 181433",6.7400000000,6896.10000000000,0.444000,858.13669890,13.20000000,0.860000,0.790000,4918.00
"HD 181433 c","HD 181433",1.8850000000,1018.50000000000,0.240200,2207.00045821,,0.860000,0.790000,4918.00
"HD 202206 b","HD 202206",0.8100000000,256.26000000000,0.426000,6849.20217085,12.10000000,1.060000,1.040000,5764.23
"TOI-5422 b","TOI-5422",0.0619000000,5.37721900000,0.094000,8899.19539600,9.10169233,1.066000,1.474000,5820.00
"HD 28185 b","HD 28185",1.0340000000,385.92000000000,0.063000,1859.29618095,12.80000000,0.974000,1.048000,5602.00
"XO-3 b","XO-3",0.0481500000,3.19152309000,0.279100,4217.58296089,14.79585452,1.449000,1.523000,6970.00
"HD 72659 c","HD 72659",21.5000000000,35500.00000000000,0.114000,6165.87109580,12.10000000,1.033000,1.360000,5929.00
"KMT-2020-BLG-0202L b","KMT-2020-BLG-0202L",4.1700000000,,,3902.93283796,12.40000000,0.810000,,
"KMT-2022-BLG-1551L b","KMT-2022-BLG-1551L",2.2900000000,,,940.77208472,13.20000000,0.540000,,
"KMT-2022-BLG-1818L b","KMT-2022-BLG-1818L",2.6000000000,,,1271.31362800,13.00000000,0.790000,,
"KMT-2025-BLG-0121L b","KMT-2025-BLG-0121L",3.0500000000,,,2469.52672239,12.60000000,0.610000,,
"KMT-2024-BLG-2087L b","KMT-2024-BLG-2087L",3.0300000000,,,1395.26670673,12.90000000,0.480000,,
"HD 100508 b","HD 100508",6.1100000000,5681.00000000000,0.420000,381.39408840,13.70000000,0.940000,1.017900,5419.00
"HD 154345 b","HD 154345",4.1580000000,3280.00000000000,0.058000,376.94449070,13.70000000,0.890000,0.850000,5468.00
"HD 217107 b","HD 217107",0.0735900000,7.12701660000,0.128400,459.57987652,13.60000000,1.045000,1.224500,5622.00
"HD 164604 b","HD 164604",1.3620000000,653.90000000000,0.479000,4195.33497240,12.30000000,0.770000,0.780000,4663.00
"HD 164604 c","HD 164604",5.5560000000,5387.00000000000,0.196000,3019.36986650,12.50000000,0.770000,0.780000,4663.00
"HIP 54515 b","HIP 54515",24.8000000000,33000.00000000000,0.420000,5625.56280390,12.20000000,1.900000,1.649150,8100.00
"TOI-1518 b","TOI-1518",0.0371200000,1.90261131000,0.010000,581.62598481,21.05046575,1.880000,1.942000,7299.00
"TOI-2145 b","TOI-2145",0.1117000000,10.26112800000,0.214000,1805.26535176,12.24020692,1.710000,2.750000,6206.00
"CWISEP J193518.59-154620.3 b","CWISEP J193518.59-154620.3",2.4800000000,,,4926.34030850,12.20000000,0.024000,,
"HD 202772 A b","HD 202772 A",0.0520800000,3.30887750000,0.030000,323.54931833,18.23701160,1.721000,2.554000,6442.00
"TOI-4127 b","TOI-4127",0.3030000000,56.39870000000,0.748400,743.71847238,12.07000000,1.230000,1.293000,6096.00
"TIC 87422071 b","TIC 87422071",0.1060000000,11.36492900000,0.124000,409.99864503,10.86150230,1.239000,1.489000,6150.00
"TIC 147027702 b","TIC 147027702",0.2740000000,44.40523000000,0.127000,346.43296363,10.92875618,1.406000,2.136000,6410.00
"HD 5388 b","HD 5388",1.7570000000,772.50000000000,0.410000,1017.05090240,13.10000000,1.210000,1.910000,6297.00
"HD 16760 b","HD 16760",1.1560000000,466.08000000000,0.079000,6833.31075050,12.10000000,0.930000,0.835000,5518.00
"TOI-3457 b","TOI-3457",0.2001000000,32.60026800000,0.590000,797.74930157,10.64000000,1.040000,1.474000,6300.00
"TOI-6884 b","TOI-6884",0.0629000000,4.80826400000,0.067000,8365.24367224,10.39072511,1.410000,1.840000,6330.00
"eps Eri b","eps Eri",3.5300000000,2680.00000000000,0.060000,317.82840700,13.80000000,0.820000,0.759106,5020.38
"HD 190360 b","HD 190360",3.9650000000,2887.50000000000,0.334200,537.00000000,13.50000000,0.996000,1.140000,5560.00
"HD 126105 b","HD 126105",1.3600000000,524.00000000000,0.103000,530.77343969,13.50000000,1.200000,4.210000,4875.00
"TIC 52059926 b","TIC 52059926",0.5530000000,175.53200000000,0.510000,5380.00000000,10.71000000,0.730000,0.720000,4505.00
"TOI-2049 b","TOI-2049",0.0691900000,5.30346800000,0.054000,486.27746271,16.64533634,1.570000,3.200000,6164.00
"TOI-4458 b","TOI-4458",0.0522000000,3.93937920000,0.030000,552.06794296,12.40834163,1.470000,1.960000,6151.00
"TOI-159 b","TOI-159",0.0560000000,3.76283960000,0.240000,1110.00000000,18.18000000,1.661000,1.620000,7287.00
"COCONUTS-2 b","COCONUTS-2 A",7506.0000000000,402000000.00000000000,,2383.71305250,12.57647635,0.400000,0.366000,3552.00
"HD 30177 c","HD 30177",9.9000000000,11320.00000000000,0.210000,1484.25866069,12.90000000,0.980000,1.019000,5680.00
"HIP 8923 b","HIP 8923",5.9000000000,5160.00000000000,0.011000,3171.92750186,12.50000000,1.010000,1.321640,5980.00
"TOI-201 c","TOI-201",4.3700000000,2890.00000000000,0.651000,4990.00000000,10.40000000,1.320000,1.310000,6423.00
"KMT-2023-BLG-0332L b","KMT-2023-BLG-0332L",3.2000000000,,,6992.22495400,12.00000000,0.540000,,
"XO-2 S d","XO-2 S",5.4600000000,4696.00000000000,0.091000,1179.14338997,13.00000000,0.980000,1.020000,5325.00
"bet Pic b","bet Pic",10.0700000000,8682.00000000000,0.105000,2765.10714090,18.49485000,1.789000,1.544160,8038.68
"bet Pic c","bet Pic",2.7000000000,1202.00000000000,0.307000,2765.10714090,12.50000000,1.789000,1.544160,8038.68
"bet Pic d","bet Pic",26.0000000000,33200.00000000000,0.440000,762.78817680,14.12331568,1.789000,1.544160,8038.68
"HD 141937 b","HD 141937",1.5400000000,662.37000000000,0.460000,3591.46099910,12.40000000,1.090000,1.030000,5870.00
"HD 6718 b","HD 6718",3.5300000000,2476.00000000000,0.060000,762.78817680,13.30000000,0.960000,1.020000,5746.00
"14 Her b","14 Her",2.8390000000,1766.41000000000,0.368300,2828.67282230,12.50000000,0.970000,0.930000,5338.00
"16 Cyg B b","16 Cyg B",1.6600000000,798.50000000000,0.680000,565.73740000,13.50000000,1.080000,1.130000,5750.00
"1RXS J160929.1-210524 b","1RXS J160929.1-210524",330.0000000000,,,3000.00000000,18.64700000,0.850000,1.313160,4060.00
"2MASS J12073346-3932539 b","2MASS J12073346-3932539",46.0000000000,,,1652.70771640,15.69257298,0.188001,0.218870,2825.00
"eps Tau b","eps Tau",1.8780000000,585.82000000000,0.076000,2285.18624633,12.70000000,2.570000,12.350000,4877.00
"gam1 Leo b","gam1 Leo",1.1900000000,428.50000000000,0.144000,2790.43000000,12.50000000,1.230000,31.880000,4330.00
"81 Cet b","81 Cet",2.1040000000,1005.57000000000,0.037000,1051.05854195,13.10000000,1.230000,11.210000,4734.00
"BD+14 4559 b","BD+14 4559",0.7800000000,268.94000000000,0.290000,330.54320000,13.80000000,0.490000,0.860000,4864.00
"CoRoT-19 b","CoRoT-19",0.0518000000,3.89713000000,0.047000,352.78000000,14.46000000,1.210000,1.650000,6090.00
"HD 114386 b","HD 114386",1.7300000000,937.70001000000,0.230000,464.02947422,13.60000000,0.600000,0.760000,4836.00
"HD 136418 b","HD 136418",1.2900000000,464.29999000000,0.250000,680.15620000,13.30000000,1.480000,3.780000,4989.00
"GJ 676 A b","GJ 676 A",1.7350000000,1051.44521000000,0.319000,1840.86213334,12.80000000,0.626000,0.690000,3734.00
"HAT-P-31 b","HAT-P-31",0.0610000000,5.00542000000,0.250000,721.47410000,12.21781000,1.310000,1.390000,6065.00
"HD 11506 b","HD 11506",2.8850000000,1617.70000000000,0.379000,1551.00262616,12.90000000,1.220000,1.240000,6123.00
"HAT-P-35 b","HAT-P-35",0.0497800000,3.64670600000,0.020000,335.62848000,14.93038800,1.236000,1.435000,6096.00
"HD 116029 b","HD 116029",1.6500000000,670.00000000000,0.000000,444.96200000,13.60000000,0.830000,4.890000,4819.00
"HD 142245 b","HD 142245",2.7800000000,1299.00000000000,0.000000,975.73810000,13.10000000,3.500000,4.630000,4922.00
"GJ 876 b","GJ 876",0.2083170000,61.11660000000,0.032400,723.22350000,13.30000000,0.320000,0.300000,3293.74
"HD 118203 b","HD 118203",0.0713000000,6.13497790000,0.313600,680.15279098,12.77823800,1.270000,2.040000,5742.00
"HD 142 b","HD 142",1.0390000000,351.43394000000,0.158000,2256.58168970,12.70000000,1.210000,1.470000,6245.00
"HD 125595 b","HD 125595",0.0800000000,9.67370000000,0.000000,3531.07360177,,0.290000,0.740000,4691.00
"GQ Lup b","GQ Lup",100.0000000000,,,6356.00000000,33.60000000,0.700000,1.941530,4360.00
"HD 100655 b","HD 100655",0.6800000000,157.57001000000,0.090000,511.70630000,13.50000000,2.280000,10.060000,4891.00
"HD 10180 g","HD 10180",1.4270000000,604.67000000000,0.263000,3375.33768234,,1.060000,1.109000,5911.00
"HD 12661 b","HD 12661",0.8400000000,262.70862000000,0.380000,772.32690000,13.30000000,1.200000,1.200000,5645.00
"HAT-P-15 b","HAT-P-15",0.0965000000,10.86350000000,0.190000,616.59020000,11.88154000,1.000000,1.070000,5568.00
"HAT-P-16 b","HAT-P-16",0.0413000000,2.77596727000,0.046200,1341.56043000,14.68376472,1.218000,1.158000,6140.00
"HD 104985 b","HD 104985",0.7150000000,199.68000000000,0.047000,1766.80811451,12.80000000,1.220000,11.120000,4738.00
"HD 13189 b","HD 13189",1.2500000000,471.60001000000,0.270000,3480.23850000,12.40000000,2.240000,38.410000,4175.00
"HD 106252 b","HD 106252",2.6550000000,1535.00000000000,0.480000,3178.28407000,12.50000000,1.050000,1.050000,5874.00
"HD 132406 b","HD 132406",1.9800000000,908.00000000000,0.250000,1887.90073758,12.80000000,0.973000,1.340000,5766.00
"HD 108874 c","HD 108874",2.6590000000,1624.00000000000,0.239000,314.64000000,13.80000000,0.950000,1.050000,5551.00
"HAT-P-21 b","HAT-P-21",0.0503700000,4.12448000000,0.230000,1547.83210000,12.44199000,1.240000,1.210000,5588.00
"HD 215152 b","HD 215152",0.0576380000,5.75999000000,0.000000,565.41673605,,0.770000,0.730000,4935.00
"HD 159868 b","HD 159868",2.3200000000,1184.10000000000,0.024000,704.94694000,13.30000000,1.190000,2.130000,5534.00
"HD 216437 b","HD 216437",2.5700000000,1359.00000000000,0.310000,1334.87930940,13.00000000,1.220000,1.394000,5909.00
"HD 187123 c","HD 187123",4.8900000000,3810.00000000000,0.252000,912.16752809,13.20000000,1.040000,1.150430,5790.00
"HD 18742 b","HD 18742",1.8200000000,766.00000000000,0.040000,1080.62200000,13.10000000,1.360000,5.130000,4940.00
"HD 162020 b","HD 162020",0.0800000000,8.42820000000,0.280000,3127.44720000,12.50000000,0.420000,0.750000,4723.00
"HD 190647 b","HD 190647",2.2310000000,1176.45000000000,0.224000,630.89255000,13.40000000,1.069000,1.376000,5656.00
"HD 190984 b","HD 190984",5.5000000000,4885.00000000000,0.570000,1137.82569706,13.00000000,0.910000,1.530000,5988.00
"HD 217786 b","HD 217786",2.4460000000,1301.36009000000,0.311000,4402.55909376,12.30000000,1.140000,1.270000,5966.00
"HD 217107 c","HD 217107",5.9220000000,5138.70000000000,0.391800,1388.91013859,12.90000000,1.045000,1.224500,5622.00
"HD 41004 B b","HD 41004 B",,1.32830000000,0.081000,5838.29000000,12.10000000,0.400000,1.041370,5036.00
"HD 163607 c","HD 163607",2.3900000000,1272.00000000000,0.080000,699.54383000,13.30000000,1.120000,1.760000,5522.00
"HD 4313 b","HD 4313",1.1570000000,356.21000000000,0.147000,612.45841000,13.40000000,1.630000,5.140000,4943.00
"HD 17092 b","HD 17092",1.3100000000,359.89999000000,0.170000,3219.61790000,12.50000000,6.730000,13.580000,4326.00
"HD 28254 b","HD 28254",2.4500000000,1333.00000000000,0.950000,1207.74794660,13.00000000,1.100000,1.480000,5664.00
"HD 148427 b","HD 148427",1.1100000000,331.90000000000,0.120000,381.39408840,13.70000000,1.640000,3.860000,5025.00
"HD 171028 b","HD 171028",1.3200000000,550.00000000000,0.590000,832.71460000,13.20000000,1.530000,2.470000,5671.00
"HD 30177 b","HD 30177",3.4900000000,2539.00000000000,0.186000,2622.08435775,12.60000000,0.980000,1.019000,5680.00
"HD 290327 b","HD 290327",3.4300000000,2443.00000000000,0.080000,772.32690000,13.30000000,0.840000,0.950000,5505.00
"HD 152581 b","HD 152581",1.6600000000,686.50000000000,0.040000,594.02427000,13.40000000,1.300000,5.140000,5027.00
"HD 177830 b","HD 177830",1.1400000000,410.10001000000,0.100000,537.13270000,13.50000000,1.700000,3.260000,4901.00
"HD 178911 B b","HD 178911 B",0.3400000000,71.48400000000,0.110000,2552.17490000,12.60000000,1.240000,1.080000,5588.00
"HD 155358 b","HD 155358",0.6300000000,194.30000000000,0.170000,314.65170000,13.80000000,1.150000,1.380000,5905.00
"HD 154857 b","HD 154857",1.2900000000,408.60001000000,0.460000,778.68350000,13.30000000,1.960000,2.300000,5589.00
"HD 210702 b","HD 210702",1.0790000000,355.50000000000,0.071000,481.51003660,13.60000000,1.330000,4.540000,4912.00
"HD 183263 b","HD 183263",1.4600000000,624.87404000000,0.383000,1103.18240070,13.10000000,1.060000,1.230000,5948.00
"HD 89307 b","HD 89307",3.2700000000,2166.00000000000,0.200000,642.01338214,13.40000000,1.270000,1.100000,5955.00
"rho CrB b","rho CrB",0.2245000000,39.84900000000,0.046000,347.99500000,13.70000000,1.000000,1.361700,5817.00
"HD 66428 b","HD 66428",3.3950000000,2269.81726000000,0.471000,3478.94974302,12.40000000,1.010000,1.130000,5716.00
"TrES-3 b","TrES-3",0.0228200000,1.30618581000,0.000000,607.03000000,14.97500000,0.928000,0.829000,5650.00
"WASP-50 b","WASP-50",0.0293000000,1.95510000000,0.009000,466.82870400,13.06969400,0.892000,0.843000,5400.00
"HD 96127 b","HD 96127",1.4100000000,638.90000000000,0.300000,1207.74794660,13.00000000,0.910000,35.000000,3943.00
"HD 70573 b","HD 70573",1.7600000000,851.80000000000,0.400000,1900.00000000,12.80000000,1.000000,0.976919,5737.00
"V0391 Peg b","V0391 Peg",1.7000000000,1170.00000000000,0.000000,1017.05600000,13.10000000,0.500000,0.230000,29300.00
"WASP-8 b","WASP-8",0.0801000000,8.15872000000,0.310000,807.28820000,12.66617000,1.340000,1.030000,5600.00
"WASP-10 b","WASP-10",0.0378100000,3.09276160000,0.047300,1001.12000000,12.10600000,0.750000,0.698000,4675.00
"HD 74156 b","HD 74156",0.2800000000,51.63564000000,0.636000,532.36258173,13.50000000,1.100000,1.510576,6068.00
"HD 99706 b","HD 99706",1.9800000000,841.00000000000,0.250000,390.93090000,13.70000000,1.460000,5.520000,4862.00
"WASP-16 b","WASP-16",0.0415000000,3.11860000000,0.000000,394.10920000,13.67498000,1.780000,1.140000,5700.00
"HD 75898 b","HD 75898",1.2025000000,422.82000000000,0.105000,810.46243785,13.20000000,1.295000,1.550000,6122.00
"HD 7924 b","HD 7924",0.0600000000,5.39792000000,0.060000,2058.25676373,,0.650000,0.780000,5131.00
"HD 79498 b","HD 79498",2.9800000000,1807.00000000000,0.575000,425.89220000,13.60000000,1.080000,1.050000,5748.00
"HD 48265 b","HD 48265",1.8140000000,778.51000000000,0.211000,2351.93021180,12.60000000,1.312000,1.901000,5733.00
"HD 52265 b","HD 52265",0.5200000000,119.27000000000,0.270000,384.57430000,13.70000000,1.204000,1.320000,6136.00
"HR 8799 e","HR 8799",16.4000000000,20815.60000000000,0.150000,3178.30000000,13.11453000,1.510000,1.493380,7400.00
"HD 5891 b","HD 5891",0.6400000000,177.11000000000,0.070000,2425.04290000,12.60000000,1.930000,10.640000,4673.00
"xi Aql b","xi Aql",0.6250000000,136.97000000000,0.059000,616.90493799,13.40000000,1.740000,10.860000,4841.00
"TOI-1408 b","TOI-1408",0.0577800000,4.42587000000,0.002300,593.00000000,25.00000000,1.312000,1.530000,6117.00
"HD 219415 b","HD 219415",3.2000000000,2093.30000000000,0.400000,317.83000000,13.80000000,1.000000,2.900000,4820.00
"WD 0806-661 b","WD 0806-661",2500.0000000000,,,2224.79884900,12.10569916,0.605000,,10393.00
"WASP-99 b","WASP-99",0.0717000000,5.75251000000,0.000000,772.32690000,11.43318000,1.210000,1.640000,6150.00
"HD 32963 b","HD 32963",3.4100000000,2372.00000000000,0.070000,657.90480249,13.40000000,0.940000,1.111044,5727.00
"HD 169830 b","HD 169830",0.7650000000,225.67372000000,0.294000,804.42369812,13.20000000,1.170000,1.935709,6300.00
"HD 192699 b","HD 192699",1.0630000000,340.94000000000,0.082000,666.17168000,13.40000000,1.380000,4.410000,5041.00
"Pr0211 b","Pr0211",0.0317600000,2.14610000000,0.011000,597.52040000,13.40000000,0.935000,0.827000,5300.00
"HATS-3 b","HATS-3",0.0485000000,3.54785100000,0.000000,340.38200000,15.48000000,1.209000,1.404000,6351.00
"HD 33844 c","HD 33844",2.2400000000,916.00000000000,0.130000,556.20250000,13.50000000,1.780000,5.290000,4861.00
"gam Lib c","gam Lib",2.3180000000,966.49000000000,0.065000,1662.56039702,12.80000000,1.780000,12.380000,4879.00
"HD 195019 b","HD 195019",0.1400000000,18.20132000000,0.010000,1264.96340000,13.00000000,1.210000,1.480000,5751.00
"HAT-P-41 b","HAT-P-41",0.0425800000,2.69405000000,0.000000,378.21770000,22.97845000,2.560000,2.050000,6390.00
"HD 5608 b","HD 5608",1.7900000000,768.70000000000,0.110000,371.22357938,13.70000000,1.290000,5.430000,4807.00
"HD 108341 b","HD 108341",2.0000000000,1129.00000000000,0.850000,715.11391575,13.30000000,0.843000,0.790000,5122.00
"KELT-12 b","KELT-12",0.0670800000,5.03162300000,0.000000,301.93850000,19.95202000,1.591000,2.370000,6279.00
"KELT-19 A b","KELT-19 A",0.0637000000,4.61170930000,,1293.56810000,21.40919000,1.620000,1.830000,7500.00
"KOI-1257 b","KOI-1257",0.3820000000,86.64766100000,0.772000,460.83000000,10.54000000,0.990000,1.130000,5520.00
"HD 216435 b","HD 216435",2.5600000000,1311.00000000000,0.070000,400.40000000,13.70000000,1.300000,1.800029,5999.00
"HD 23079 b","HD 23079",1.6000000000,735.74000000000,0.073480,845.42356262,13.20000000,1.160000,1.080000,5994.00
"BD+49 828 b","BD+49 828",4.2000000000,2590.00000000000,0.350000,508.50000000,13.50000000,1.520000,7.600000,4943.00
"WASP-71 b","WASP-71",0.0460000000,2.90367000000,0.000000,441.78370000,13.22662000,0.760000,1.820000,6050.00
"HD 159243 c","HD 159243",0.8000000000,248.40000000000,0.075000,603.90000000,13.40000000,1.125000,1.120000,6123.00
"HIP 91258 b","HIP 91258",0.0600000000,5.05050000000,0.020000,346.43470000,13.70000000,0.970000,0.890000,5519.00
"HIP 109384 b","HIP 109384",1.1340000000,499.48000000000,0.549000,495.81480000,13.50000000,0.780000,0.831075,5180.00
"HD 33564 b","HD 33564",1.1000000000,388.00000000000,0.340000,2892.10000000,12.50000000,1.250000,1.436700,6250.00
"ROXs 12 b","ROXs 12",210.0000000000,,0.830000,5085.00000000,12.20000000,0.870000,1.066270,3850.00
"bet UMi b","bet UMi",1.4000000000,522.30000000000,0.190000,1938.70000000,12.70000000,1.400000,38.300000,4126.00
"HD 216536 b","HD 216536",0.6100000000,148.60001000000,0.380000,333.72150000,13.80000000,0.810000,9.830000,4639.00
"HD 12484 b","HD 12484",0.2970000000,58.83000000000,0.070000,947.13340000,13.20000000,1.010000,1.001848,5920.00
"HD 86081 b","HD 86081",0.0346000000,2.13784310000,0.011900,470.38840000,13.60000000,1.210000,1.460000,5939.00
"HIP 65426 b","HIP 65426",92.0000000000,,,2860.47000000,16.81350000,1.960000,1.770000,8840.00
"FU Tau b","FU Tau",800.0000000000,,,5085.28000000,12.20000000,0.050000,,2838.00
"HIP 8541 b","HIP 8541",3.7290000000,1852.14387000000,0.360000,2451.72833160,12.60000000,2.009000,6.840000,4672.00
"K2-113 b","K2-113",0.0642000000,5.81768500000,0.000000,410.00070000,12.14000000,1.040000,1.240000,5660.00
"HD 13167 b","HD 13167",4.1000000000,2613.00000000000,0.563000,1052.01730000,13.10000000,1.350000,2.390000,5671.00
"KELT-3 b","KELT-3",0.0412300000,2.70339000000,0.000000,616.59020000,17.48604000,1.960000,1.700000,6304.00
"Kepler-97 c","Kepler-97",,789.00000000000,,344.00000000,,0.940000,0.980000,5779.00
"KELT-14 b","KELT-14",0.0300500000,1.71005660000,0.000000,408.09372000,19.53728700,1.239000,1.520000,5720.00
"HD 220689 b","HD 220689",3.3960000000,2266.40000000000,0.054000,381.39408840,13.70000000,1.016000,1.068000,5921.00
"WASP-104 b","WASP-104",0.0291800000,1.75541370000,0.000000,404.26300000,12.74500000,1.076000,0.963000,5475.00
"HAT-P-53 b","HAT-P-53",0.0315900000,1.96162410000,0.134000,471.65972000,14.77346200,1.093000,1.209000,5956.00
"HD 111591 b","HD 111591",2.5000000000,1056.40000000000,0.260000,1398.45200000,12.90000000,1.940000,8.030000,4884.00
"HD 180053 b","HD 180053",0.8430000000,213.72000000000,0.081000,697.31902000,13.30000000,1.750000,4.060000,5131.00
"DENIS-P J082303.1-491201 b","DENIS-P J082303.1-491201",0.3600000000,246.36000000000,0.345000,9057.77000000,11.90000000,0.075000,,
"HD 14067 b","HD 14067",5.1500000000,2744.00000000000,0.650000,4862.77462710,12.20000000,2.400000,12.400000,4815.00
"HD 75784 c","HD 75784",8.4000000000,7900.00000000000,0.489000,1792.56120000,12.80000000,1.260000,3.400000,4867.00
"WASP-135 b","WASP-135",0.0243000000,1.40137940000,0.000000,603.87700000,14.57170000,0.980000,0.960000,5675.00
"GJ 504 b","GJ 504",43.5000000000,,,1271.30000000,12.10569916,1.220000,1.260000,6234.00
"WASP-68 b","WASP-68",0.0620600000,5.08430000000,0.000000,343.25640000,14.79588000,1.490000,1.790000,5910.00
"psi1 Dra B b","psi1 Dra B",4.4300000000,3117.00000000000,0.400000,486.27990000,13.50000000,1.190000,1.255735,6212.00
"WASP-78 b","WASP-78",0.0348800000,2.17518000000,0.000000,352.79130000,21.63337000,1.870000,2.460000,6100.00
"HD 66141 b","HD 66141",1.2000000000,480.50000000000,0.070000,1906.90000000,12.80000000,1.100000,21.400000,4323.00
"HD 203030 b","HD 203030",487.1000000000,,,3496.11247700,14.45958510,0.940000,0.856458,5603.00
"HATS-42 b","HATS-42",0.0368900000,2.29210200000,0.229000,597.52040000,15.69260000,1.273000,1.480000,6060.00
"HD 83443 c","HD 83443",8.0000000000,8241.00000000000,0.760000,476.74261050,13.60000000,1.000000,0.940000,5442.00
"CHXR 73 b","CHXR 73",210.0000000000,,,3994.48600000,12.30000000,0.350000,,3099.00
"HIP 55507 b","HIP 55507",5.0620000000,5138.43727000000,0.362000,2585.53409095,12.60000000,0.650000,0.723643,4171.00
"NGC 2682 Sand 1429 b","NGC 2682 Sand 1429",0.3840000000,77.48000000000,0.000000,572.09113260,13.40000000,1.260000,2.130000,6000.00
"HD 155918 c","HD 155918",13.1830000000,17202.19446000000,0.071000,1878.04805696,12.80000000,1.030000,1.019060,5771.84
"HD 16905 b","HD 16905",8.8000000000,10256.00000000000,0.680000,3591.46099910,12.40000000,0.850000,0.774940,4866.12
"TOI-4600 c","TOI-4600",1.1520000000,482.81910000000,0.210000,2946.26933289,9.42000000,0.890000,0.810000,5170.00
"Luhman 16 b","Luhman 16 A",3.5200000000,9697.00000000000,0.344000,9344.15516580,11.90000000,0.033800,,
"HD 18143 c","HD 18143",17.5300000000,28982.41764000000,0.194000,3177.64841319,12.50000000,0.850000,0.870000,5078.00
"ZTF J1230-2655 b","ZTF J1230-2655",,0.23597766000,,7024.00779470,13.78704626,0.646000,0.012300,10000.00
"TOI-6330 b","TOI-6330",0.0576300000,6.85002460000,0.340000,3179.00000000,10.89000000,0.531000,0.490000,3539.00
"WISPIT 2 b","WISPIT 2",57.0000000000,,,1541.46777395,17.93436912,1.080000,1.418000,4400.00
"NGTS-38 b","NGTS-38",0.6970000000,180.52797000000,0.308600,1516.04150139,12.11690814,1.460000,1.880000,6310.00
"HD 194490 b","HD 194490",11.1160000000,13092.18348000000,0.251000,3561.90295725,12.40000000,1.060000,1.149110,5861.32
"HD 190228 b","HD 190228",2.4060000000,1143.59858000000,0.559000,1598.67688721,12.90000000,1.415000,2.586580,5360.00
"HD 206893 b","HD 206893",10.7500000000,11100.00000000000,0.069000,6197.65393650,14.01122587,1.310000,1.311160,6500.00
"HD 112570 b","HD 112570",3.9000000000,2615.00000000000,0.200000,1086.97315194,13.10000000,1.150000,9.850000,4750.00
"HD 154391 b","HD 154391",7.4600000000,5163.00000000000,0.200000,2892.23850370,12.50000000,2.070000,8.560000,4909.00
"G 196-3 b","G 196-3",350.0000000000,,,8263.53858200,12.00000000,0.519782,0.522432,3517.00
"NGTS-39 b","NGTS-39",0.3077000000,58.20472000000,0.386000,466.25427307,12.19537100,1.160000,1.160000,6053.00
"HD 169142 b","HD 169142",37.2000000000,,,953.48522100,13.10000000,1.850000,1.537020,7246.00
"TOI-6383 A b","TOI-6383 A",0.0229200000,1.79058695000,0.050000,331.00000000,11.29000000,0.458000,0.457000,3444.00
"UCAC3 113-933 b","UCAC3 113-933",6100.0000000000,,,6674.39654700,12.10000000,0.610000,0.564484,3864.00
"HD 105618 c","HD 105618",35.7310000000,77114.07158000000,0.126000,8419.59232984,11.90000000,1.010000,1.273990,5671.00
"HD 11112 b","HD 11112",13.3800000000,17244.90764000000,0.285000,2598.56505563,12.60000000,1.070000,1.473680,5905.64
"TIC 393818343 b","TIC 393818343",0.1291000000,16.24921000000,0.605800,1379.37528638,12.18416202,1.082000,1.086000,5756.00
"HD 284149 AB b","HD 284149 A",431.1600000000,,,8352.53053596,12.00000000,1.130000,1.360000,6035.00
"WASP-132 d","WASP-132",2.7100000000,1816.60000000000,0.120000,1639.99458012,12.80000000,0.789000,0.758000,4686.00
"HD 113337 c","HD 113337",6.8050000000,5429.93477000000,0.164000,6299.67685515,12.10000000,1.410000,1.500000,6774.00
"Gaia-5 b","Gaia-5",,358.62000000000,0.642300,6633.07885409,12.10000000,0.339000,0.345000,3447.00
"HD 115404 A c","HD 115404 A",11.3640000000,15319.22517000000,0.211000,3279.67133183,12.50000000,0.830000,0.727007,5019.17
"Kepler-139 e","Kepler-139",3.2357963900,2047.63537300000,0.013121,378.00000000,13.70000000,1.078000,1.045000,5622.00
"HD 203387 b","HD 203387",1.7710000000,512.53520000000,0.732000,1106.04285636,13.10000000,2.817000,10.585200,5174.32
"TOI-6016 b","TOI-6016",0.0550000000,4.02368700000,0.000000,371.85923619,13.67495645,1.310000,1.510000,6110.00
"HIP 99770 b","HIP 99770",15.8000000000,18600.00000000000,0.310000,5403.08291900,12.20000000,1.900000,1.939860,8000.00
"GJ 2126 b","GJ 2126",0.7100000000,272.70000000000,0.850000,413.17692910,13.60000000,0.650000,0.728000,4159.00
"TOI-5616 b","TOI-5616",0.0272000000,2.00284900000,0.000000,624.00000000,10.78000000,0.666000,0.646000,3996.00
"Gaia23braL b","Gaia23braL",4.8470000000,,,518.06030341,13.50000000,0.774000,1.361810,5055.00
"HD 68475 b","HD 68475",7.2700000000,7832.00000000000,0.620000,1639.99458012,12.80000000,0.830000,0.790990,5022.00
"HD 48265 c","HD 48265",10.4000000000,10418.00000000000,0.410000,1414.33641115,12.90000000,1.380000,2.050000,5805.00
"nu Oct A b","nu Oct A",1.2400000000,402.40000000000,0.195000,696.04421133,13.30000000,1.570000,5.040000,4910.00
"HIP 10090 b","HIP 10090",3.8700000000,2960.00000000000,0.115000,1229.99593509,13.00000000,0.940000,1.382680,5661.00
"KELT-6 c","KELT-6",2.3900000000,1276.00000000000,0.210000,1179.14930000,13.00000000,1.126000,1.529000,6272.00
"Kepler-58 e","Kepler-58",0.0533000000,4.45814897000,0.000000,597.79600000,1.61000000,1.017000,1.083000,6100.00
"HD 11755 b","HD 11755",1.0900000000,433.70001000000,0.190000,1789.38290000,12.80000000,0.720000,20.580000,4312.00
"8 UMi b","8 UMi",0.4620000000,93.31000000000,0.062000,524.41687155,13.50000000,1.510000,10.730000,4847.00
"HAT-P-57 b","HAT-P-57",0.0406000000,2.46530000000,0.000000,448.14030000,19.50366000,2.770000,1.850000,6330.00
"Kepler-245 e","Kepler-245",0.0405300000,3.21982105600,0.000000,1806.36000000,1.75000000,0.860000,0.800000,5174.00
"Kepler-324 b","Kepler-324",0.0500000000,4.38531500000,0.000000,2414.40000000,1.14000000,0.901000,0.840000,5194.00
"Kepler-88 d","KOI-142",2.4663298660,1403.00000000000,0.410000,965.14699656,13.10000000,0.990000,0.897000,5466.00
"HATS-77 b","HATS-77",0.0360700000,3.08762620000,0.045000,436.69623122,13.05846252,0.655000,0.642800,4071.00
"Kepler-43 b","Kepler-43",0.0460000000,3.02409490000,0.017000,1026.59090000,13.66377100,1.320000,1.420000,6041.00
"BD+60 1417 b","BD+60 1417",1662.0000000000,,,4767.42610500,14.68376472,1.000000,0.797000,4993.00
"WASP-87 b","WASP-87",0.0294600000,1.68279500000,0.000000,692.86940000,15.52446500,1.204000,1.627000,6450.00
"TOI-163 b","TOI-163",0.0580000000,4.23130600000,0.000000,387.75260000,16.69020100,1.435200,1.648000,6495.00
"HD 233832 b","HD 233832",2.8270000000,2058.00000000000,0.359000,565.73740000,13.50000000,0.710000,0.680000,4981.00
"2MASS J01033563-5515561 AB b","2MASS J01033563-5515561 A",84.0000000000,,,4131.79000000,12.30000000,0.190000,,
"USco1621 b","USco1621 A",2880.0000000000,,,5085.28000000,12.20000000,0.360000,0.710071,3460.00
"TOI-1181 b","TOI-1181",0.0364000000,2.10318900000,0.011000,374.71969185,17.02644168,1.467000,1.961000,6054.00
"TOI-1516 b","TOI-1516",,2.05601400000,,1004.33776612,15.24421375,1.140000,1.140000,6520.00
"HATS-57 b","HATS-57",0.0349300000,2.35062100000,0.028000,1000.21101000,12.76705100,1.026000,0.960000,5587.00
"TOI-1937 A b","TOI-1937 A",0.0193200000,0.94667944000,0.000000,638.83509807,13.97759893,1.072000,1.080000,5814.00
"HD 2685 b","HD 2685",0.0568000000,4.12688000000,0.091000,371.86110000,16.14096000,1.430000,1.560000,6801.00
"HD 174205 b","HD 174205",1.7000000000,582.00000000000,0.400000,1334.87930940,13.00000000,1.800000,26.600000,4308.00
"KMT-2016-BLG-1397L b","KMT-2016-BLG-1397L",5.1000000000,,,2200.00000000,12.70000000,0.450000,,
"KMT-2023-BLG-0548L b","KMT-2023-BLG-0548L",6.8500000000,,,1086.97315194,13.10000000,0.720000,,
"KMT-2023-BLG-0949L b","KMT-2023-BLG-0949L",2.0300000000,,,1900.61387386,12.80000000,0.480000,,
"Kepler-39 b","Kepler-39",0.1640000000,21.08721000000,0.112000,6388.10000000,13.90000000,1.290000,1.400000,6350.00
"KMT-2023-BLG-1642L b","KMT-2023-BLG-1642L",1.4100000000,,,343.25467956,13.80000000,0.170000,,
"Kepler-1704 b","Kepler-1704",2.0270000000,988.88112000000,0.920000,1322.16617312,11.94877343,1.132000,1.697000,5746.00
"OGLE-2018-BLG-0740L b","OGLE-2018-BLG-0740L",5.0000000000,5480.00000000000,0.000000,1500.00000000,12.90000000,1.000000,,5912.00
"OGLE-2017-BLG-1099L b","OGLE-2017-BLG-1099L",2.7300000000,,,959.84178914,13.10000000,0.450000,,
"KMT-2016-BLG-0212L b","KMT-2016-BLG-0212L",2.2000000000,,,5700.00000000,12.20000000,0.480000,,
"KMT-2019-BLG-1552L b","KMT-2019-BLG-1552L",2.6000000000,,,1287.20504835,13.00000000,0.790000,,
"KMT-2024-BLG-0349L b","KMT-2024-BLG-0349L",6.4600000000,,,3769.44490702,12.40000000,0.680000,,
"KMT-2018-BLG-0247L b","KMT-2018-BLG-0247L",2.4600000000,,,670.61793877,13.40000000,0.290000,,
"OGLE-2016-BLG-0263L b","OGLE-2016-BLG-0263L",5.4000000000,,,1300.00000000,13.00000000,0.130000,,
"KMT-2018-BLG-2602L b","KMT-2018-BLG-2602L",3.8100000000,,,365.50266805,13.70000000,0.660000,,
"MOA-2009-BLG-387L b","MOA-2009-BLG-387L",1.8000000000,1980.00000000000,,830.00000000,13.20000000,0.190000,,
"OGLE-2018-BLG-1647L b","OGLE-2018-BLG-1647L",1.3600000000,,,308.29355479,13.80000000,0.092000,,
"OGLE-2018-BLG-1367L b","OGLE-2018-BLG-1367L",1.2100000000,,,301.93698665,13.80000000,0.280000,,
"MOA-2011-BLG-293L b","MOA-2011-BLG-293L",1.1000000000,3000.00000000000,,1500.00000000,12.90000000,0.860000,,
"KMT-2021-BLG-0119L b","KMT-2021-BLG-0119L",2.9200000000,,,1754.41280664,12.80000000,0.560000,,
"MOA-2008-BLG-379L b","MOA-2008-BLG-379L",2.7000000000,,,1300.00000000,13.00000000,0.560000,,
"MOA-2022-BLG-091L b","MOA-2022-BLG-091L",3.4400000000,,,1141.00398113,13.00000000,0.750000,,
"Kepler-46 b","Kepler-46",0.1968000000,33.60134000000,0.010000,1907.00000000,9.05700000,0.902000,0.938000,5155.00
"KMT-2018-BLG-1976L b","KMT-2018-BLG-1976L",3.5400000000,,,705.57906354,13.30000000,0.650000,,
"OGLE-2013-BLG-1761L b","OGLE-2013-BLG-1761L",1.8000000000,,,860.00000000,13.20000000,0.330000,,
"HD 80883 b","HD 80883",6.4620000000,6383.78352000000,0.203000,1748.05623850,12.80000000,0.880000,0.814842,5177.91
"KOI-3680 b","KOI-3680",0.5340000000,141.24167100000,0.496000,613.41190000,11.09691000,1.010000,0.960000,5830.00
"Kepler-1514 b","Kepler-1514",0.7530000000,217.83184000000,0.401000,1678.14240000,12.41957200,1.196000,1.289000,6145.00
"Kepler-31 d","Kepler-31",0.4000000000,87.64510000000,0.000000,2161.24400000,3.90000000,1.210000,1.220000,6340.00
"KELT-17 b","KELT-17",0.0488100000,3.08017160000,,416.35730000,17.09372500,1.635000,1.645000,7454.00
"IC 4651 9122 b","IC 4651 9122",2.0380000000,734.00000000000,0.180000,2002.32900000,12.70000000,2.100000,10.267424,4740.10
"HD 68988 c","HD 68988",13.2000000000,16000.00000000000,0.450000,4776.96095721,12.20000000,1.171665,1.255733,5883.41
"TAP 26 b","TAP 26",0.0968000000,10.79000000000,,527.59780000,13.50000000,1.040000,1.170000,4620.00
"HD 92788 c","HD 92788",10.5000000000,11611.29750000000,0.460000,1166.43610000,13.00000000,1.150000,1.140000,5744.00
"TOI-3593 b","TOI-3593",0.0481000000,3.82128670000,0.105000,565.73456446,11.02963701,1.015000,0.918000,5550.00
"HD 27631 b","HD 27631",3.2420000000,2198.14000000000,0.141000,495.81231492,13.50000000,0.944000,0.923000,5737.00
"TOI-4551 b","TOI-4551",0.0994000000,9.95581000000,0.101000,473.56432643,11.85910158,1.310000,3.550000,4896.00
"HD 98649 b","HD 98649",5.9700000000,5384.00000000000,0.852000,3082.93554790,12.50000000,0.970000,1.010000,5759.00
"HD 42012 b","HD 42012",1.6700000000,857.50000000000,0.200000,508.52800000,13.50000000,0.830000,0.820000,5405.00
"Kepler-17 b","Kepler-17",0.0259100000,1.48571080000,0.011000,778.65000000,14.68000000,1.040000,1.010340,5781.00
"NN Ser d","NN Ser",3.3900000000,2880.00000000000,0.240000,724.62200000,13.30000000,0.535000,,57000.00
"HD 214823 b","HD 214823",3.0800000000,1854.84424000000,0.161000,5914.78665427,12.10000000,1.115000,2.040000,6215.00
"TOI-4379 b","TOI-4379",,3.25352000000,0.018000,353.74301699,16.69017226,1.372000,1.976000,6020.00
"HIP 90988 b","HIP 90988",1.3600000000,455.73816000000,0.081000,668.07531151,13.40000000,1.613000,3.940000,4883.00
"TOI-558 b","TOI-558",0.1291000000,14.57407100000,0.298000,1147.36054927,12.17295304,1.349000,1.496000,6466.00
"GPX-1 b","GPX-1",0.0338000000,1.74457900000,0.000000,6261.21961790,16.47720163,1.680000,1.560000,7000.00
"TOI-3819 b","TOI-3819",0.0461100000,3.24431410000,0.000000,352.78953177,13.13692538,1.242000,1.538000,5859.00
"HD 224538 b","HD 224538",2.3750000000,1202.05199000000,0.476000,2075.73732612,12.70000000,1.230000,1.540000,6097.00
"CFHTWIR-Oph 98 b","CFHTWIR-Oph 98 A",200.0000000000,8040000.00000000000,,2479.06157460,20.84870410,0.014700,0.245000,2320.00
"TOI-1431 b","TOI-1431",0.0460000000,2.65023700000,0.002200,991.62462984,16.70138124,1.900000,1.920000,7690.00
"TOI-5027 b","TOI-5027",0.0930000000,10.24368000000,0.385000,642.01338214,10.76062147,1.020000,0.920000,5909.00
"HD 7924 c","HD 7924",0.1134000000,15.29900000000,0.098000,1762.67634522,,0.832000,0.782100,5075.00
"WASP-171 b","WASP-171",0.0504000000,3.81862440000,0.000000,344.52772000,10.98482000,1.171000,1.637000,5965.00
"TYC 0434-04538-1 b","TYC 0434-04538-1",0.6600000000,193.20000000000,0.080000,1938.76300000,12.70000000,1.040000,9.990000,4679.00
"HD 27969 b","HD 27969",1.5520000000,654.50000000000,0.182000,1525.57635360,12.90000000,1.160000,1.270000,5966.00
"TOI-4487 A b","TOI-4487 A",0.0544800000,3.95407090000,0.083000,397.28550875,14.60530185,1.378000,1.634000,6206.00
"HD 145675 c","14 Her",20.0000000000,15732.45889000000,0.520000,2510.84441530,12.60000000,0.970000,0.930000,5338.00
"HD 95544 b","HD 95544",3.1660000000,2041.54152000000,0.049000,1913.64483855,12.80000000,1.010000,1.088000,5722.00
"Qatar-7 b","Qatar-7",0.0352000000,2.03204600000,0.000000,597.52040000,19.05530000,1.409000,1.564000,6387.00
"TOI-628 b","TOI-628",0.0486000000,3.40956750000,0.072000,2011.86390000,11.88154000,1.311000,1.345000,6250.00
"HD 115954 b","HD 115954",5.0000000000,3700.00000000000,0.487000,2685.65003915,12.60000000,1.180000,1.213000,5957.00
"TOI-1278 b","TOI-1278",0.0950000000,14.47567000000,0.013000,5879.82552950,12.21778896,0.540000,0.573000,3799.00
"HAT-P-7 b","HAT-P-7",0.0380900000,2.20474000000,0.000000,584.80720000,16.92559000,1.560000,2.000000,6389.00
"KMT-2025-BLG-0026L b","KMT-2025-BLG-0026L",0.9600000000,,,676.97450691,13.30000000,0.440000,,
"KMT-2025-BLG-0030L b","KMT-2025-BLG-0030L",2.3500000000,,,365.50266805,13.70000000,0.600000,,
"KMT-2025-BLG-2272L b","KMT-2025-BLG-2272L",3.8900000000,,,785.03616529,13.30000000,0.630000,,
